Episode,Step,Enthusiasm,TimeOfDay,ScrollVel,Hover,ViewTime,w_Eng,w_Sat,w_Div,w_Fair,Scenario,Action,Reward,Satisfaction,Done
0,0,0.76808244,4.2991967,0.0,0.0,0.0,0.506165,0.27900377,2.3786697,1.8735921,Safety,7,3.586468,0.3859043632313822,False
0,1,0.76808244,4.2991967,5.0,0.5,1.5,0.506165,0.27900377,2.3786697,1.8735921,Safety,57,3.8076022,0.33907819201299333,False
0,2,0.76808244,4.2991967,5.0,0.5,1.5,0.506165,0.27900377,2.3786697,1.8735921,Safety,132,5.5167117,0.3349595387147225,False
0,3,0.76808244,4.2991967,5.0,0.5,0.5,0.506165,0.27900377,2.3786697,1.8735921,Safety,126,4.2686176,0.3126166430772983,False
0,4,0.76808244,4.2991967,5.0,0.5,1.5,0.506165,0.27900377,2.3786697,1.8735921,Safety,40,3.9574146,0.17198462107878087,False
0,5,0.76808244,4.2991967,5.0,0.5,0.5,0.506165,0.27900377,2.3786697,1.8735921,Safety,58,4.6818385,0.11485171124881248,False
0,6,0.76808244,4.2991967,5.0,0.5,1.5,0.506165,0.27900377,2.3786697,1.8735921,Safety,52,4.501336,0.027507339828066316,False
0,7,0.76808244,4.2991967,5.0,0.5,1.5,0.506165,0.27900377,2.3786697,1.8735921,Safety,147,3.9078896,0.23622743129107696,True
1,0,0.31156933,16.077196,0.0,0.0,0.0,1.4174029,0.44177487,2.1233623,1.5993404,Safety,3,2.4565082,0.4604104841185565,False
1,1,0.31156933,16.077196,5.0,0.5,0.5,1.4174029,0.44177487,2.1233623,1.5993404,Safety,126,3.1778808,0.3585983447514517,False
1,2,0.31156933,16.077196,5.0,0.5,0.5,1.4174029,0.44177487,2.1233623,1.5993404,Safety,57,4.4780593,0.28479360679117766,False
1,3,0.31156933,16.077196,5.0,0.5,0.5,1.4174029,0.44177487,2.1233623,1.5993404,Safety,29,5.4494123,0.3381196329261569,False
1,4,0.31156933,16.077196,5.0,0.5,1.5,1.4174029,0.44177487,2.1233623,1.5993404,Safety,147,3.7761118,0.2717407697280935,False
1,5,0.31156933,16.077196,5.0,0.5,0.5,1.4174029,0.44177487,2.1233623,1.5993404,Safety,18,6.812397,0.16513099333937675,False
1,6,0.31156933,16.077196,5.0,0.5,1.5,1.4174029,0.44177487,2.1233623,1.5993404,Safety,147,3.5692387,0.04050446773445822,False
1,7,0.31156933,16.077196,5.0,0.5,0.5,1.4174029,0.44177487,2.1233623,1.5993404,Safety,7,5.7757735,0.01386597215055084,False
1,8,0.31156933,16.077196,5.0,0.5,1.5,1.4174029,0.44177487,2.1233623,1.5993404,Safety,11,3.499114,-0.05,True
2,0,0.43218955,17.660423,0.0,0.0,0.0,1.1041133,0.28325257,2.4636967,1.5477618,Safety,79,5.2723746,0.5161518213768543,False
2,1,0.43218955,17.660423,5.0,0.5,1.5,1.1041133,0.28325257,2.4636967,1.5477618,Safety,27,3.0508196,0.471067493993593,False
2,2,0.43218955,17.660423,5.0,0.5,1.5,1.1041133,0.28325257,2.4636967,1.5477618,Safety,24,6.4276657,0.3338524718532563,False
2,3,0.43218955,17.660423,5.0,0.5,0.5,1.1041133,0.28325257,2.4636967,1.5477618,Safety,167,3.5056274,0.33970647974362134,False
2,4,0.43218955,17.660423,5.0,0.5,0.5,1.1041133,0.28325257,2.4636967,1.5477618,Safety,153,7.577902,0.49668539749218454,False
2,5,0.43218955,17.660423,0.5,2.5160835,3.5160835,1.1041133,0.28325257,2.4636967,1.5477618,Safety,95,5.769663,0.4014357470125954,False
2,6,0.43218955,17.660423,5.0,0.5,0.5,1.1041133,0.28325257,2.4636967,1.5477618,Safety,58,3.1255593,0.2956662198940544,False
2,7,0.43218955,17.660423,5.0,0.5,0.5,1.1041133,0.28325257,2.4636967,1.5477618,Safety,170,5.0189385,0.4182840658331607,False
2,8,0.43218955,17.660423,0.5,2.3300023,3.3300023,1.1041133,0.28325257,2.4636967,1.5477618,Safety,23,6.0514517,0.3717204228733846,False
2,9,0.43218955,17.660423,5.0,0.5,0.5,1.1041133,0.28325257,2.4636967,1.5477618,Safety,63,4.089141,0.35066148350114734,False
2,10,0.43218955,17.660423,5.0,0.5,0.5,1.1041133,0.28325257,2.4636967,1.5477618,Safety,88,6.619014,0.3899579705241167,False
2,11,0.43218955,17.660423,0.5,3.1926992,4.192699,1.1041133,0.28325257,2.4636967,1.5477618,Safety,13,6.3328714,0.34070466683887507,False
2,12,0.43218955,17.660423,5.0,0.5,0.5,1.1041133,0.28325257,2.4636967,1.5477618,Safety,185,2.1427271,0.35825050293498323,False
2,13,0.43218955,17.660423,0.5,2.7003536,3.7003536,1.1041133,0.28325257,2.4636967,1.5477618,Safety,91,7.5191255,0.2891795290506007,False
2,14,0.43218955,17.660423,5.0,0.5,1.5,1.1041133,0.28325257,2.4636967,1.5477618,Safety,0,1.6656072,0.20395951401458762,False
2,15,0.43218955,17.660423,5.0,0.5,0.5,1.1041133,0.28325257,2.4636967,1.5477618,Safety,0,1.9279647,0.08287656866247554,False
2,16,0.43218955,17.660423,5.0,0.5,0.5,1.1041133,0.28325257,2.4636967,1.5477618,Safety,18,5.7231154,0.18831548972765888,False
2,17,0.43218955,17.660423,5.0,0.5,0.5,1.1041133,0.28325257,2.4636967,1.5477618,Safety,133,5.114342,0.21338090047861002,False
2,18,0.43218955,17.660423,5.0,0.5,0.5,1.1041133,0.28325257,2.4636967,1.5477618,Safety,204,1.9580116,0.16306339648227414,True
3,0,0.81311023,5.9634113,0.0,0.0,0.0,0.5169369,0.21717583,2.2519984,1.6364799,Safety,156,7.7836685,0.4848315069412104,False
3,1,0.81311023,5.9634113,5.0,0.5,1.5,0.5169369,0.21717583,2.2519984,1.6364799,Safety,162,5.3310122,0.362843222123541,False
3,2,0.81311023,5.9634113,5.0,0.5,0.5,0.5169369,0.21717583,2.2519984,1.6364799,Safety,164,2.7400985,0.37777741239997903,False
3,3,0.81311023,5.9634113,5.0,0.5,0.5,0.5169369,0.21717583,2.2519984,1.6364799,Safety,0,1.9415388,0.3114136356637351,False
3,4,0.81311023,5.9634113,5.0,0.5,0.5,0.5169369,0.21717583,2.2519984,1.6364799,Safety,196,7.2162147,0.25222184927883873,False
3,5,0.81311023,5.9634113,5.0,0.5,0.5,0.5169369,0.21717583,2.2519984,1.6364799,Safety,28,6.168024,0.2698668345910867,False
3,6,0.81311023,5.9634113,5.0,0.5,0.5,0.5169369,0.21717583,2.2519984,1.6364799,Safety,15,7.7265825,0.22197455062867671,False
3,7,0.81311023,5.9634113,5.0,0.5,1.5,0.5169369,0.21717583,2.2519984,1.6364799,Safety,143,4.519585,0.21878781646853485,False
3,8,0.81311023,5.9634113,5.0,0.5,1.5,0.5169369,0.21717583,2.2519984,1.6364799,Safety,204,5.5112567,0.23244112318200866,False
3,9,0.81311023,5.9634113,5.0,0.5,1.5,0.5169369,0.21717583,2.2519984,1.6364799,Safety,49,4.5134196,0.2158924175590849,False
3,10,0.81311023,5.9634113,5.0,0.5,0.5,0.5169369,0.21717583,2.2519984,1.6364799,Safety,164,1.9331367,0.11574054390263207,False
3,11,0.81311023,5.9634113,5.0,0.5,0.5,0.5169369,0.21717583,2.2519984,1.6364799,Safety,147,7.171048,0.044250205373452325,False
3,12,0.81311023,5.9634113,5.0,0.5,0.5,0.5169369,0.21717583,2.2519984,1.6364799,Safety,132,7.098093,0.02229355092312557,False
3,13,0.81311023,5.9634113,5.0,0.5,0.5,0.5169369,0.21717583,2.2519984,1.6364799,Safety,173,4.9930267,0.015411043226690346,True
4,0,0.11320859,2.8876529,0.0,0.0,0.0,1.2271489,0.578879,1.5195283,1.4358869,Balanced,52,3.6684127,0.4563721748971363,False
4,1,0.11320859,2.8876529,5.0,0.5,0.5,1.2271489,0.578879,1.5195283,1.4358869,Balanced,164,3.3868961,0.3959345533983413,False
4,2,0.11320859,2.8876529,5.0,0.5,1.5,1.2271489,0.578879,1.5195283,1.4358869,Balanced,71,6.0711465,0.4214315143832696,False
4,3,0.11320859,2.8876529,5.0,0.5,0.5,1.2271489,0.578879,1.5195283,1.4358869,Balanced,179,4.072795,0.3970137495376365,False
4,4,0.11320859,2.8876529,5.0,0.5,0.5,1.2271489,0.578879,1.5195283,1.4358869,Balanced,167,4.5033793,0.31757174187938886,False
4,5,0.11320859,2.8876529,5.0,0.5,1.5,1.2271489,0.578879,1.5195283,1.4358869,Balanced,22,6.0053453,0.30776157347568406,False
4,6,0.11320859,2.8876529,5.0,0.5,0.5,1.2271489,0.578879,1.5195283,1.4358869,Balanced,103,5.782099,0.2554588387613609,False
4,7,0.11320859,2.8876529,5.0,0.5,1.5,1.2271489,0.578879,1.5195283,1.4358869,Balanced,58,5.8553014,0.11615037019515688,False
4,8,0.11320859,2.8876529,5.0,0.5,1.5,1.2271489,0.578879,1.5195283,1.4358869,Balanced,31,-0.9852139,0.15409081892372517,True
5,0,0.9494902,10.414362,0.0,0.0,0.0,0.77020776,0.30970076,2.4822152,1.2991025,Safety,22,4.8913813,0.43828368137933427,False
5,1,0.9494902,10.414362,5.0,0.5,0.5,0.77020776,0.30970076,2.4822152,1.2991025,Safety,206,5.1642814,0.38729957877743043,False
5,2,0.9494902,10.414362,5.0,0.5,0.5,0.77020776,0.30970076,2.4822152,1.2991025,Safety,6,3.3725584,0.2029179512517671,False
5,3,0.9494902,10.414362,5.0,0.5,1.5,0.77020776,0.30970076,2.4822152,1.2991025,Safety,208,5.7546473,0.07967524026356933,False
5,4,0.9494902,10.414362,5.0,0.5,0.5,0.77020776,0.30970076,2.4822152,1.2991025,Safety,57,2.6242855,0.08307586249894973,False
5,5,0.9494902,10.414362,5.0,0.5,0.5,0.77020776,0.30970076,2.4822152,1.2991025,Safety,182,3.2000284,-0.044331211292007885,False
5,6,0.9494902,10.414362,5.0,0.5,1.5,0.77020776,0.30970076,2.4822152,1.2991025,Safety,206,5.720718,0.0,False
5,7,0.9494902,10.414362,5.0,0.5,1.5,0.77020776,0.30970076,2.4822152,1.2991025,Safety,47,2.6287415,-0.01363501733637297,True
6,0,0.49779692,19.682493,0.0,0.0,0.0,0.97200364,0.9318955,2.9853013,1.3371271,Safety,42,6.4908385,0.3870630246508768,False
6,1,0.49779692,19.682493,5.0,0.5,1.5,0.97200364,0.9318955,2.9853013,1.3371271,Safety,93,6.7452526,0.4476184924928807,False
6,2,0.49779692,19.682493,5.0,0.5,0.5,0.97200364,0.9318955,2.9853013,1.3371271,Safety,8,4.198858,0.3846888977238033,False
6,3,0.49779692,19.682493,5.0,0.5,0.5,0.97200364,0.9318955,2.9853013,1.3371271,Safety,93,6.632161,0.32626215701942973,False
6,4,0.49779692,19.682493,5.0,0.5,0.5,0.97200364,0.9318955,2.9853013,1.3371271,Safety,153,6.5288587,0.21541015314206557,False
6,5,0.49779692,19.682493,5.0,0.5,0.5,0.97200364,0.9318955,2.9853013,1.3371271,Safety,26,7.424366,0.1333233777539759,False
6,6,0.49779692,19.682493,5.0,0.5,1.5,0.97200364,0.9318955,2.9853013,1.3371271,Safety,147,5.4038963,0.08436856042428369,False
6,7,0.49779692,19.682493,5.0,0.5,0.5,0.97200364,0.9318955,2.9853013,1.3371271,Safety,79,3.9588852,0.12717863449399058,False
6,8,0.49779692,19.682493,5.0,0.5,0.5,0.97200364,0.9318955,2.9853013,1.3371271,Safety,196,6.2502813,0.0759011762585755,False
6,9,0.49779692,19.682493,5.0,0.5,0.5,0.97200364,0.9318955,2.9853013,1.3371271,Safety,79,-5.493632,-0.016144266132982893,True
7,0,0.794599,0.70384836,0.0,0.0,0.0,0.93120056,0.5113696,1.7298514,0.9649783,Balanced,50,3.612972,0.4890403671739832,False
7,1,0.794599,0.70384836,5.0,0.5,0.5,0.93120056,0.5113696,1.7298514,0.9649783,Balanced,20,5.3933415,0.6254647528310205,False
7,2,0.794599,0.70384836,0.5,2.8259275,3.8259275,0.93120056,0.5113696,1.7298514,0.9649783,Balanced,64,3.0123029,0.6092431784000476,False
7,3,0.794599,0.70384836,0.5,2.356413,2.356413,0.93120056,0.5113696,1.7298514,0.9649783,Balanced,45,3.0459616,0.675064042826506,False
7,4,0.794599,0.70384836,5.0,0.5,0.5,0.93120056,0.5113696,1.7298514,0.9649783,Balanced,23,4.4796104,0.6596269093814742,False
7,5,0.794599,0.70384836,5.0,0.5,0.5,0.93120056,0.5113696,1.7298514,0.9649783,Balanced,37,4.521254,0.5038405096957084,False
7,6,0.794599,0.70384836,5.0,0.5,1.5,0.93120056,0.5113696,1.7298514,0.9649783,Balanced,138,3.8391137,0.4051058934993432,False
7,7,0.794599,0.70384836,5.0,0.5,1.5,0.93120056,0.5113696,1.7298514,0.9649783,Balanced,23,4.3734307,0.4519892879011999,False
7,8,0.794599,0.70384836,5.0,0.5,0.5,0.93120056,0.5113696,1.7298514,0.9649783,Balanced,153,4.666472,0.4378862953768319,False
7,9,0.794599,0.70384836,5.0,0.5,1.5,0.93120056,0.5113696,1.7298514,0.9649783,Balanced,0,1.5351,0.38540712037046226,False
7,10,0.794599,0.70384836,5.0,0.5,1.5,0.93120056,0.5113696,1.7298514,0.9649783,Balanced,99,2.8466468,0.3796500051138063,False
7,11,0.794599,0.70384836,5.0,0.5,0.5,0.93120056,0.5113696,1.7298514,0.9649783,Balanced,34,1.9345937,0.3003390943020207,False
7,12,0.794599,0.70384836,5.0,0.5,0.5,0.93120056,0.5113696,1.7298514,0.9649783,Balanced,62,2.7814238,0.1577515942787977,False
7,13,0.794599,0.70384836,5.0,0.5,0.5,0.93120056,0.5113696,1.7298514,0.9649783,Balanced,63,-1.4269717,0.10710328195516709,True
8,0,0.7861012,0.09747301,0.0,0.0,0.0,1.3860742,0.9456488,2.878399,0.6735557,Safety,113,6.353393,0.428309834169465,False
8,1,0.7861012,0.09747301,5.0,0.5,1.5,1.3860742,0.9456488,2.878399,0.6735557,Safety,79,2.209043,0.4178628259464891,False
8,2,0.7861012,0.09747301,5.0,0.5,0.5,1.3860742,0.9456488,2.878399,0.6735557,Safety,63,3.9167647,0.4852929667892523,False
8,3,0.7861012,0.09747301,5.0,0.5,1.5,1.3860742,0.9456488,2.878399,0.6735557,Safety,198,4.8567867,0.3114252724225259,False
8,4,0.7861012,0.09747301,5.0,0.5,0.5,1.3860742,0.9456488,2.878399,0.6735557,Safety,76,-3.7488418,0.17789755140037034,True
9,0,0.47354987,10.60633,0.0,0.0,0.0,1.2050465,0.14055769,2.2686117,0.72188914,Safety,183,4.917324,0.4577630884043737,False
9,1,0.47354987,10.60633,5.0,0.5,1.5,1.2050465,0.14055769,2.2686117,0.72188914,Safety,59,2.2390792,0.40022329982440186,False
9,2,0.47354987,10.60633,5.0,0.5,0.5,1.2050465,0.14055769,2.2686117,0.72188914,Safety,178,4.1211424,0.3401306624336898,False
9,3,0.47354987,10.60633,5.0,0.5,0.5,1.2050465,0.14055769,2.2686117,0.72188914,Safety,182,2.2298357,0.33446119977327504,False
9,4,0.47354987,10.60633,5.0,0.5,0.5,1.2050465,0.14055769,2.2686117,0.72188914,Safety,106,3.453756,0.4687379683917591,False
9,5,0.47354987,10.60633,0.5,2.8778713,3.8778713,1.2050465,0.14055769,2.2686117,0.72188914,Safety,58,2.1288886,0.4722526791862262,False
9,6,0.47354987,10.60633,5.0,0.5,0.5,1.2050465,0.14055769,2.2686117,0.72188914,Safety,6,1.6155015,0.26885568412120925,False
9,7,0.47354987,10.60633,5.0,0.5,0.5,1.2050465,0.14055769,2.2686117,0.72188914,Safety,21,5.3236527,0.32208740092599075,False
9,8,0.47354987,10.60633,0.5,2.4167826,3.4167826,1.2050465,0.14055769,2.2686117,0.72188914,Safety,42,4.135052,0.4390919936528667,False
9,9,0.47354987,10.60633,5.0,0.5,0.5,1.2050465,0.14055769,2.2686117,0.72188914,Safety,10,2.028191,0.2825957764247931,False
9,10,0.47354987,10.60633,5.0,0.5,0.5,1.2050465,0.14055769,2.2686117,0.72188914,Safety,171,4.103514,0.21471440723442203,False
9,11,0.47354987,10.60633,5.0,0.5,0.5,1.2050465,0.14055769,2.2686117,0.72188914,Safety,58,1.7219322,0.16531900800715033,True
10,0,0.6785344,14.011175,0.0,0.0,0.0,1.2847065,0.9343691,2.6922815,1.3304851,Safety,11,7.065669,0.4814860931945845,False
10,1,0.6785344,14.011175,5.0,0.5,1.5,1.2847065,0.9343691,2.6922815,1.3304851,Safety,141,3.5301402,0.4499896591146715,False
10,2,0.6785344,14.011175,5.0,0.5,0.5,1.2847065,0.9343691,2.6922815,1.3304851,Safety,42,6.4569306,0.46923242677658467,False
10,3,0.6785344,14.011175,5.0,0.5,0.5,1.2847065,0.9343691,2.6922815,1.3304851,Safety,29,5.3142138,0.393312471605695,False
10,4,0.6785344,14.011175,5.0,0.5,0.5,1.2847065,0.9343691,2.6922815,1.3304851,Safety,126,4.105685,0.35399125547065236,False
10,5,0.6785344,14.011175,5.0,0.5,0.5,1.2847065,0.9343691,2.6922815,1.3304851,Safety,145,5.661438,0.23490460191084928,False
10,6,0.6785344,14.011175,5.0,0.5,0.5,1.2847065,0.9343691,2.6922815,1.3304851,Safety,76,7.4960475,0.20639247080394102,False
10,7,0.6785344,14.011175,5.0,0.5,1.5,1.2847065,0.9343691,2.6922815,1.3304851,Safety,183,6.0620766,0.04664324647340036,False
10,8,0.6785344,14.011175,5.0,0.5,0.5,1.2847065,0.9343691,2.6922815,1.3304851,Safety,151,7.214174,-0.013129916695176894,False
10,9,0.6785344,14.011175,5.0,0.5,1.5,1.2847065,0.9343691,2.6922815,1.3304851,Safety,11,7.443356,0.15,False
10,10,0.6785344,14.011175,0.5,3.0815525,4.0815525,1.2847065,0.9343691,2.6922815,1.3304851,Safety,57,-6.0732656,0.14978356814544497,True
11,0,0.19896768,13.895446,0.0,0.0,0.0,0.79482967,0.84941447,2.9182787,1.9780864,Safety,35,8.134843,0.4753234922468416,False
11,1,0.19896768,13.895446,5.0,0.5,1.5,0.79482967,0.84941447,2.9182787,1.9780864,Safety,133,5.793026,0.4255054521466443,False
11,2,0.19896768,13.895446,5.0,0.5,0.5,0.79482967,0.84941447,2.9182787,1.9780864,Safety,3,5.4202456,0.35226792078307795,False
11,3,0.19896768,13.895446,5.0,0.5,1.5,0.79482967,0.84941447,2.9182787,1.9780864,Safety,13,7.3857427,0.24838665058457815,False
11,4,0.19896768,13.895446,5.0,0.5,1.5,0.79482967,0.84941447,2.9182787,1.9780864,Safety,18,8.81887,0.18900753174861668,False
11,5,0.19896768,13.895446,5.0,0.5,1.5,0.79482967,0.84941447,2.9182787,1.9780864,Safety,60,5.658022,0.24050263749397455,False
11,6,0.19896768,13.895446,5.0,0.5,1.5,0.79482967,0.84941447,2.9182787,1.9780864,Safety,29,9.084829,0.5021166508600168,False
11,7,0.19896768,13.895446,0.5,2.4637017,3.4637017,0.79482967,0.84941447,2.9182787,1.9780864,Safety,79,5.6583004,0.4612928630190369,False
11,8,0.19896768,13.895446,5.0,0.5,1.5,0.79482967,0.84941447,2.9182787,1.9780864,Safety,181,8.154997,0.42635024829354,False
11,9,0.19896768,13.895446,5.0,0.5,0.5,0.79482967,0.84941447,2.9182787,1.9780864,Safety,79,4.6130304,0.36242039277599963,False
11,10,0.19896768,13.895446,5.0,0.5,0.5,0.79482967,0.84941447,2.9182787,1.9780864,Safety,115,6.454616,0.268644717531131,False
11,11,0.19896768,13.895446,5.0,0.5,1.5,0.79482967,0.84941447,2.9182787,1.9780864,Safety,48,8.826365,0.19783232862144828,False
11,12,0.19896768,13.895446,5.0,0.5,1.5,0.79482967,0.84941447,2.9182787,1.9780864,Safety,98,8.906763,0.2924831076865704,False
11,13,0.19896768,13.895446,0.5,3.3248215,4.3248215,0.79482967,0.84941447,2.9182787,1.9780864,Safety,132,8.887605,0.26992813715730074,False
11,14,0.19896768,13.895446,5.0,0.5,1.5,0.79482967,0.84941447,2.9182787,1.9780864,Safety,91,6.896438,0.2710176775525684,False
11,15,0.19896768,13.895446,5.0,0.5,0.5,0.79482967,0.84941447,2.9182787,1.9780864,Safety,25,8.10744,0.28719320213943333,False
11,16,0.19896768,13.895446,5.0,0.5,0.5,0.79482967,0.84941447,2.9182787,1.9780864,Safety,143,4.95359,0.25916974924729774,False
11,17,0.19896768,13.895446,5.0,0.5,0.5,0.79482967,0.84941447,2.9182787,1.9780864,Safety,23,6.6345053,0.09593989859806447,False
11,18,0.19896768,13.895446,5.0,0.5,0.5,0.79482967,0.84941447,2.9182787,1.9780864,Safety,0,-6.924638,0.035114303483313736,True
12,0,0.2544528,5.635658,0.0,0.0,0.0,0.87919,0.27740073,2.7271705,0.84201604,Safety,12,5.34793,0.6247803065690941,False
12,1,0.2544528,5.635658,0.5,2.0580194,3.0580194,0.87919,0.27740073,2.7271705,0.84201604,Safety,211,3.622216,0.6613447024847018,False
12,2,0.2544528,5.635658,5.0,0.5,1.5,0.87919,0.27740073,2.7271705,0.84201604,Safety,145,4.668623,0.6328656841116306,False
12,3,0.2544528,5.635658,5.0,0.5,0.5,0.87919,0.27740073,2.7271705,0.84201604,Safety,76,4.390569,0.5037860331096705,False
12,4,0.2544528,5.635658,5.0,0.5,0.5,0.87919,0.27740073,2.7271705,0.84201604,Safety,0,0.67869985,0.5539416953169447,False
12,5,0.2544528,5.635658,5.0,0.5,1.5,0.87919,0.27740073,2.7271705,0.84201604,Safety,3,1.9611048,0.35008834878360656,False
12,6,0.2544528,5.635658,5.0,0.5,0.5,0.87919,0.27740073,2.7271705,0.84201604,Safety,85,2.6526783,0.33565078058352266,False
12,7,0.2544528,5.635658,5.0,0.5,0.5,0.87919,0.27740073,2.7271705,0.84201604,Safety,58,2.04286,0.3448684948316012,False
12,8,0.2544528,5.635658,5.0,0.5,0.5,0.87919,0.27740073,2.7271705,0.84201604,Safety,113,4.919247,0.313756908751521,False
12,9,0.2544528,5.635658,5.0,0.5,0.5,0.87919,0.27740073,2.7271705,0.84201604,Safety,135,3.5120873,0.26434236964983887,False
12,10,0.2544528,5.635658,5.0,0.5,1.5,0.87919,0.27740073,2.7271705,0.84201604,Safety,26,2.9639506,0.09573681907810942,True
13,0,0.30429032,8.743777,0.0,0.0,0.0,0.5407045,0.87405175,1.3382759,1.1801475,Balanced,180,4.6798143,0.4475356726826516,False
13,1,0.30429032,8.743777,5.0,0.5,0.5,0.5407045,0.87405175,1.3382759,1.1801475,Balanced,137,3.1297014,0.46519672108122617,False
13,2,0.30429032,8.743777,5.0,0.5,0.5,0.5407045,0.87405175,1.3382759,1.1801475,Balanced,70,4.4391184,0.5515141090113984,False
13,3,0.30429032,8.743777,5.0,0.5,1.5,0.5407045,0.87405175,1.3382759,1.1801475,Balanced,117,4.998483,0.5123037574460155,False
13,4,0.30429032,8.743777,5.0,0.5,1.5,0.5407045,0.87405175,1.3382759,1.1801475,Balanced,17,5.134792,0.3494559028861353,False
13,5,0.30429032,8.743777,5.0,0.5,1.5,0.5407045,0.87405175,1.3382759,1.1801475,Balanced,132,4.6433277,0.4057917435587075,False
13,6,0.30429032,8.743777,5.0,0.5,0.5,0.5407045,0.87405175,1.3382759,1.1801475,Balanced,15,3.684949,0.35009498950274004,False
13,7,0.30429032,8.743777,5.0,0.5,0.5,0.5407045,0.87405175,1.3382759,1.1801475,Balanced,21,5.1246786,0.33788563611774464,False
13,8,0.30429032,8.743777,0.5,2.9261274,3.9261274,0.5407045,0.87405175,1.3382759,1.1801475,Balanced,15,3.5261073,0.23474984294221868,False
13,9,0.30429032,8.743777,5.0,0.5,0.5,0.5407045,0.87405175,1.3382759,1.1801475,Balanced,106,4.076602,0.4147152894582865,False
13,10,0.30429032,8.743777,0.5,2.8912516,3.8912516,0.5407045,0.87405175,1.3382759,1.1801475,Balanced,123,5.0744596,0.2804299977225914,False
13,11,0.30429032,8.743777,5.0,0.5,1.5,0.5407045,0.87405175,1.3382759,1.1801475,Balanced,47,5.1063128,0.31687293205254874,False
13,12,0.30429032,8.743777,5.0,0.5,1.5,0.5407045,0.87405175,1.3382759,1.1801475,Balanced,199,3.442959,0.3083845940035198,False
13,13,0.30429032,8.743777,5.0,0.5,0.5,0.5407045,0.87405175,1.3382759,1.1801475,Balanced,30,3.506596,0.2347574515138277,False
13,14,0.30429032,8.743777,5.0,0.5,0.5,0.5407045,0.87405175,1.3382759,1.1801475,Balanced,170,3.8675513,0.17554117528224633,False
13,15,0.30429032,8.743777,5.0,0.5,1.5,0.5407045,0.87405175,1.3382759,1.1801475,Balanced,109,-4.764262,0.06453476605850114,True
14,0,0.55661386,13.459052,0.0,0.0,0.0,1.0314527,0.596404,2.8807075,1.3330622,Safety,0,0.5573835,0.5121654377159699,False
14,1,0.55661386,13.459052,5.0,0.5,0.5,1.0314527,0.596404,2.8807075,1.3330622,Safety,98,5.6053896,0.44742990628942886,False
14,2,0.55661386,13.459052,5.0,0.5,0.5,1.0314527,0.596404,2.8807075,1.3330622,Safety,209,4.0501366,0.39799095505673665,False
14,3,0.55661386,13.459052,5.0,0.5,0.5,1.0314527,0.596404,2.8807075,1.3330622,Safety,153,6.424794,0.35451045063655295,False
14,4,0.55661386,13.459052,5.0,0.5,0.5,1.0314527,0.596404,2.8807075,1.3330622,Safety,147,7.4137316,0.28322445970368126,False
14,5,0.55661386,13.459052,5.0,0.5,1.5,1.0314527,0.596404,2.8807075,1.3330622,Safety,77,5.4309993,0.23046321457648994,False
14,6,0.55661386,13.459052,5.0,0.5,0.5,1.0314527,0.596404,2.8807075,1.3330622,Safety,164,1.4301964,0.26548297761046663,False
14,7,0.55661386,13.459052,5.0,0.5,0.5,1.0314527,0.596404,2.8807075,1.3330622,Safety,98,6.3076887,0.15815733254310355,False
14,8,0.55661386,13.459052,5.0,0.5,0.5,1.0314527,0.596404,2.8807075,1.3330622,Safety,200,1.4977173,0.143415283110434,False
14,9,0.55661386,13.459052,5.0,0.5,0.5,1.0314527,0.596404,2.8807075,1.3330622,Safety,170,-2.060648,0.15194231509284933,True
15,0,0.5267085,22.15763,0.0,0.0,0.0,0.9782375,0.29109198,2.410522,0.8346184,Safety,63,2.0286162,0.4609528547680127,False
15,1,0.5267085,22.15763,5.0,0.5,0.5,0.9782375,0.29109198,2.410522,0.8346184,Safety,77,3.9964237,0.4836117538422892,False
15,2,0.5267085,22.15763,5.0,0.5,0.5,0.9782375,0.29109198,2.410522,0.8346184,Safety,97,2.6285844,0.48192633949093094,False
15,3,0.5267085,22.15763,5.0,0.5,0.5,0.9782375,0.29109198,2.410522,0.8346184,Safety,156,4.6290283,0.4533295272126486,False
15,4,0.5267085,22.15763,5.0,0.5,0.5,0.9782375,0.29109198,2.410522,0.8346184,Safety,170,3.588799,0.4200108761676784,False
15,5,0.5267085,22.15763,5.0,0.5,1.5,0.9782375,0.29109198,2.410522,0.8346184,Safety,147,5.390766,0.3581118213148538,False
15,6,0.5267085,22.15763,5.0,0.5,1.5,0.9782375,0.29109198,2.410522,0.8346184,Safety,76,4.606703,0.3766330159782932,False
15,7,0.5267085,22.15763,5.0,0.5,0.5,0.9782375,0.29109198,2.410522,0.8346184,Safety,42,5.5711823,0.3293695417062207,False
15,8,0.5267085,22.15763,5.0,0.5,1.5,0.9782375,0.29109198,2.410522,0.8346184,Safety,148,4.314344,0.21940696787279917,False
15,9,0.5267085,22.15763,5.0,0.5,0.5,0.9782375,0.29109198,2.410522,0.8346184,Safety,72,0.27492654,0.12651306427073428,True
16,0,0.31276053,15.477871,0.0,0.0,0.0,0.5427075,0.5688071,2.0395043,1.3877761,Safety,183,5.7899995,0.49411274425689083,False
16,1,0.31276053,15.477871,5.0,0.5,0.5,0.5427075,0.5688071,2.0395043,1.3877761,Safety,25,5.737414,0.4016639564434916,False
16,2,0.31276053,15.477871,5.0,0.5,0.5,0.5427075,0.5688071,2.0395043,1.3877761,Safety,8,3.054419,0.45905101143272803,False
16,3,0.31276053,15.477871,5.0,0.5,0.5,0.5427075,0.5688071,2.0395043,1.3877761,Safety,35,4.644126,0.3935737988452267,False
16,4,0.31276053,15.477871,5.0,0.5,0.5,0.5427075,0.5688071,2.0395043,1.3877761,Safety,196,6.235328,0.3229145548873632,False
16,5,0.31276053,15.477871,5.0,0.5,1.5,0.5427075,0.5688071,2.0395043,1.3877761,Safety,45,4.0079465,0.3491320776580818,False
16,6,0.31276053,15.477871,5.0,0.5,0.5,0.5427075,0.5688071,2.0395043,1.3877761,Safety,25,6.181076,0.22753533554527428,False
16,7,0.31276053,15.477871,5.0,0.5,1.5,0.5427075,0.5688071,2.0395043,1.3877761,Safety,14,5.6115885,0.18045405520862162,False
16,8,0.31276053,15.477871,5.0,0.5,0.5,0.5427075,0.5688071,2.0395043,1.3877761,Safety,19,4.41064,0.10297740400796483,False
16,9,0.31276053,15.477871,5.0,0.5,1.5,0.5427075,0.5688071,2.0395043,1.3877761,Safety,204,3.8081517,-0.0021203460643880734,False
16,10,0.31276053,15.477871,5.0,0.5,0.5,0.5427075,0.5688071,2.0395043,1.3877761,Safety,63,3.4067016,-0.05,False
16,11,0.31276053,15.477871,5.0,0.5,1.5,0.5427075,0.5688071,2.0395043,1.3877761,Safety,5,3.7809174,-0.05,False
16,12,0.31276053,15.477871,5.0,0.5,0.5,0.5427075,0.5688071,2.0395043,1.3877761,Safety,135,-1.3644464,-0.05,True
17,0,0.11278984,2.8616593,0.0,0.0,0.0,0.83472425,0.74749523,2.4442832,0.8288648,Safety,47,5.796067,0.5951845889383319,False
17,1,0.11278984,2.8616593,0.5,2.2765343,3.2765343,0.83472425,0.74749523,2.4442832,0.8288648,Safety,78,5.0384626,0.6983556091237575,False
17,2,0.11278984,2.8616593,5.0,0.5,0.5,0.83472425,0.74749523,2.4442832,0.8288648,Safety,183,5.9685097,0.8258780727213899,False
17,3,0.11278984,2.8616593,5.0,0.5,1.5,0.83472425,0.74749523,2.4442832,0.8288648,Safety,74,5.9303126,0.774778080872872,False
17,4,0.11278984,2.8616593,5.0,0.5,1.5,0.83472425,0.74749523,2.4442832,0.8288648,Safety,11,4.495756,0.7083735378233844,False
17,5,0.11278984,2.8616593,5.0,0.5,0.5,0.83472425,0.74749523,2.4442832,0.8288648,Safety,8,3.2448094,0.7017600590408198,False
17,6,0.11278984,2.8616593,5.0,0.5,1.5,0.83472425,0.74749523,2.4442832,0.8288648,Safety,58,2.4429832,0.7365307669244386,False
17,7,0.11278984,2.8616593,5.0,0.5,0.5,0.83472425,0.74749523,2.4442832,0.8288648,Safety,24,5.855766,0.6750494084083778,False
17,8,0.11278984,2.8616593,5.0,0.5,1.5,0.83472425,0.74749523,2.4442832,0.8288648,Safety,37,5.0025344,0.6502902692753556,False
17,9,0.11278984,2.8616593,5.0,0.5,0.5,0.83472425,0.74749523,2.4442832,0.8288648,Safety,200,0.8977654,0.6088674053611616,False
17,10,0.11278984,2.8616593,5.0,0.5,0.5,0.83472425,0.74749523,2.4442832,0.8288648,Safety,62,3.8313253,0.6917211927957564,False
17,11,0.11278984,2.8616593,0.5,2.3641386,3.3641386,0.83472425,0.74749523,2.4442832,0.8288648,Safety,201,2.9626362,0.6462831662677248,False
17,12,0.11278984,2.8616593,5.0,0.5,0.5,0.83472425,0.74749523,2.4442832,0.8288648,Safety,42,5.772183,0.5632320620680272,False
17,13,0.11278984,2.8616593,5.0,0.5,1.5,0.83472425,0.74749523,2.4442832,0.8288648,Safety,75,4.2643886,0.4497284173977478,False
17,14,0.11278984,2.8616593,5.0,0.5,0.5,0.83472425,0.74749523,2.4442832,0.8288648,Safety,35,5.0308175,0.34942063509952104,False
17,15,0.11278984,2.8616593,5.0,0.5,1.5,0.83472425,0.74749523,2.4442832,0.8288648,Safety,169,2.7264788,0.3303513150440007,False
17,16,0.11278984,2.8616593,5.0,0.5,0.5,0.83472425,0.74749523,2.4442832,0.8288648,Safety,185,0.58401644,0.24939767898527387,False
17,17,0.11278984,2.8616593,5.0,0.5,0.5,0.83472425,0.74749523,2.4442832,0.8288648,Safety,25,4.7088614,0.2574145435766233,False
17,18,0.11278984,2.8616593,5.0,0.5,0.5,0.83472425,0.74749523,2.4442832,0.8288648,Safety,126,3.5991235,0.3810813607610838,False
17,19,0.11278984,2.8616593,0.5,2.552301,3.552301,0.83472425,0.74749523,2.4442832,0.8288648,Safety,52,3.704006,0.5213933464716881,False
17,20,0.11278984,2.8616593,0.5,2.5017884,3.5017884,0.83472425,0.74749523,2.4442832,0.8288648,Safety,118,4.8254666,0.4134088986776228,False
17,21,0.11278984,2.8616593,5.0,0.5,0.5,0.83472425,0.74749523,2.4442832,0.8288648,Safety,30,4.832035,0.4221961634153174,False
17,22,0.11278984,2.8616593,5.0,0.5,0.5,0.83472425,0.74749523,2.4442832,0.8288648,Safety,3,2.2100868,0.4105233877553842,False
17,23,0.11278984,2.8616593,5.0,0.5,0.5,0.83472425,0.74749523,2.4442832,0.8288648,Safety,70,4.2472363,0.40219029915038285,False
17,24,0.11278984,2.8616593,5.0,0.5,0.5,0.83472425,0.74749523,2.4442832,0.8288648,Safety,211,2.7609944,0.3765263439086219,False
17,25,0.11278984,2.8616593,5.0,0.5,0.5,0.83472425,0.74749523,2.4442832,0.8288648,Safety,185,0.6709556,0.3747444884630183,False
17,26,0.11278984,2.8616593,5.0,0.5,0.5,0.83472425,0.74749523,2.4442832,0.8288648,Safety,113,4.7875752,0.4204709683464823,False
17,27,0.11278984,2.8616593,5.0,0.5,0.5,0.83472425,0.74749523,2.4442832,0.8288648,Safety,156,5.722,0.4960972215454841,False
17,28,0.11278984,2.8616593,0.5,2.3757453,3.3757453,0.83472425,0.74749523,2.4442832,0.8288648,Safety,153,5.790975,0.5883722371178944,False
17,29,0.11278984,2.8616593,5.0,0.5,1.5,0.83472425,0.74749523,2.4442832,0.8288648,Safety,10,3.0923913,0.47601377189240107,False
17,30,0.11278984,2.8616593,5.0,0.5,1.5,0.83472425,0.74749523,2.4442832,0.8288648,Safety,77,5.691139,0.4548118065519708,False
17,31,0.11278984,2.8616593,5.0,0.5,1.5,0.83472425,0.74749523,2.4442832,0.8288648,Safety,62,2.1423376,0.364222178138283,False
17,32,0.11278984,2.8616593,5.0,0.5,0.5,0.83472425,0.74749523,2.4442832,0.8288648,Safety,76,4.692416,0.33521114092903265,False
17,33,0.11278984,2.8616593,5.0,0.5,0.5,0.83472425,0.74749523,2.4442832,0.8288648,Safety,35,4.1896553,0.3020578661210361,False
17,34,0.11278984,2.8616593,5.0,0.5,0.5,0.83472425,0.74749523,2.4442832,0.8288648,Safety,12,4.571988,0.25556065114611937,False
17,35,0.11278984,2.8616593,5.0,0.5,0.5,0.83472425,0.74749523,2.4442832,0.8288648,Safety,190,2.5059257,0.10182651828855718,False
17,36,0.11278984,2.8616593,5.0,0.5,0.5,0.83472425,0.74749523,2.4442832,0.8288648,Safety,191,-2.1235218,0.000349093750407814,True
18,0,0.31132716,11.997224,0.0,0.0,0.0,1.2340503,0.22901405,1.1844485,1.4670448,Balanced,201,3.9756694,0.48315510992954286,False
18,1,0.31132716,11.997224,5.0,0.5,0.5,1.2340503,0.22901405,1.1844485,1.4670448,Balanced,19,5.2578692,0.6934015777015426,False
18,2,0.31132716,11.997224,0.5,2.6751032,3.6751032,1.2340503,0.22901405,1.1844485,1.4670448,Balanced,8,4.2584476,0.6627977302739909,False
18,3,0.31132716,11.997224,5.0,0.5,1.5,1.2340503,0.22901405,1.1844485,1.4670448,Balanced,0,1.9807341,0.7035476234299569,False
18,4,0.31132716,11.997224,5.0,0.5,0.5,1.2340503,0.22901405,1.1844485,1.4670448,Balanced,90,5.2601337,0.703290311928032,False
18,5,0.31132716,11.997224,5.0,0.5,1.5,1.2340503,0.22901405,1.1844485,1.4670448,Balanced,0,1.9183421,0.6586225644289413,False
18,6,0.31132716,11.997224,5.0,0.5,0.5,1.2340503,0.22901405,1.1844485,1.4670448,Balanced,100,4.2812505,0.738907585536687,False
18,7,0.31132716,11.997224,0.5,2.9826522,3.9826522,1.2340503,0.22901405,1.1844485,1.4670448,Balanced,182,4.0416303,0.771176167861254,False
18,8,0.31132716,11.997224,5.0,0.5,0.5,1.2340503,0.22901405,1.1844485,1.4670448,Balanced,6,4.1082773,0.6945118283231961,False
18,9,0.31132716,11.997224,5.0,0.5,1.5,1.2340503,0.22901405,1.1844485,1.4670448,Balanced,132,4.994461,0.6217979371515795,False
18,10,0.31132716,11.997224,5.0,0.5,0.5,1.2340503,0.22901405,1.1844485,1.4670448,Balanced,41,6.1697745,0.6117014355789566,False
18,11,0.31132716,11.997224,5.0,0.5,1.5,1.2340503,0.22901405,1.1844485,1.4670448,Balanced,181,4.999046,0.6418170474307004,False
18,12,0.31132716,11.997224,5.0,0.5,0.5,1.2340503,0.22901405,1.1844485,1.4670448,Balanced,119,5.0199814,0.7332346958933993,False
18,13,0.31132716,11.997224,0.5,2.8592968,2.8592968,1.2340503,0.22901405,1.1844485,1.4670448,Balanced,104,5.2817883,0.7978465098123004,False
18,14,0.31132716,11.997224,0.5,1.8850678,2.885068,1.2340503,0.22901405,1.1844485,1.4670448,Balanced,5,5.2738943,0.7633771399267316,False
18,15,0.31132716,11.997224,5.0,0.5,1.5,1.2340503,0.22901405,1.1844485,1.4670448,Balanced,15,6.098068,0.5860375657434701,False
18,16,0.31132716,11.997224,5.0,0.5,1.5,1.2340503,0.22901405,1.1844485,1.4670448,Balanced,68,5.9784503,0.5594185516555533,False
18,17,0.31132716,11.997224,5.0,0.5,1.5,1.2340503,0.22901405,1.1844485,1.4670448,Balanced,43,4.848085,0.3978385151660952,False
18,18,0.31132716,11.997224,5.0,0.5,0.5,1.2340503,0.22901405,1.1844485,1.4670448,Balanced,153,4.943137,0.39768963175240857,False
18,19,0.31132716,11.997224,5.0,0.5,0.5,1.2340503,0.22901405,1.1844485,1.4670448,Balanced,63,4.300804,0.4036407880336858,False
18,20,0.31132716,11.997224,5.0,0.5,1.5,1.2340503,0.22901405,1.1844485,1.4670448,Balanced,170,4.982176,0.29031480030024165,False
18,21,0.31132716,11.997224,5.0,0.5,1.5,1.2340503,0.22901405,1.1844485,1.4670448,Balanced,83,3.967273,0.27369132909891614,False
18,22,0.31132716,11.997224,5.0,0.5,0.5,1.2340503,0.22901405,1.1844485,1.4670448,Balanced,123,6.198226,0.4895567149273533,False
18,23,0.31132716,11.997224,0.5,2.6915667,3.6915667,1.2340503,0.22901405,1.1844485,1.4670448,Balanced,32,4.9655576,0.495590651978094,False
18,24,0.31132716,11.997224,5.0,0.5,0.5,1.2340503,0.22901405,1.1844485,1.4670448,Balanced,60,4.2077203,0.43620068799392003,False
18,25,0.31132716,11.997224,5.0,0.5,1.5,1.2340503,0.22901405,1.1844485,1.4670448,Balanced,58,4.1487055,0.44390517107105676,False
18,26,0.31132716,11.997224,5.0,0.5,1.5,1.2340503,0.22901405,1.1844485,1.4670448,Balanced,23,5.151561,0.4708181262916401,False
18,27,0.31132716,11.997224,5.0,0.5,1.5,1.2340503,0.22901405,1.1844485,1.4670448,Balanced,133,5.2488637,0.6540792384361428,False
18,28,0.31132716,11.997224,0.5,1.9648309,2.9648309,1.2340503,0.22901405,1.1844485,1.4670448,Balanced,170,3.990597,0.548336816502675,False
18,29,0.31132716,11.997224,5.0,0.5,0.5,1.2340503,0.22901405,1.1844485,1.4670448,Balanced,179,5.211047,0.48895053669182126,False
18,30,0.31132716,11.997224,5.0,0.5,1.5,1.2340503,0.22901405,1.1844485,1.4670448,Balanced,175,3.7720957,0.3673680033447268,False
18,31,0.31132716,11.997224,5.0,0.5,0.5,1.2340503,0.22901405,1.1844485,1.4670448,Balanced,135,3.9621034,0.4239177179334564,False
18,32,0.31132716,11.997224,5.0,0.5,0.5,1.2340503,0.22901405,1.1844485,1.4670448,Balanced,70,4.9601693,0.47206141402994345,False
18,33,0.31132716,11.997224,5.0,0.5,0.5,1.2340503,0.22901405,1.1844485,1.4670448,Balanced,91,3.8821905,0.32307507967903343,False
18,34,0.31132716,11.997224,5.0,0.5,0.5,1.2340503,0.22901405,1.1844485,1.4670448,Balanced,3,3.9205406,0.24243227634858755,False
18,35,0.31132716,11.997224,5.0,0.5,0.5,1.2340503,0.22901405,1.1844485,1.4670448,Balanced,26,3.8698912,0.18724294724137558,False
18,36,0.31132716,11.997224,5.0,0.5,0.5,1.2340503,0.22901405,1.1844485,1.4670448,Balanced,183,4.890498,0.16783946446940295,False
18,37,0.31132716,11.997224,5.0,0.5,0.5,1.2340503,0.22901405,1.1844485,1.4670448,Balanced,164,1.855403,0.14633798525837283,True
19,0,0.9081164,14.17372,0.0,0.0,0.0,0.906181,0.17972922,2.2141595,0.64584655,Safety,150,3.8027248,0.33417971664145646,False
19,1,0.9081164,14.17372,5.0,0.5,0.5,0.906181,0.17972922,2.2141595,0.64584655,Safety,124,3.858154,0.3183474896631122,False
19,2,0.9081164,14.17372,5.0,0.5,0.5,0.906181,0.17972922,2.2141595,0.64584655,Safety,7,1.5443362,0.11605670317044862,False
19,3,0.9081164,14.17372,5.0,0.5,0.5,0.906181,0.17972922,2.2141595,0.64584655,Safety,108,0.17841476,-0.044155324549531194,True
20,0,0.9679665,19.560144,0.0,0.0,0.0,0.8714991,0.18183798,2.896991,1.3951844,Safety,71,6.47482,0.4942216301225075,False
20,1,0.9679665,19.560144,5.0,0.5,0.5,0.8714991,0.18183798,2.896991,1.3951844,Safety,206,6.470673,0.47141386947899716,False
20,2,0.9679665,19.560144,5.0,0.5,0.5,0.8714991,0.18183798,2.896991,1.3951844,Safety,35,7.2121162,0.3955742462372677,False
20,3,0.9679665,19.560144,5.0,0.5,1.5,0.8714991,0.18183798,2.896991,1.3951844,Safety,71,6.3557754,0.2738359293996267,False
20,4,0.9679665,19.560144,5.0,0.5,1.5,0.8714991,0.18183798,2.896991,1.3951844,Safety,97,4.891104,0.2684368982581616,False
20,5,0.9679665,19.560144,5.0,0.5,1.5,0.8714991,0.18183798,2.896991,1.3951844,Safety,2,3.0213194,0.25226675508360713,False
20,6,0.9679665,19.560144,5.0,0.5,0.5,0.8714991,0.18183798,2.896991,1.3951844,Safety,147,7.312,0.3054835159634923,False
20,7,0.9679665,19.560144,5.0,0.5,1.5,0.8714991,0.18183798,2.896991,1.3951844,Safety,3,4.0203876,0.2727417035021651,False
20,8,0.9679665,19.560144,5.0,0.5,0.5,0.8714991,0.18183798,2.896991,1.3951844,Safety,62,3.0249126,0.13167240253623952,False
20,9,0.9679665,19.560144,5.0,0.5,0.5,0.8714991,0.18183798,2.896991,1.3951844,Safety,23,7.1632175,0.29166456578063477,False
20,10,0.9679665,19.560144,0.5,2.8374743,3.8374743,0.8714991,0.18183798,2.896991,1.3951844,Safety,150,6.301081,0.2812790974769575,False
20,11,0.9679665,19.560144,5.0,0.5,0.5,0.8714991,0.18183798,2.896991,1.3951844,Safety,34,3.0204842,0.30002695815916114,False
20,12,0.9679665,19.560144,5.0,0.5,0.5,0.8714991,0.18183798,2.896991,1.3951844,Safety,74,7.3150907,0.32248066475884385,False
20,13,0.9679665,19.560144,5.0,0.5,1.5,0.8714991,0.18183798,2.896991,1.3951844,Safety,147,6.433517,0.26707908030404187,False
20,14,0.9679665,19.560144,5.0,0.5,0.5,0.8714991,0.18183798,2.896991,1.3951844,Safety,14,5.4483404,0.2383399099336621,False
20,15,0.9679665,19.560144,5.0,0.5,0.5,0.8714991,0.18183798,2.896991,1.3951844,Safety,204,4.7052617,0.2654436984098533,False
20,16,0.9679665,19.560144,0.5,2.5461407,3.5461407,0.8714991,0.18183798,2.896991,1.3951844,Safety,19,3.9935884,0.12536145719820457,False
20,17,0.9679665,19.560144,5.0,0.5,0.5,0.8714991,0.18183798,2.896991,1.3951844,Safety,0,1.4370387,0.12565088801220536,False
20,18,0.9679665,19.560144,5.0,0.5,1.5,0.8714991,0.18183798,2.896991,1.3951844,Safety,74,5.404381,0.13891219057496407,False
20,19,0.9679665,19.560144,5.0,0.5,0.5,0.8714991,0.18183798,2.896991,1.3951844,Safety,54,2.936182,0.10836384059477701,False
20,20,0.9679665,19.560144,5.0,0.5,0.5,0.8714991,0.18183798,2.896991,1.3951844,Safety,147,4.5660515,0.12088707270743292,True
21,0,0.376014,0.3797002,0.0,0.0,0.0,0.6895933,0.50627095,2.3152645,1.7384988,Safety,132,6.840333,0.35321274286836307,False
21,1,0.376014,0.3797002,5.0,0.5,0.5,0.6895933,0.50627095,2.3152645,1.7384988,Safety,4,4.929033,0.3889386413776138,False
21,2,0.376014,0.3797002,5.0,0.5,0.5,0.6895933,0.50627095,2.3152645,1.7384988,Safety,83,7.534628,0.6039472151338554,False
21,3,0.376014,0.3797002,0.5,2.6646967,3.6646967,0.6895933,0.50627095,2.3152645,1.7384988,Safety,0,1.671601,0.3984286401571357,False
21,4,0.376014,0.3797002,5.0,0.5,0.5,0.6895933,0.50627095,2.3152645,1.7384988,Safety,164,3.6552653,0.3218326397767329,False
21,5,0.376014,0.3797002,5.0,0.5,1.5,0.6895933,0.50627095,2.3152645,1.7384988,Safety,208,7.5403013,0.37370551961062093,False
21,6,0.376014,0.3797002,5.0,0.5,1.5,0.6895933,0.50627095,2.3152645,1.7384988,Safety,128,6.684334,0.4352980938934535,False
21,7,0.376014,0.3797002,5.0,0.5,0.5,0.6895933,0.50627095,2.3152645,1.7384988,Safety,167,5.56018,0.273494119202649,False
21,8,0.376014,0.3797002,5.0,0.5,1.5,0.6895933,0.50627095,2.3152645,1.7384988,Safety,0,2.241529,0.19814304802456295,False
21,9,0.376014,0.3797002,5.0,0.5,1.5,0.6895933,0.50627095,2.3152645,1.7384988,Safety,132,6.7199087,0.11534719470102582,False
21,10,0.376014,0.3797002,5.0,0.5,0.5,0.6895933,0.50627095,2.3152645,1.7384988,Safety,41,5.3039384,0.07658795446198823,False
21,11,0.376014,0.3797002,5.0,0.5,0.5,0.6895933,0.50627095,2.3152645,1.7384988,Safety,170,4.7573686,0.049862265471819295,False
21,12,0.376014,0.3797002,5.0,0.5,0.5,0.6895933,0.50627095,2.3152645,1.7384988,Safety,69,6.64577,-0.03109360205321426,False
21,13,0.376014,0.3797002,5.0,0.5,0.5,0.6895933,0.50627095,2.3152645,1.7384988,Safety,83,1.1431992,0.04027130508526612,True
22,0,0.10545114,17.120733,0.0,0.0,0.0,1.3786097,0.13938273,2.4064584,1.8341368,Safety,0,1.54455,0.4541619614927119,False
22,1,0.10545114,17.120733,5.0,0.5,0.5,1.3786097,0.13938273,2.4064584,1.8341368,Safety,130,6.432809,0.4862943197372855,False
22,2,0.10545114,17.120733,5.0,0.5,1.5,1.3786097,0.13938273,2.4064584,1.8341368,Safety,91,7.1781516,0.584345631753304,False
22,3,0.10545114,17.120733,0.5,2.7572553,3.7572553,1.3786097,0.13938273,2.4064584,1.8341368,Safety,170,5.081324,0.6808998063003326,False
22,4,0.10545114,17.120733,5.0,0.5,0.5,1.3786097,0.13938273,2.4064584,1.8341368,Safety,171,7.0409546,0.6517241630471995,False
22,5,0.10545114,17.120733,5.0,0.5,0.5,1.3786097,0.13938273,2.4064584,1.8341368,Safety,30,6.938144,0.6005351704085362,False
22,6,0.10545114,17.120733,5.0,0.5,1.5,1.3786097,0.13938273,2.4064584,1.8341368,Safety,12,5.4911094,0.4842482350052455,False
22,7,0.10545114,17.120733,5.0,0.5,0.5,1.3786097,0.13938273,2.4064584,1.8341368,Safety,150,8.292767,0.4105219893533146,False
22,8,0.10545114,17.120733,5.0,0.5,1.5,1.3786097,0.13938273,2.4064584,1.8341368,Safety,104,5.0351553,0.3496611225980226,False
22,9,0.10545114,17.120733,5.0,0.5,0.5,1.3786097,0.13938273,2.4064584,1.8341368,Safety,12,7.0541883,0.4476021446153055,False
22,10,0.10545114,17.120733,5.0,0.5,0.5,1.3786097,0.13938273,2.4064584,1.8341368,Safety,22,5.4548507,0.390533165198712,False
22,11,0.10545114,17.120733,5.0,0.5,0.5,1.3786097,0.13938273,2.4064584,1.8341368,Safety,17,8.370097,0.5782989527806957,False
22,12,0.10545114,17.120733,0.5,1.8221326,2.8221326,1.3786097,0.13938273,2.4064584,1.8341368,Safety,17,5.818894,0.5245291926071649,False
22,13,0.10545114,17.120733,5.0,0.5,0.5,1.3786097,0.13938273,2.4064584,1.8341368,Safety,206,8.458434,0.6315299801913907,False
22,14,0.10545114,17.120733,5.0,0.5,1.5,1.3786097,0.13938273,2.4064584,1.8341368,Safety,5,4.837573,0.6186747110468092,False
22,15,0.10545114,17.120733,5.0,0.5,1.5,1.3786097,0.13938273,2.4064584,1.8341368,Safety,2,3.4039145,0.5639219873731112,False
22,16,0.10545114,17.120733,5.0,0.5,0.5,1.3786097,0.13938273,2.4064584,1.8341368,Safety,185,3.0601306,0.567460293313621,False
22,17,0.10545114,17.120733,5.0,0.5,0.5,1.3786097,0.13938273,2.4064584,1.8341368,Safety,0,2.7298408,0.4912340086093249,False
22,18,0.10545114,17.120733,5.0,0.5,1.5,1.3786097,0.13938273,2.4064584,1.8341368,Safety,79,5.042433,0.40187442832647613,False
22,19,0.10545114,17.120733,5.0,0.5,0.5,1.3786097,0.13938273,2.4064584,1.8341368,Safety,210,3.0231676,0.30227124801696903,False
22,20,0.10545114,17.120733,5.0,0.5,0.5,1.3786097,0.13938273,2.4064584,1.8341368,Safety,29,5.3122125,0.3312317711198212,False
22,21,0.10545114,17.120733,5.0,0.5,0.5,1.3786097,0.13938273,2.4064584,1.8341368,Safety,185,3.023499,0.30464782719759564,False
22,22,0.10545114,17.120733,5.0,0.5,0.5,1.3786097,0.13938273,2.4064584,1.8341368,Safety,64,5.1774044,0.2287397099171224,False
22,23,0.10545114,17.120733,5.0,0.5,1.5,1.3786097,0.13938273,2.4064584,1.8341368,Safety,58,3.6236641,0.22293402012095964,True
23,0,0.111415006,12.607191,0.0,0.0,0.0,0.7284745,0.3035558,2.743129,1.9077392,Safety,126,6.0957155,0.5981936104566238,False
23,1,0.111415006,12.607191,0.5,2.39214,3.39214,0.7284745,0.3035558,2.743129,1.9077392,Safety,10,4.065063,0.49446518460240624,False
23,2,0.111415006,12.607191,5.0,0.5,0.5,0.7284745,0.3035558,2.743129,1.9077392,Safety,0,1.2889822,0.4790193180067703,False
23,3,0.111415006,12.607191,5.0,0.5,0.5,0.7284745,0.3035558,2.743129,1.9077392,Safety,179,5.3386874,0.3694577162937056,False
23,4,0.111415006,12.607191,5.0,0.5,0.5,0.7284745,0.3035558,2.743129,1.9077392,Safety,58,6.0646243,0.36109881274752764,False
23,5,0.111415006,12.607191,5.0,0.5,1.5,0.7284745,0.3035558,2.743129,1.9077392,Safety,52,4.216845,0.2829813784816221,False
23,6,0.111415006,12.607191,5.0,0.5,1.5,0.7284745,0.3035558,2.743129,1.9077392,Safety,51,8.3255005,0.2785277291751404,False
23,7,0.111415006,12.607191,5.0,0.5,1.5,0.7284745,0.3035558,2.743129,1.9077392,Safety,5,5.3702855,0.4735506641913487,False
23,8,0.111415006,12.607191,0.5,1.9879344,1.9879344,0.7284745,0.3035558,2.743129,1.9077392,Safety,54,5.3680143,0.46606925742521005,False
23,9,0.111415006,12.607191,5.0,0.5,0.5,0.7284745,0.3035558,2.743129,1.9077392,Safety,140,5.348763,0.4026491904169848,False
23,10,0.111415006,12.607191,5.0,0.5,0.5,0.7284745,0.3035558,2.743129,1.9077392,Safety,176,8.350072,0.3594724902772036,False
23,11,0.111415006,12.607191,5.0,0.5,1.5,0.7284745,0.3035558,2.743129,1.9077392,Safety,185,3.7656765,0.31824990203492587,False
23,12,0.111415006,12.607191,5.0,0.5,1.5,0.7284745,0.3035558,2.743129,1.9077392,Safety,40,5.306534,0.307178465025277,False
23,13,0.111415006,12.607191,5.0,0.5,0.5,0.7284745,0.3035558,2.743129,1.9077392,Safety,204,5.316762,0.29722963888244575,False
23,14,0.111415006,12.607191,5.0,0.5,0.5,0.7284745,0.3035558,2.743129,1.9077392,Safety,51,3.4709144,0.21861309706646526,True
24,0,0.15472087,22.733303,0.0,0.0,0.0,1.1257306,0.41336313,2.1491742,1.2349435,Safety,91,4.6139526,0.444920223244134,False
24,1,0.15472087,22.733303,5.0,0.5,0.5,1.1257306,0.41336313,2.1491742,1.2349435,Safety,109,6.5907545,0.5527608989805637,False
24,2,0.15472087,22.733303,0.5,2.5509567,3.5509567,1.1257306,0.41336313,2.1491742,1.2349435,Safety,182,3.6161966,0.4128141775541685,False
24,3,0.15472087,22.733303,5.0,0.5,0.5,1.1257306,0.41336313,2.1491742,1.2349435,Safety,106,3.6222982,0.4275754203431402,False
24,4,0.15472087,22.733303,5.0,0.5,0.5,1.1257306,0.41336313,2.1491742,1.2349435,Safety,0,1.7115567,0.25014311089213065,False
24,5,0.15472087,22.733303,5.0,0.5,1.5,1.1257306,0.41336313,2.1491742,1.2349435,Safety,3,3.428163,0.13499541253940472,False
24,6,0.15472087,22.733303,5.0,0.5,1.5,1.1257306,0.41336313,2.1491742,1.2349435,Safety,63,3.7893517,0.0801452333447583,False
24,7,0.15472087,22.733303,5.0,0.5,1.5,1.1257306,0.41336313,2.1491742,1.2349435,Safety,88,1.3830804,0.01938248998057264,True
25,0,0.2654238,6.722811,0.0,0.0,0.0,0.87248427,0.44469416,2.574121,0.9080567,Safety,74,5.3287563,0.6000935153675713,False
25,1,0.2654238,6.722811,5.0,0.5,1.5,0.87248427,0.44469416,2.574121,0.9080567,Safety,183,5.1138825,0.6063042189782574,False
25,2,0.2654238,6.722811,5.0,0.5,0.5,0.87248427,0.44469416,2.574121,0.9080567,Safety,113,5.079741,0.5295289122643345,False
25,3,0.2654238,6.722811,5.0,0.5,0.5,0.87248427,0.44469416,2.574121,0.9080567,Safety,97,3.815918,0.6433415408316303,False
25,4,0.2654238,6.722811,0.5,1.8759422,2.8759422,0.87248427,0.44469416,2.574121,0.9080567,Safety,126,3.8776097,0.6880314131078775,False
25,5,0.2654238,6.722811,0.5,2.922081,3.922081,0.87248427,0.44469416,2.574121,0.9080567,Safety,176,6.0232034,0.7563100120508789,False
25,6,0.2654238,6.722811,5.0,0.5,1.5,0.87248427,0.44469416,2.574121,0.9080567,Safety,43,5.1970406,0.7896100380411186,False
25,7,0.2654238,6.722811,5.0,0.5,1.5,0.87248427,0.44469416,2.574121,0.9080567,Safety,100,1.7257951,0.6729343338086026,False
25,8,0.2654238,6.722811,5.0,0.5,1.5,0.87248427,0.44469416,2.574121,0.9080567,Safety,79,2.9686198,0.6059399568750244,False
25,9,0.2654238,6.722811,5.0,0.5,0.5,0.87248427,0.44469416,2.574121,0.9080567,Safety,26,5.057298,0.5014171277080428,False
25,10,0.2654238,6.722811,5.0,0.5,1.5,0.87248427,0.44469416,2.574121,0.9080567,Safety,66,5.0590954,0.4831019491981436,False
25,11,0.2654238,6.722811,5.0,0.5,0.5,0.87248427,0.44469416,2.574121,0.9080567,Safety,147,5.0363245,0.43189656081936967,False
25,12,0.2654238,6.722811,5.0,0.5,0.5,0.87248427,0.44469416,2.574121,0.9080567,Safety,5,1.97193,0.37421496803949217,False
25,13,0.2654238,6.722811,5.0,0.5,0.5,0.87248427,0.44469416,2.574121,0.9080567,Safety,29,4.9623127,0.26546374191107286,False
25,14,0.2654238,6.722811,5.0,0.5,0.5,0.87248427,0.44469416,2.574121,0.9080567,Safety,47,5.8366246,0.3481107928777326,False
25,15,0.2654238,6.722811,0.5,2.8012927,3.8012927,0.87248427,0.44469416,2.574121,0.9080567,Safety,118,5.00918,0.37085574781211833,False
25,16,0.2654238,6.722811,5.0,0.5,0.5,0.87248427,0.44469416,2.574121,0.9080567,Safety,52,1.9396836,0.3181605917233756,False
25,17,0.2654238,6.722811,5.0,0.5,0.5,0.87248427,0.44469416,2.574121,0.9080567,Safety,70,4.397684,0.37313619616359867,False
25,18,0.2654238,6.722811,5.0,0.5,0.5,0.87248427,0.44469416,2.574121,0.9080567,Safety,123,5.832261,0.2597610203633101,False
25,19,0.2654238,6.722811,5.0,0.5,1.5,0.87248427,0.44469416,2.574121,0.9080567,Safety,183,5.871467,0.36101447194176584,False
25,20,0.2654238,6.722811,0.5,1.7777932,2.7777932,0.87248427,0.44469416,2.574121,0.9080567,Safety,146,4.9683757,0.27909767065986996,False
25,21,0.2654238,6.722811,5.0,0.5,0.5,0.87248427,0.44469416,2.574121,0.9080567,Safety,0,-0.2088016,0.3186493113214963,False
25,22,0.2654238,6.722811,5.0,0.5,0.5,0.87248427,0.44469416,2.574121,0.9080567,Safety,26,4.0930867,0.38372230820035563,False
25,23,0.2654238,6.722811,5.0,0.5,0.5,0.87248427,0.44469416,2.574121,0.9080567,Safety,9,2.8295188,0.44170528902338657,False
25,24,0.2654238,6.722811,5.0,0.5,1.5,0.87248427,0.44469416,2.574121,0.9080567,Safety,58,2.264362,0.4024774781497067,False
25,25,0.2654238,6.722811,5.0,0.5,0.5,0.87248427,0.44469416,2.574121,0.9080567,Safety,0,-0.24413334,0.3446459530424458,False
25,26,0.2654238,6.722811,5.0,0.5,0.5,0.87248427,0.44469416,2.574121,0.9080567,Safety,47,4.9818654,0.3604826156787705,False
25,27,0.2654238,6.722811,5.0,0.5,0.5,0.87248427,0.44469416,2.574121,0.9080567,Safety,5,1.9072846,0.38703122267916146,False
25,28,0.2654238,6.722811,5.0,0.5,0.5,0.87248427,0.44469416,2.574121,0.9080567,Safety,135,2.850495,0.3403087473621011,False
25,29,0.2654238,6.722811,5.0,0.5,0.5,0.87248427,0.44469416,2.574121,0.9080567,Safety,147,4.8650737,0.1837602183705233,False
25,30,0.2654238,6.722811,5.0,0.5,0.5,0.87248427,0.44469416,2.574121,0.9080567,Safety,190,2.8541634,0.3485576288593581,False
25,31,0.2654238,6.722811,0.5,2.0859833,2.0859833,0.87248427,0.44469416,2.574121,0.9080567,Safety,107,2.8578632,0.3568776444144823,False
25,32,0.2654238,6.722811,5.0,0.5,0.5,0.87248427,0.44469416,2.574121,0.9080567,Safety,119,5.0158587,0.385874751009117,False
25,33,0.2654238,6.722811,5.0,0.5,0.5,0.87248427,0.44469416,2.574121,0.9080567,Safety,29,4.0486803,0.3769021182462722,False
25,34,0.2654238,6.722811,5.0,0.5,0.5,0.87248427,0.44469416,2.574121,0.9080567,Safety,23,4.9865246,0.31990992195287765,False
25,35,0.2654238,6.722811,5.0,0.5,0.5,0.87248427,0.44469416,2.574121,0.9080567,Safety,31,5.828108,0.2504218306670528,False
25,36,0.2654238,6.722811,5.0,0.5,1.5,0.87248427,0.44469416,2.574121,0.9080567,Safety,145,4.931206,0.1955137340204433,False
25,37,0.2654238,6.722811,5.0,0.5,0.5,0.87248427,0.44469416,2.574121,0.9080567,Safety,10,3.0307293,0.11090791171565641,False
25,38,0.2654238,6.722811,5.0,0.5,1.5,0.87248427,0.44469416,2.574121,0.9080567,Safety,13,4.2147965,-0.029874284642590065,False
25,39,0.2654238,6.722811,5.0,0.5,0.5,0.87248427,0.44469416,2.574121,0.9080567,Safety,93,4.2030473,0.0,False
25,40,0.2654238,6.722811,5.0,0.5,0.5,0.87248427,0.44469416,2.574121,0.9080567,Safety,74,5.6945124,-0.05,False
25,41,0.2654238,6.722811,5.0,0.5,1.5,0.87248427,0.44469416,2.574121,0.9080567,Safety,58,-2.4314866,-0.05,True
26,0,0.16996942,14.332872,0.0,0.0,0.0,0.75966525,0.336695,1.1822101,0.7796684,Balanced,68,4.066139,0.5200335958548914,False
26,1,0.16996942,14.332872,5.0,0.5,1.5,0.75966525,0.336695,1.1822101,0.7796684,Balanced,69,3.5189917,0.6317193727194298,False
26,2,0.16996942,14.332872,0.5,2.1781228,3.1781228,0.75966525,0.336695,1.1822101,0.7796684,Balanced,58,2.4788537,0.5263679836495222,False
26,3,0.16996942,14.332872,5.0,0.5,1.5,0.75966525,0.336695,1.1822101,0.7796684,Balanced,126,2.3390055,0.5726235664503524,False
26,4,0.16996942,14.332872,5.0,0.5,0.5,0.75966525,0.336695,1.1822101,0.7796684,Balanced,153,4.087467,0.5833794706049199,False
26,5,0.16996942,14.332872,5.0,0.5,1.5,0.75966525,0.336695,1.1822101,0.7796684,Balanced,58,2.4589417,0.5042407631346778,False
26,6,0.16996942,14.332872,5.0,0.5,1.5,0.75966525,0.336695,1.1822101,0.7796684,Balanced,34,2.3038805,0.4683007280832589,False
26,7,0.16996942,14.332872,5.0,0.5,0.5,0.75966525,0.336695,1.1822101,0.7796684,Balanced,34,2.3152118,0.5019552453708873,False
26,8,0.16996942,14.332872,5.0,0.5,0.5,0.75966525,0.336695,1.1822101,0.7796684,Balanced,194,2.3145597,0.5000186250053952,False
26,9,0.16996942,14.332872,5.0,0.5,0.5,0.75966525,0.336695,1.1822101,0.7796684,Balanced,62,3.0693154,0.4854369414837239,False
26,10,0.16996942,14.332872,5.0,0.5,1.5,0.75966525,0.336695,1.1822101,0.7796684,Balanced,170,2.299148,0.4542451347207544,False
26,11,0.16996942,14.332872,5.0,0.5,0.5,0.75966525,0.336695,1.1822101,0.7796684,Balanced,3,2.2624424,0.34522787516274916,False
26,12,0.16996942,14.332872,5.0,0.5,0.5,0.75966525,0.336695,1.1822101,0.7796684,Balanced,48,3.282724,0.44949580945157164,False
26,13,0.16996942,14.332872,0.5,2.8566275,2.8566275,0.75966525,0.336695,1.1822101,0.7796684,Balanced,71,3.4547362,0.5249133341681866,False
26,14,0.16996942,14.332872,0.5,2.6913958,3.6913958,0.75966525,0.336695,1.1822101,0.7796684,Balanced,0,0.52958035,0.44021384976677985,False
26,15,0.16996942,14.332872,5.0,0.5,0.5,0.75966525,0.336695,1.1822101,0.7796684,Balanced,24,2.4856498,0.43800183815571847,False
26,16,0.16996942,14.332872,5.0,0.5,0.5,0.75966525,0.336695,1.1822101,0.7796684,Balanced,124,3.288663,0.46713472294653974,False
26,17,0.16996942,14.332872,5.0,0.5,0.5,0.75966525,0.336695,1.1822101,0.7796684,Balanced,73,2.6472964,0.4092542528087228,False
26,18,0.16996942,14.332872,5.0,0.5,0.5,0.75966525,0.336695,1.1822101,0.7796684,Balanced,14,3.255685,0.3691888629414258,False
26,19,0.16996942,14.332872,5.0,0.5,0.5,0.75966525,0.336695,1.1822101,0.7796684,Balanced,209,3.0295153,0.3672289810172818,False
26,20,0.16996942,14.332872,5.0,0.5,1.5,0.75966525,0.336695,1.1822101,0.7796684,Balanced,197,3.0601704,0.4582759687268106,False
26,21,0.16996942,14.332872,0.5,2.1987169,3.1987169,0.75966525,0.336695,1.1822101,0.7796684,Balanced,3,2.2904954,0.5276085708404403,False
26,22,0.16996942,14.332872,5.0,0.5,1.5,0.75966525,0.336695,1.1822101,0.7796684,Balanced,147,4.047643,0.4651005375797917,False
26,23,0.16996942,14.332872,5.0,0.5,1.5,0.75966525,0.336695,1.1822101,0.7796684,Balanced,14,2.6650715,0.4693691281021223,False
26,24,0.16996942,14.332872,5.0,0.5,0.5,0.75966525,0.336695,1.1822101,0.7796684,Balanced,181,3.2667158,0.40195082627439216,False
26,25,0.16996942,14.332872,5.0,0.5,0.5,0.75966525,0.336695,1.1822101,0.7796684,Balanced,203,2.296571,0.4465915323810496,False
26,26,0.16996942,14.332872,5.0,0.5,0.5,0.75966525,0.336695,1.1822101,0.7796684,Balanced,204,3.041586,0.4030794290687047,False
26,27,0.16996942,14.332872,5.0,0.5,1.5,0.75966525,0.336695,1.1822101,0.7796684,Balanced,179,2.2641687,0.35035490710286377,False
26,28,0.16996942,14.332872,5.0,0.5,0.5,0.75966525,0.336695,1.1822101,0.7796684,Balanced,61,2.4369137,0.4775080829490247,False
26,29,0.16996942,14.332872,0.5,3.1131127,4.113113,0.75966525,0.336695,1.1822101,0.7796684,Balanced,132,4.0442715,0.45508613670972736,False
26,30,0.16996942,14.332872,5.0,0.5,1.5,0.75966525,0.336695,1.1822101,0.7796684,Balanced,30,4.017853,0.376620683451529,False
26,31,0.16996942,14.332872,5.0,0.5,1.5,0.75966525,0.336695,1.1822101,0.7796684,Balanced,177,3.2096615,0.2324966079148281,False
26,32,0.16996942,14.332872,5.0,0.5,0.5,0.75966525,0.336695,1.1822101,0.7796684,Balanced,167,2.973646,0.20129390681246373,False
26,33,0.16996942,14.332872,5.0,0.5,1.5,0.75966525,0.336695,1.1822101,0.7796684,Balanced,167,2.9283276,0.13101995444975773,False
26,34,0.16996942,14.332872,5.0,0.5,1.5,0.75966525,0.336695,1.1822101,0.7796684,Balanced,9,2.185977,0.11812173317992077,False
26,35,0.16996942,14.332872,5.0,0.5,0.5,0.75966525,0.336695,1.1822101,0.7796684,Balanced,179,-1.2098207,0.03244244173355747,True
27,0,0.10622771,10.618138,0.0,0.0,0.0,1.2391435,0.35142076,1.4284413,1.7052032,Balanced,142,4.6200905,0.3386509843897676,False
27,1,0.10622771,10.618138,5.0,0.5,0.5,1.2391435,0.35142076,1.4284413,1.7052032,Balanced,58,3.2539978,0.32948241324618877,False
27,2,0.10622771,10.618138,5.0,0.5,0.5,1.2391435,0.35142076,1.4284413,1.7052032,Balanced,136,4.6597137,0.31260577206355006,False
27,3,0.10622771,10.618138,5.0,0.5,1.5,1.2391435,0.35142076,1.4284413,1.7052032,Balanced,142,5.8647423,0.3543250392906584,False
27,4,0.10622771,10.618138,5.0,0.5,1.5,1.2391435,0.35142076,1.4284413,1.7052032,Balanced,97,4.582619,0.23202205937831127,False
27,5,0.10622771,10.618138,5.0,0.5,0.5,1.2391435,0.35142076,1.4284413,1.7052032,Balanced,128,5.7927446,0.28824518022158446,False
27,6,0.10622771,10.618138,5.0,0.5,0.5,1.2391435,0.35142076,1.4284413,1.7052032,Balanced,196,5.766179,0.21265038529953123,False
27,7,0.10622771,10.618138,5.0,0.5,0.5,1.2391435,0.35142076,1.4284413,1.7052032,Balanced,179,4.486848,0.09135295421920518,False
27,8,0.10622771,10.618138,5.0,0.5,0.5,1.2391435,0.35142076,1.4284413,1.7052032,Balanced,101,1.0258322,0.11085881417978231,True
28,0,0.60168695,18.736526,0.0,0.0,0.0,0.7341363,0.16857463,1.1487148,1.3622515,Balanced,7,3.115549,0.5146356600157996,False
28,1,0.60168695,18.736526,5.0,0.5,1.5,0.7341363,0.16857463,1.1487148,1.3622515,Balanced,93,4.2894254,0.46594983173405474,False
28,2,0.60168695,18.736526,5.0,0.5,1.5,0.7341363,0.16857463,1.1487148,1.3622515,Balanced,56,4.3863916,0.32729742040292503,False
28,3,0.60168695,18.736526,5.0,0.5,1.5,0.7341363,0.16857463,1.1487148,1.3622515,Balanced,38,3.2922204,0.32460342337929143,False
28,4,0.60168695,18.736526,5.0,0.5,0.5,0.7341363,0.16857463,1.1487148,1.3622515,Balanced,79,3.2923608,0.3438006300483549,False
28,5,0.60168695,18.736526,5.0,0.5,1.5,0.7341363,0.16857463,1.1487148,1.3622515,Balanced,58,2.525364,0.3180837211777581,False
28,6,0.60168695,18.736526,5.0,0.5,0.5,0.7341363,0.16857463,1.1487148,1.3622515,Balanced,79,3.585773,0.23380751194545302,False
28,7,0.60168695,18.736526,5.0,0.5,0.5,0.7341363,0.16857463,1.1487148,1.3622515,Balanced,45,1.9327251,0.12688814124590875,True
29,0,0.56870997,16.10283,0.0,0.0,0.0,0.9418038,0.69336647,2.158513,1.7768784,Safety,204,6.0007725,0.37068530725287485,False
29,1,0.56870997,16.10283,5.0,0.5,1.5,0.9418038,0.69336647,2.158513,1.7768784,Safety,149,5.0563664,0.36693185338357065,False
29,2,0.56870997,16.10283,5.0,0.5,0.5,0.9418038,0.69336647,2.158513,1.7768784,Safety,58,4.588967,0.46704202919855137,False
29,3,0.56870997,16.10283,0.5,2.7046902,3.7046902,0.9418038,0.69336647,2.158513,1.7768784,Safety,1,3.3823795,0.41416755232820657,False
29,4,0.56870997,16.10283,5.0,0.5,0.5,0.9418038,0.69336647,2.158513,1.7768784,Safety,8,5.9876065,0.3516965442861445,False
29,5,0.56870997,16.10283,5.0,0.5,1.5,0.9418038,0.69336647,2.158513,1.7768784,Safety,22,6.8233724,0.32113403245235767,False
29,6,0.56870997,16.10283,5.0,0.5,0.5,0.9418038,0.69336647,2.158513,1.7768784,Safety,12,6.2409515,0.27946214784737805,False
29,7,0.56870997,16.10283,5.0,0.5,1.5,0.9418038,0.69336647,2.158513,1.7768784,Safety,12,6.683837,0.11989041893474438,False
29,8,0.56870997,16.10283,5.0,0.5,0.5,0.9418038,0.69336647,2.158513,1.7768784,Safety,159,7.6573753,0.16565889213371982,False
29,9,0.56870997,16.10283,5.0,0.5,1.5,0.9418038,0.69336647,2.158513,1.7768784,Safety,135,5.8112335,0.09732448586533037,False
29,10,0.56870997,16.10283,5.0,0.5,1.5,0.9418038,0.69336647,2.158513,1.7768784,Safety,77,7.5747104,0.04643636404768286,False
29,11,0.56870997,16.10283,5.0,0.5,1.5,0.9418038,0.69336647,2.158513,1.7768784,Safety,47,5.8613167,0.02151134365298079,False
29,12,0.56870997,16.10283,5.0,0.5,1.5,0.9418038,0.69336647,2.158513,1.7768784,Safety,4,3.9834614,-0.05,False
29,13,0.56870997,16.10283,5.0,0.5,1.5,0.9418038,0.69336647,2.158513,1.7768784,Safety,34,3.0328639,-0.021198202431683605,False
29,14,0.56870997,16.10283,5.0,0.5,0.5,0.9418038,0.69336647,2.158513,1.7768784,Safety,41,-0.32942057,0.005098751401896747,True
30,0,0.59931374,8.598576,0.0,0.0,0.0,0.7647938,0.52108675,1.2360414,1.1597633,Balanced,172,4.3611965,0.43322320150741467,False
30,1,0.59931374,8.598576,5.0,0.5,0.5,0.7647938,0.52108675,1.2360414,1.1597633,Balanced,170,4.041134,0.32801624667790585,False
30,2,0.59931374,8.598576,5.0,0.5,1.5,0.7647938,0.52108675,1.2360414,1.1597633,Balanced,0,1.8908033,0.3898460795242928,False
30,3,0.59931374,8.598576,5.0,0.5,1.5,0.7647938,0.52108675,1.2360414,1.1597633,Balanced,63,3.0487645,0.25512830509876666,False
30,4,0.59931374,8.598576,5.0,0.5,1.5,0.7647938,0.52108675,1.2360414,1.1597633,Balanced,149,-2.0082474,0.18654219941018252,True
31,0,0.63570136,12.805221,0.0,0.0,0.0,1.112513,0.30996984,2.857673,1.5645609,Safety,146,6.9277363,0.5118602130249413,False
31,1,0.63570136,12.805221,5.0,0.5,0.5,1.112513,0.30996984,2.857673,1.5645609,Safety,13,6.921743,0.595533654399065,False
31,2,0.63570136,12.805221,5.0,0.5,0.5,1.112513,0.30996984,2.857673,1.5645609,Safety,79,4.4264407,0.7363995485753162,False
31,3,0.63570136,12.805221,0.5,2.2855783,3.2855783,1.112513,0.30996984,2.857673,1.5645609,Safety,172,6.9160933,0.7771458082519007,False
31,4,0.63570136,12.805221,5.0,0.5,0.5,1.112513,0.30996984,2.857673,1.5645609,Safety,17,6.822628,0.8637789501378984,False
31,5,0.63570136,12.805221,0.5,1.8852537,2.8852537,1.112513,0.30996984,2.857673,1.5645609,Safety,13,6.8021274,0.8919963521697689,False
31,6,0.63570136,12.805221,5.0,0.5,1.5,1.112513,0.30996984,2.857673,1.5645609,Safety,3,4.625633,0.7676601193193571,False
31,7,0.63570136,12.805221,5.0,0.5,0.5,1.112513,0.30996984,2.857673,1.5645609,Safety,147,6.9870515,0.7032175556008943,False
31,8,0.63570136,12.805221,5.0,0.5,0.5,1.112513,0.30996984,2.857673,1.5645609,Safety,147,6.850713,0.6839934239064157,False
31,9,0.63570136,12.805221,5.0,0.5,0.5,1.112513,0.30996984,2.857673,1.5645609,Safety,101,4.600349,0.6860915452394992,False
31,10,0.63570136,12.805221,5.0,0.5,0.5,1.112513,0.30996984,2.857673,1.5645609,Safety,18,6.740242,0.7178050599715448,False
31,11,0.63570136,12.805221,5.0,0.5,1.5,1.112513,0.30996984,2.857673,1.5645609,Safety,172,6.9616055,0.6211266378016094,False
31,12,0.63570136,12.805221,5.0,0.5,0.5,1.112513,0.30996984,2.857673,1.5645609,Safety,59,4.5802584,0.6212782641077437,False
31,13,0.63570136,12.805221,5.0,0.5,0.5,1.112513,0.30996984,2.857673,1.5645609,Safety,22,6.5366335,0.5215339666476222,False
31,14,0.63570136,12.805221,5.0,0.5,1.5,1.112513,0.30996984,2.857673,1.5645609,Safety,41,6.542388,0.6193204437380412,False
31,15,0.63570136,12.805221,5.0,0.5,1.5,1.112513,0.30996984,2.857673,1.5645609,Safety,118,6.933241,0.5296185853674896,False
31,16,0.63570136,12.805221,5.0,0.5,0.5,1.112513,0.30996984,2.857673,1.5645609,Safety,182,5.6518345,0.48921034660214696,False
31,17,0.63570136,12.805221,5.0,0.5,1.5,1.112513,0.30996984,2.857673,1.5645609,Safety,123,8.044776,0.5264631912672226,False
31,18,0.63570136,12.805221,0.5,2.6485264,3.6485264,1.112513,0.30996984,2.857673,1.5645609,Safety,47,6.93789,0.5446168767611654,False
31,19,0.63570136,12.805221,5.0,0.5,0.5,1.112513,0.30996984,2.857673,1.5645609,Safety,103,4.5436134,0.5030559488331926,False
31,20,0.63570136,12.805221,5.0,0.5,0.5,1.112513,0.30996984,2.857673,1.5645609,Safety,57,4.522189,0.43393919911598966,False
31,21,0.63570136,12.805221,5.0,0.5,0.5,1.112513,0.30996984,2.857673,1.5645609,Safety,171,6.7698865,0.34235124944402273,False
31,22,0.63570136,12.805221,5.0,0.5,0.5,1.112513,0.30996984,2.857673,1.5645609,Safety,196,6.878706,0.353682558985802,False
31,23,0.63570136,12.805221,5.0,0.5,0.5,1.112513,0.30996984,2.857673,1.5645609,Safety,10,4.079588,0.3123832267757377,False
31,24,0.63570136,12.805221,5.0,0.5,1.5,1.112513,0.30996984,2.857673,1.5645609,Safety,52,5.576773,0.24705353477056696,False
31,25,0.63570136,12.805221,5.0,0.5,1.5,1.112513,0.30996984,2.857673,1.5645609,Safety,135,4.430824,0.13918423387173023,False
31,26,0.63570136,12.805221,5.0,0.5,0.5,1.112513,0.30996984,2.857673,1.5645609,Safety,0,0.48222294,0.025492222813145893,False
31,27,0.63570136,12.805221,5.0,0.5,0.5,1.112513,0.30996984,2.857673,1.5645609,Safety,35,2.1423976,0.09155203244782413,True
32,0,0.5269466,12.410075,0.0,0.0,0.0,1.1668051,0.16419552,1.1922567,1.8424141,Balanced,156,7.0369167,0.43740434648542814,False
32,1,0.5269466,12.410075,5.0,0.5,1.5,1.1668051,0.16419552,1.1922567,1.8424141,Balanced,58,5.9029093,0.4288159996048324,False
32,2,0.5269466,12.410075,5.0,0.5,1.5,1.1668051,0.16419552,1.1922567,1.8424141,Balanced,48,5.185085,0.4126627293319027,False
32,3,0.5269466,12.410075,5.0,0.5,1.5,1.1668051,0.16419552,1.1922567,1.8424141,Balanced,52,2.9954793,0.39534867170541765,False
32,4,0.5269466,12.410075,5.0,0.5,0.5,1.1668051,0.16419552,1.1922567,1.8424141,Balanced,174,6.82687,0.352969199969886,False
32,5,0.5269466,12.410075,5.0,0.5,1.5,1.1668051,0.16419552,1.1922567,1.8424141,Balanced,26,5.12238,0.3169268713610309,False
32,6,0.5269466,12.410075,5.0,0.5,1.5,1.1668051,0.16419552,1.1922567,1.8424141,Balanced,204,3.2014499,0.23545335899308062,True
33,0,0.3551746,20.492847,0.0,0.0,0.0,1.1666541,0.32070702,2.9970133,0.7959247,Safety,168,2.6567948,0.522223904975373,False
33,1,0.3551746,20.492847,5.0,0.5,0.5,1.1666541,0.32070702,2.9970133,0.7959247,Safety,17,5.475968,0.4598527264041699,False
33,2,0.3551746,20.492847,5.0,0.5,1.5,1.1666541,0.32070702,2.9970133,0.7959247,Safety,158,2.646,0.488564148164275,False
33,3,0.3551746,20.492847,5.0,0.5,0.5,1.1666541,0.32070702,2.9970133,0.7959247,Safety,93,5.1467466,0.49865256677647546,False
33,4,0.3551746,20.492847,5.0,0.5,0.5,1.1666541,0.32070702,2.9970133,0.7959247,Safety,108,3.7995584,0.44773053716248,False
33,5,0.3551746,20.492847,5.0,0.5,1.5,1.1666541,0.32070702,2.9970133,0.7959247,Safety,0,-0.6826971,0.4820233691175784,False
33,6,0.3551746,20.492847,5.0,0.5,0.5,1.1666541,0.32070702,2.9970133,0.7959247,Safety,198,6.2836676,0.4059418703276992,False
33,7,0.3551746,20.492847,5.0,0.5,1.5,1.1666541,0.32070702,2.9970133,0.7959247,Safety,0,0.44679153,0.3922731808463384,False
33,8,0.3551746,20.492847,5.0,0.5,1.5,1.1666541,0.32070702,2.9970133,0.7959247,Safety,42,5.074704,0.2740164265690381,False
33,9,0.3551746,20.492847,5.0,0.5,0.5,1.1666541,0.32070702,2.9970133,0.7959247,Safety,171,6.230262,0.23941716288950302,False
33,10,0.3551746,20.492847,5.0,0.5,1.5,1.1666541,0.32070702,2.9970133,0.7959247,Safety,156,5.0578537,0.22147462652936356,False
33,11,0.3551746,20.492847,5.0,0.5,0.5,1.1666541,0.32070702,2.9970133,0.7959247,Safety,43,5.0217843,0.10900692222819194,False
33,12,0.3551746,20.492847,5.0,0.5,0.5,1.1666541,0.32070702,2.9970133,0.7959247,Safety,3,1.6941704,0.13731489926876922,False
33,13,0.3551746,20.492847,5.0,0.5,0.5,1.1666541,0.32070702,2.9970133,0.7959247,Safety,28,6.124646,0.10186868153048988,False
33,14,0.3551746,20.492847,5.0,0.5,1.5,1.1666541,0.32070702,2.9970133,0.7959247,Safety,69,4.4114995,0.10769580867073135,False
33,15,0.3551746,20.492847,5.0,0.5,0.5,1.1666541,0.32070702,2.9970133,0.7959247,Safety,185,0.023809358,0.09979995820772704,False
33,16,0.3551746,20.492847,5.0,0.5,0.5,1.1666541,0.32070702,2.9970133,0.7959247,Safety,0,0.3357577,0.06328610943334056,False
33,17,0.3551746,20.492847,5.0,0.5,1.5,1.1666541,0.32070702,2.9970133,0.7959247,Safety,11,5.3145647,0.04416593402560394,False
33,18,0.3551746,20.492847,5.0,0.5,1.5,1.1666541,0.32070702,2.9970133,0.7959247,Safety,83,4.9240613,0.04804256504472189,False
33,19,0.3551746,20.492847,5.0,0.5,0.5,1.1666541,0.32070702,2.9970133,0.7959247,Safety,91,6.137444,-0.05,False
33,20,0.3551746,20.492847,5.0,0.5,1.5,1.1666541,0.32070702,2.9970133,0.7959247,Safety,0,-0.8829935,-0.05,False
33,21,0.3551746,20.492847,5.0,0.5,0.5,1.1666541,0.32070702,2.9970133,0.7959247,Safety,167,3.9568977,0.013106289282117087,False
33,22,0.3551746,20.492847,5.0,0.5,1.5,1.1666541,0.32070702,2.9970133,0.7959247,Safety,12,5.3714304,-0.041648522244545426,False
33,23,0.3551746,20.492847,5.0,0.5,0.5,1.1666541,0.32070702,2.9970133,0.7959247,Safety,51,6.535406,-0.05,False
33,24,0.3551746,20.492847,5.0,0.5,1.5,1.1666541,0.32070702,2.9970133,0.7959247,Safety,152,6.599548,0.15,False
33,25,0.3551746,20.492847,0.5,3.0113623,4.011362,1.1666541,0.32070702,2.9970133,0.7959247,Safety,17,6.0177584,0.20520700283318533,False
33,26,0.3551746,20.492847,5.0,0.5,1.5,1.1666541,0.32070702,2.9970133,0.7959247,Safety,0,0.776186,0.24281653716103452,False
33,27,0.3551746,20.492847,5.0,0.5,1.5,1.1666541,0.32070702,2.9970133,0.7959247,Safety,147,6.585479,0.10613144764871911,False
33,28,0.3551746,20.492847,5.0,0.5,1.5,1.1666541,0.32070702,2.9970133,0.7959247,Safety,97,2.2693195,-0.026252903156633894,False
33,29,0.3551746,20.492847,5.0,0.5,0.5,1.1666541,0.32070702,2.9970133,0.7959247,Safety,182,2.764889,-0.05,False
33,30,0.3551746,20.492847,5.0,0.5,0.5,1.1666541,0.32070702,2.9970133,0.7959247,Safety,79,0.21518916,-0.030728329061155468,True
34,0,0.4702537,10.123999,0.0,0.0,0.0,0.98347086,0.6204423,2.2894187,0.80704707,Safety,3,1.7883227,0.4201243808493469,False
34,1,0.4702537,10.123999,5.0,0.5,0.5,0.98347086,0.6204423,2.2894187,0.80704707,Safety,131,4.466622,0.25721241311815013,False
34,2,0.4702537,10.123999,5.0,0.5,0.5,0.98347086,0.6204423,2.2894187,0.80704707,Safety,42,4.4193397,0.18100489334582398,False
34,3,0.4702537,10.123999,5.0,0.5,0.5,0.98347086,0.6204423,2.2894187,0.80704707,Safety,29,4.4101357,0.16617084442180458,False
34,4,0.4702537,10.123999,5.0,0.5,0.5,0.98347086,0.6204423,2.2894187,0.80704707,Safety,16,3.5259702,0.15137758039631166,False
34,5,0.4702537,10.123999,5.0,0.5,0.5,0.98347086,0.6204423,2.2894187,0.80704707,Safety,24,4.385546,0.12653849442371645,False
34,6,0.4702537,10.123999,5.0,0.5,0.5,0.98347086,0.6204423,2.2894187,0.80704707,Safety,101,2.5221727,0.19822179713480603,False
34,7,0.4702537,10.123999,5.0,0.5,0.5,0.98347086,0.6204423,2.2894187,0.80704707,Safety,170,3.4271874,0.07176994053481048,False
34,8,0.4702537,10.123999,5.0,0.5,1.5,0.98347086,0.6204423,2.2894187,0.80704707,Safety,136,-4.760636,-0.05,True
35,0,0.6961968,16.259829,0.0,0.0,0.0,0.8787904,0.8170263,2.0757082,1.833058,Safety,68,7.075433,0.5104847911449311,False
35,1,0.6961968,16.259829,5.0,0.5,0.5,0.8787904,0.8170263,2.0757082,1.833058,Safety,79,4.7357955,0.4126526123145704,False
35,2,0.6961968,16.259829,5.0,0.5,1.5,0.8787904,0.8170263,2.0757082,1.833058,Safety,104,6.152316,0.4221763841710273,False
35,3,0.6961968,16.259829,5.0,0.5,1.5,0.8787904,0.8170263,2.0757082,1.833058,Safety,42,4.9299364,0.3037089465634089,False
35,4,0.6961968,16.259829,5.0,0.5,0.5,0.8787904,0.8170263,2.0757082,1.833058,Safety,164,3.23875,0.2960215498584378,False
35,5,0.6961968,16.259829,5.0,0.5,0.5,0.8787904,0.8170263,2.0757082,1.833058,Safety,58,3.6524465,0.18229648769216844,False
35,6,0.6961968,16.259829,5.0,0.5,0.5,0.8787904,0.8170263,2.0757082,1.833058,Safety,71,5.329185,0.15720931983446979,False
35,7,0.6961968,16.259829,5.0,0.5,0.5,0.8787904,0.8170263,2.0757082,1.833058,Safety,172,6.7268043,0.08378104713176159,False
35,8,0.6961968,16.259829,5.0,0.5,0.5,0.8787904,0.8170263,2.0757082,1.833058,Safety,3,3.9027777,0.09191101903755573,False
35,9,0.6961968,16.259829,5.0,0.5,1.5,0.8787904,0.8170263,2.0757082,1.833058,Safety,189,6.0636015,0.3135942518483802,False
35,10,0.6961968,16.259829,0.5,2.2584772,3.2584772,0.8787904,0.8170263,2.0757082,1.833058,Safety,0,2.3158474,0.28716011095961186,False
35,11,0.6961968,16.259829,5.0,0.5,1.5,0.8787904,0.8170263,2.0757082,1.833058,Safety,42,7.7561545,0.2680586796596684,False
35,12,0.6961968,16.259829,0.5,2.5744317,3.5744317,0.8787904,0.8170263,2.0757082,1.833058,Safety,178,6.824819,0.20374600932027087,False
35,13,0.6961968,16.259829,5.0,0.5,0.5,0.8787904,0.8170263,2.0757082,1.833058,Safety,113,6.808039,0.18320845231706456,False
35,14,0.6961968,16.259829,5.0,0.5,0.5,0.8787904,0.8170263,2.0757082,1.833058,Safety,12,4.7699385,0.14120634257504017,False
35,15,0.6961968,16.259829,5.0,0.5,0.5,0.8787904,0.8170263,2.0757082,1.833058,Safety,126,-3.1685517,0.08948937869464986,True
36,0,0.6865097,9.229773,0.0,0.0,0.0,0.8112354,0.3057792,1.0559107,1.1444271,Balanced,155,4.6264157,0.448767160358413,False
36,1,0.6865097,9.229773,5.0,0.5,0.5,0.8112354,0.3057792,1.0559107,1.1444271,Balanced,168,3.037598,0.36045416912441114,False
36,2,0.6865097,9.229773,5.0,0.5,0.5,0.8112354,0.3057792,1.0559107,1.1444271,Balanced,171,4.026285,0.3574700744646619,False
36,3,0.6865097,9.229773,5.0,0.5,0.5,0.8112354,0.3057792,1.0559107,1.1444271,Balanced,104,3.1602852,0.4030108381606337,False
36,4,0.6865097,9.229773,5.0,0.5,0.5,0.8112354,0.3057792,1.0559107,1.1444271,Balanced,18,2.7616205,0.309449406923329,False
36,5,0.6865097,9.229773,5.0,0.5,0.5,0.8112354,0.3057792,1.0559107,1.1444271,Balanced,20,4.795928,0.22144828842740216,False
36,6,0.6865097,9.229773,5.0,0.5,1.5,0.8112354,0.3057792,1.0559107,1.1444271,Balanced,106,3.9201198,0.23491303102834454,False
36,7,0.6865097,9.229773,5.0,0.5,1.5,0.8112354,0.3057792,1.0559107,1.1444271,Balanced,41,3.9428415,0.08458072620987638,False
36,8,0.6865097,9.229773,5.0,0.5,0.5,0.8112354,0.3057792,1.0559107,1.1444271,Balanced,167,2.9019108,-0.04315119801937459,False
36,9,0.6865097,9.229773,5.0,0.5,0.5,0.8112354,0.3057792,1.0559107,1.1444271,Balanced,17,2.6499722,-0.05,False
36,10,0.6865097,9.229773,5.0,0.5,0.5,0.8112354,0.3057792,1.0559107,1.1444271,Balanced,81,3.6240597,0.0,False
36,11,0.6865097,9.229773,5.0,0.5,0.5,0.8112354,0.3057792,1.0559107,1.1444271,Balanced,153,5.285138,-0.05,False
36,12,0.6865097,9.229773,5.0,0.5,1.5,0.8112354,0.3057792,1.0559107,1.1444271,Balanced,79,3.4463093,-0.05,False
36,13,0.6865097,9.229773,5.0,0.5,0.5,0.8112354,0.3057792,1.0559107,1.1444271,Balanced,83,3.595387,-0.05,False
36,14,0.6865097,9.229773,5.0,0.5,0.5,0.8112354,0.3057792,1.0559107,1.1444271,Balanced,30,5.3004274,0.0,False
36,15,0.6865097,9.229773,5.0,0.5,1.5,0.8112354,0.3057792,1.0559107,1.1444271,Balanced,22,3.2232077,-0.05,False
36,16,0.6865097,9.229773,5.0,0.5,0.5,0.8112354,0.3057792,1.0559107,1.1444271,Balanced,153,4.4739027,-0.05,False
36,17,0.6865097,9.229773,5.0,0.5,0.5,0.8112354,0.3057792,1.0559107,1.1444271,Balanced,93,5.355305,0.17946880400556722,False
36,18,0.6865097,9.229773,0.5,2.436075,3.436075,0.8112354,0.3057792,1.0559107,1.1444271,Balanced,209,4.5164833,0.3138919335654155,False
36,19,0.6865097,9.229773,0.5,3.0839698,4.0839696,0.8112354,0.3057792,1.0559107,1.1444271,Balanced,9,2.4278111,0.24081365759854106,False
36,20,0.6865097,9.229773,5.0,0.5,0.5,0.8112354,0.3057792,1.0559107,1.1444271,Balanced,58,3.532119,0.25266418041724104,False
36,21,0.6865097,9.229773,5.0,0.5,0.5,0.8112354,0.3057792,1.0559107,1.1444271,Balanced,105,4.4882145,0.22144310404393053,False
36,22,0.6865097,9.229773,5.0,0.5,1.5,0.8112354,0.3057792,1.0559107,1.1444271,Balanced,34,3.476523,0.17991460196255482,False
36,23,0.6865097,9.229773,5.0,0.5,0.5,0.8112354,0.3057792,1.0559107,1.1444271,Balanced,103,3.6466482,0.1222514899950954,False
36,24,0.6865097,9.229773,5.0,0.5,0.5,0.8112354,0.3057792,1.0559107,1.1444271,Balanced,79,2.9007022,0.27383010225814275,False
36,25,0.6865097,9.229773,5.0,0.5,0.5,0.8112354,0.3057792,1.0559107,1.1444271,Balanced,40,1.8066295,0.07728965336413761,False
36,26,0.6865097,9.229773,5.0,0.5,0.5,0.8112354,0.3057792,1.0559107,1.1444271,Balanced,76,3.9486952,0.25770818093472597,False
36,27,0.6865097,9.229773,0.5,2.217287,3.217287,0.8112354,0.3057792,1.0559107,1.1444271,Balanced,137,2.809515,0.06394933440117949,False
36,28,0.6865097,9.229773,5.0,0.5,0.5,0.8112354,0.3057792,1.0559107,1.1444271,Balanced,30,3.4897153,0.07355179297009391,False
36,29,0.6865097,9.229773,5.0,0.5,1.5,0.8112354,0.3057792,1.0559107,1.1444271,Balanced,29,4.7735467,0.14825404648927265,False
36,30,0.6865097,9.229773,5.0,0.5,1.5,0.8112354,0.3057792,1.0559107,1.1444271,Balanced,197,3.607058,-0.0072221188346479614,False
36,31,0.6865097,9.229773,5.0,0.5,0.5,0.8112354,0.3057792,1.0559107,1.1444271,Balanced,212,3.5939775,-0.05,False
36,32,0.6865097,9.229773,5.0,0.5,0.5,0.8112354,0.3057792,1.0559107,1.1444271,Balanced,49,4.405213,-0.05,False
36,33,0.6865097,9.229773,5.0,0.5,1.5,0.8112354,0.3057792,1.0559107,1.1444271,Balanced,41,1.4470199,0.051082456759793005,True
37,0,0.13783844,7.2379394,0.0,0.0,0.0,0.8192895,0.630795,2.2649179,0.69905627,Safety,23,4.301253,0.4576676841568547,False
37,1,0.13783844,7.2379394,5.0,0.5,0.5,0.8192895,0.630795,2.2649179,0.69905627,Safety,10,1.856183,0.39843499945317923,False
37,2,0.13783844,7.2379394,5.0,0.5,0.5,0.8192895,0.630795,2.2649179,0.69905627,Safety,147,4.2233653,0.33419239000614953,False
37,3,0.13783844,7.2379394,5.0,0.5,0.5,0.8192895,0.630795,2.2649179,0.69905627,Safety,45,1.6160783,0.4054320779958166,False
37,4,0.13783844,7.2379394,5.0,0.5,0.5,0.8192895,0.630795,2.2649179,0.69905627,Safety,200,1.3784618,0.509637815716652,False
37,5,0.13783844,7.2379394,0.5,2.2620378,3.2620378,0.8192895,0.630795,2.2649179,0.69905627,Safety,14,5.1521373,0.5077548889920894,False
37,6,0.13783844,7.2379394,5.0,0.5,1.5,0.8192895,0.630795,2.2649179,0.69905627,Safety,183,5.011944,0.5088032504202025,False
37,7,0.13783844,7.2379394,5.0,0.5,1.5,0.8192895,0.630795,2.2649179,0.69905627,Safety,114,5.1507845,0.5056103876100355,False
37,8,0.13783844,7.2379394,5.0,0.5,1.5,0.8192895,0.630795,2.2649179,0.69905627,Safety,53,5.0791516,0.3920504236800612,False
37,9,0.13783844,7.2379394,5.0,0.5,1.5,0.8192895,0.630795,2.2649179,0.69905627,Safety,85,3.2765946,0.5310709190789717,False
37,10,0.13783844,7.2379394,0.5,3.3022368,4.302237,0.8192895,0.630795,2.2649179,0.69905627,Safety,128,4.3135924,0.47722956295099944,False
37,11,0.13783844,7.2379394,5.0,0.5,0.5,0.8192895,0.630795,2.2649179,0.69905627,Safety,3,1.6767629,0.49565086850035395,False
37,12,0.13783844,7.2379394,5.0,0.5,0.5,0.8192895,0.630795,2.2649179,0.69905627,Safety,90,2.4520857,0.518328105798723,False
37,13,0.13783844,7.2379394,5.0,0.5,0.5,0.8192895,0.630795,2.2649179,0.69905627,Safety,34,3.0442173,0.39045038950567695,False
37,14,0.13783844,7.2379394,5.0,0.5,1.5,0.8192895,0.630795,2.2649179,0.69905627,Safety,72,2.3632383,0.3774782976119621,False
37,15,0.13783844,7.2379394,5.0,0.5,0.5,0.8192895,0.630795,2.2649179,0.69905627,Safety,13,3.7148283,0.3308338641270196,False
37,16,0.13783844,7.2379394,5.0,0.5,0.5,0.8192895,0.630795,2.2649179,0.69905627,Safety,179,2.1297617,0.264324598796001,False
37,17,0.13783844,7.2379394,5.0,0.5,0.5,0.8192895,0.630795,2.2649179,0.69905627,Safety,52,-4.169524,0.02108268815562557,True
38,0,0.84259254,1.7130414,0.0,0.0,0.0,1.0915254,0.93729675,2.7857854,1.2960862,Safety,57,4.580891,0.788132207467827,False
38,1,0.84259254,1.7130414,0.5,1.9695203,2.9695203,1.0915254,0.93729675,2.7857854,1.2960862,Safety,57,4.3692813,0.7092399235351068,False
38,2,0.84259254,1.7130414,5.0,0.5,0.5,1.0915254,0.93729675,2.7857854,1.2960862,Safety,63,4.440992,0.6582953737483881,False
38,3,0.84259254,1.7130414,5.0,0.5,1.5,1.0915254,0.93729675,2.7857854,1.2960862,Safety,211,5.39487,0.6388919169949957,False
38,4,0.84259254,1.7130414,5.0,0.5,1.5,1.0915254,0.93729675,2.7857854,1.2960862,Safety,3,4.2876997,0.6222003668842038,False
38,5,0.84259254,1.7130414,5.0,0.5,0.5,1.0915254,0.93729675,2.7857854,1.2960862,Safety,52,4.1351743,0.4594714125086404,False
38,6,0.84259254,1.7130414,5.0,0.5,0.5,1.0915254,0.93729675,2.7857854,1.2960862,Safety,0,1.5248582,0.46922746732105886,False
38,7,0.84259254,1.7130414,5.0,0.5,1.5,1.0915254,0.93729675,2.7857854,1.2960862,Safety,126,5.2379823,0.4715089558640728,False
38,8,0.84259254,1.7130414,0.5,2.9718628,3.9718628,1.0915254,0.93729675,2.7857854,1.2960862,Safety,58,3.00664,0.29633334119465954,False
38,9,0.84259254,1.7130414,5.0,0.5,0.5,1.0915254,0.93729675,2.7857854,1.2960862,Safety,126,4.915645,0.12760814399184778,False
38,10,0.84259254,1.7130414,5.0,0.5,1.5,1.0915254,0.93729675,2.7857854,1.2960862,Safety,153,6.168984,0.1525480078911325,False
38,11,0.84259254,1.7130414,5.0,0.5,0.5,1.0915254,0.93729675,2.7857854,1.2960862,Safety,117,6.17715,0.16126013377788506,False
38,12,0.84259254,1.7130414,5.0,0.5,0.5,1.0915254,0.93729675,2.7857854,1.2960862,Safety,69,5.0771813,0.03983051204807235,False
38,13,0.84259254,1.7130414,5.0,0.5,0.5,1.0915254,0.93729675,2.7857854,1.2960862,Safety,49,3.6576483,-0.05,False
38,14,0.84259254,1.7130414,5.0,0.5,0.5,1.0915254,0.93729675,2.7857854,1.2960862,Safety,63,2.6542268,-0.05,False
38,15,0.84259254,1.7130414,5.0,0.5,0.5,1.0915254,0.93729675,2.7857854,1.2960862,Safety,122,7.258121,0.15,False
38,16,0.84259254,1.7130414,0.5,1.9608718,2.9608717,1.0915254,0.93729675,2.7857854,1.2960862,Safety,93,6.1212807,0.10165373221437697,False
38,17,0.84259254,1.7130414,5.0,0.5,0.5,1.0915254,0.93729675,2.7857854,1.2960862,Safety,100,1.5100764,0.13555073585927468,False
38,18,0.84259254,1.7130414,5.0,0.5,0.5,1.0915254,0.93729675,2.7857854,1.2960862,Safety,204,3.6879325,-0.017689778205521714,False
38,19,0.84259254,1.7130414,5.0,0.5,0.5,1.0915254,0.93729675,2.7857854,1.2960862,Safety,140,4.7491736,-0.05,False
38,20,0.84259254,1.7130414,5.0,0.5,1.5,1.0915254,0.93729675,2.7857854,1.2960862,Safety,204,3.6611829,-0.04622892482464987,False
38,21,0.84259254,1.7130414,5.0,0.5,0.5,1.0915254,0.93729675,2.7857854,1.2960862,Safety,34,2.3147705,-0.02893042866166433,False
38,22,0.84259254,1.7130414,5.0,0.5,0.5,1.0915254,0.93729675,2.7857854,1.2960862,Safety,24,4.6027613,-0.05,False
38,23,0.84259254,1.7130414,5.0,0.5,0.5,1.0915254,0.93729675,2.7857854,1.2960862,Safety,164,-8.263622,-0.05,True
39,0,0.97903085,8.083077,0.0,0.0,0.0,0.60623014,0.9054928,1.2861997,0.5647893,Balanced,47,2.4620588,0.406750300896701,False
39,1,0.97903085,8.083077,5.0,0.5,0.5,0.60623014,0.9054928,1.2861997,0.5647893,Balanced,118,3.6002462,0.3267205941080651,False
39,2,0.97903085,8.083077,5.0,0.5,1.5,0.60623014,0.9054928,1.2861997,0.5647893,Balanced,26,2.319372,0.2542143630046756,False
39,3,0.97903085,8.083077,5.0,0.5,0.5,0.60623014,0.9054928,1.2861997,0.5647893,Balanced,80,3.1040235,0.448209523421899,False
39,4,0.97903085,8.083077,0.5,1.8601857,1.8601857,0.60623014,0.9054928,1.2861997,0.5647893,Balanced,179,1.8652314,0.2638249536291874,False
39,5,0.97903085,8.083077,5.0,0.5,0.5,0.60623014,0.9054928,1.2861997,0.5647893,Balanced,57,2.3169324,0.09316738994534544,False
39,6,0.97903085,8.083077,5.0,0.5,1.5,0.60623014,0.9054928,1.2861997,0.5647893,Balanced,48,-6.9602165,0.008373306733254135,True
40,0,0.05623308,16.412226,0.0,0.0,0.0,1.4957539,0.15402055,1.4599351,0.5667701,Balanced,8,1.7324898,0.4690419331504761,False
40,1,0.05623308,16.412226,5.0,0.5,0.5,1.4957539,0.15402055,1.4599351,0.5667701,Balanced,58,1.3053411,0.43602123155264955,False
40,2,0.05623308,16.412226,5.0,0.5,0.5,1.4957539,0.15402055,1.4599351,0.5667701,Balanced,38,4.4306326,0.37669205156331903,False
40,3,0.05623308,16.412226,5.0,0.5,1.5,1.4957539,0.15402055,1.4599351,0.5667701,Balanced,182,1.7001009,0.2587525329826951,False
40,4,0.05623308,16.412226,5.0,0.5,0.5,1.4957539,0.15402055,1.4599351,0.5667701,Balanced,58,1.2196715,0.2073489373270126,True
41,0,0.2826395,5.005372,0.0,0.0,0.0,0.51924175,0.20762523,2.8436382,0.57326233,Safety,132,4.930732,0.6487470702003489,False
41,1,0.2826395,5.005372,0.5,2.4951816,3.4951816,0.51924175,0.20762523,2.8436382,0.57326233,Safety,66,4.3397975,0.740937481332497,False
41,2,0.2826395,5.005372,5.0,0.5,0.5,0.51924175,0.20762523,2.8436382,0.57326233,Safety,153,4.4042377,0.6138168278273322,False
41,3,0.2826395,5.005372,5.0,0.5,0.5,0.51924175,0.20762523,2.8436382,0.57326233,Safety,28,3.7878256,0.6124789955326654,False
41,4,0.2826395,5.005372,5.0,0.5,0.5,0.51924175,0.20762523,2.8436382,0.57326233,Safety,84,3.958282,0.5654718555512843,False
41,5,0.2826395,5.005372,5.0,0.5,0.5,0.51924175,0.20762523,2.8436382,0.57326233,Safety,12,4.4500575,0.47558463010454916,False
41,6,0.2826395,5.005372,5.0,0.5,1.5,0.51924175,0.20762523,2.8436382,0.57326233,Safety,29,4.3532715,0.3683435670513889,False
41,7,0.2826395,5.005372,5.0,0.5,0.5,0.51924175,0.20762523,2.8436382,0.57326233,Safety,170,1.9753165,0.3285774861313262,False
41,8,0.2826395,5.005372,5.0,0.5,0.5,0.51924175,0.20762523,2.8436382,0.57326233,Safety,62,1.5180495,0.2956015588070731,False
41,9,0.2826395,5.005372,5.0,0.5,0.5,0.51924175,0.20762523,2.8436382,0.57326233,Safety,43,4.30899,0.15506700115422278,False
41,10,0.2826395,5.005372,5.0,0.5,0.5,0.51924175,0.20762523,2.8436382,0.57326233,Safety,47,4.3098207,0.1590684984209067,False
41,11,0.2826395,5.005372,5.0,0.5,0.5,0.51924175,0.20762523,2.8436382,0.57326233,Safety,60,1.9891218,0.09049288717066502,False
41,12,0.2826395,5.005372,5.0,0.5,1.5,0.51924175,0.20762523,2.8436382,0.57326233,Safety,2,1.9649388,0.2785946794354715,False
41,13,0.2826395,5.005372,0.5,2.7902598,2.7902598,0.51924175,0.20762523,2.8436382,0.57326233,Safety,132,4.8957543,0.480280936719494,False
41,14,0.2826395,5.005372,0.5,2.5730207,3.5730207,0.51924175,0.20762523,2.8436382,0.57326233,Safety,149,1.9938442,0.43811472517277444,False
41,15,0.2826395,5.005372,5.0,0.5,0.5,0.51924175,0.20762523,2.8436382,0.57326233,Safety,26,4.3583074,0.39259963635026196,False
41,16,0.2826395,5.005372,5.0,0.5,0.5,0.51924175,0.20762523,2.8436382,0.57326233,Safety,143,2.4148543,0.32817136882508413,False
41,17,0.2826395,5.005372,5.0,0.5,1.5,0.51924175,0.20762523,2.8436382,0.57326233,Safety,143,1.8751336,0.3093854580010933,False
41,18,0.2826395,5.005372,5.0,0.5,0.5,0.51924175,0.20762523,2.8436382,0.57326233,Safety,17,1.6333163,0.18116619525287486,True
42,0,0.53280175,7.7603993,0.0,0.0,0.0,1.4117972,0.49672392,1.4798591,1.4594121,Balanced,208,6.766683,0.45598126647858134,False
42,1,0.53280175,7.7603993,5.0,0.5,1.5,1.4117972,0.49672392,1.4798591,1.4594121,Balanced,153,5.2840953,0.31346604647251036,False
42,2,0.53280175,7.7603993,5.0,0.5,0.5,1.4117972,0.49672392,1.4798591,1.4594121,Balanced,216,2.7685142,0.2145191007607563,False
42,3,0.53280175,7.7603993,5.0,0.5,0.5,1.4117972,0.49672392,1.4798591,1.4594121,Balanced,131,5.22772,0.19997130206672664,False
42,4,0.53280175,7.7603993,5.0,0.5,0.5,1.4117972,0.49672392,1.4798591,1.4594121,Balanced,76,4.0685296,0.16534353410080582,False
42,5,0.53280175,7.7603993,5.0,0.5,0.5,1.4117972,0.49672392,1.4798591,1.4594121,Balanced,171,4.9100757,0.07664116926138666,False
42,6,0.53280175,7.7603993,5.0,0.5,0.5,1.4117972,0.49672392,1.4798591,1.4594121,Balanced,43,5.1975274,0.1391881962334842,False
42,7,0.53280175,7.7603993,5.0,0.5,0.5,1.4117972,0.49672392,1.4798591,1.4594121,Balanced,61,-2.177796,0.10114259353020343,True
43,0,0.73056424,2.6306055,0.0,0.0,0.0,0.6967172,0.52639854,2.0400538,1.7860309,Safety,120,7.489194,0.5458706647260305,False
43,1,0.73056424,2.6306055,5.0,0.5,1.5,0.6967172,0.52639854,2.0400538,1.7860309,Safety,0,1.5334872,0.5642576373274574,False
43,2,0.73056424,2.6306055,5.0,0.5,0.5,0.6967172,0.52639854,2.0400538,1.7860309,Safety,168,4.7249265,0.4923761478325998,False
43,3,0.73056424,2.6306055,5.0,0.5,0.5,0.6967172,0.52639854,2.0400538,1.7860309,Safety,170,4.6532984,0.4482701923789347,False
43,4,0.73056424,2.6306055,5.0,0.5,0.5,0.6967172,0.52639854,2.0400538,1.7860309,Safety,58,4.644977,0.5220401062136525,False
43,5,0.73056424,2.6306055,5.0,0.5,0.5,0.6967172,0.52639854,2.0400538,1.7860309,Safety,53,7.413371,0.4018297711735919,False
43,6,0.73056424,2.6306055,5.0,0.5,1.5,0.6967172,0.52639854,2.0400538,1.7860309,Safety,78,7.3802614,0.3389313491287792,False
43,7,0.73056424,2.6306055,5.0,0.5,1.5,0.6967172,0.52639854,2.0400538,1.7860309,Safety,162,6.6644664,0.3026894118875957,False
43,8,0.73056424,2.6306055,5.0,0.5,0.5,0.6967172,0.52639854,2.0400538,1.7860309,Safety,153,7.3335905,0.2502701172516631,False
43,9,0.73056424,2.6306055,5.0,0.5,1.5,0.6967172,0.52639854,2.0400538,1.7860309,Safety,14,7.3296056,0.2427003484406755,False
43,10,0.73056424,2.6306055,5.0,0.5,1.5,0.6967172,0.52639854,2.0400538,1.7860309,Safety,83,6.5969157,0.17436345110044577,False
43,11,0.73056424,2.6306055,5.0,0.5,0.5,0.6967172,0.52639854,2.0400538,1.7860309,Safety,48,7.289186,0.1659151787590466,False
43,12,0.73056424,2.6306055,5.0,0.5,1.5,0.6967172,0.52639854,2.0400538,1.7860309,Safety,191,7.2191854,0.03293460958403069,False
43,13,0.73056424,2.6306055,5.0,0.5,1.5,0.6967172,0.52639854,2.0400538,1.7860309,Safety,1,3.0041246,0.08473332833823037,False
43,14,0.73056424,2.6306055,5.0,0.5,0.5,0.6967172,0.52639854,2.0400538,1.7860309,Safety,84,0.87725115,0.12431632429670152,True
44,0,0.07765353,1.1394126,0.0,0.0,0.0,1.330469,0.21612845,2.045532,0.5088737,Safety,17,3.4207842,0.47688303198241383,False
44,1,0.07765353,1.1394126,5.0,0.5,0.5,1.330469,0.21612845,2.045532,0.5088737,Safety,58,2.6609619,0.49865035384522033,False
44,2,0.07765353,1.1394126,5.0,0.5,1.5,1.330469,0.21612845,2.045532,0.5088737,Safety,3,1.2038102,0.5482979077982149,False
44,3,0.07765353,1.1394126,5.0,0.5,0.5,1.330469,0.21612845,2.045532,0.5088737,Safety,14,4.199042,0.38733400864662687,False
44,4,0.07765353,1.1394126,5.0,0.5,1.5,1.330469,0.21612845,2.045532,0.5088737,Safety,26,3.4207659,0.4767981877874339,False
44,5,0.07765353,1.1394126,5.0,0.5,0.5,1.330469,0.21612845,2.045532,0.5088737,Safety,106,1.7381492,0.578558165661277,False
44,6,0.07765353,1.1394126,0.5,2.969206,2.969206,1.330469,0.21612845,2.045532,0.5088737,Safety,54,3.0726798,0.5973508800106748,False
44,7,0.07765353,1.1394126,5.0,0.5,1.5,1.330469,0.21612845,2.045532,0.5088737,Safety,47,2.9093077,0.5844790017556741,False
44,8,0.07765353,1.1394126,5.0,0.5,0.5,1.330469,0.21612845,2.045532,0.5088737,Safety,1,1.3385464,0.5355208710664362,False
44,9,0.07765353,1.1394126,5.0,0.5,0.5,1.330469,0.21612845,2.045532,0.5088737,Safety,71,4.342811,0.4265216546558988,False
44,10,0.07765353,1.1394126,5.0,0.5,1.5,1.330469,0.21612845,2.045532,0.5088737,Safety,8,1.1333146,0.26747408772267545,False
44,11,0.07765353,1.1394126,5.0,0.5,0.5,1.330469,0.21612845,2.045532,0.5088737,Safety,45,2.9785151,0.16166310556621338,False
44,12,0.07765353,1.1394126,5.0,0.5,1.5,1.330469,0.21612845,2.045532,0.5088737,Safety,4,2.4378386,0.1652026464146269,False
44,13,0.07765353,1.1394126,5.0,0.5,1.5,1.330469,0.21612845,2.045532,0.5088737,Safety,197,2.976038,0.15020090643622652,False
44,14,0.07765353,1.1394126,5.0,0.5,1.5,1.330469,0.21612845,2.045532,0.5088737,Safety,52,1.6486497,0.16445508196667358,False
44,15,0.07765353,1.1394126,5.0,0.5,0.5,1.330469,0.21612845,2.045532,0.5088737,Safety,49,2.9769301,0.15432921832811997,False
44,16,0.07765353,1.1394126,5.0,0.5,1.5,1.330469,0.21612845,2.045532,0.5088737,Safety,11,0.801159,0.19494591321243537,True
45,0,0.9415925,0.33926478,0.0,0.0,0.0,1.2568114,0.7804492,1.0246766,1.401319,Balanced,194,4.0587053,0.49282951682247716,False
45,1,0.9415925,0.33926478,5.0,0.5,0.5,1.2568114,0.7804492,1.0246766,1.401319,Balanced,52,3.7568061,0.40516321334631217,False
45,2,0.9415925,0.33926478,5.0,0.5,1.5,1.2568114,0.7804492,1.0246766,1.401319,Balanced,1,4.1362786,0.4004932936977761,False
45,3,0.9415925,0.33926478,5.0,0.5,1.5,1.2568114,0.7804492,1.0246766,1.401319,Balanced,10,3.677219,0.3164276403100116,False
45,4,0.9415925,0.33926478,5.0,0.5,1.5,1.2568114,0.7804492,1.0246766,1.401319,Balanced,102,5.2613683,0.4234482034673117,False
45,5,0.9415925,0.33926478,0.5,2.658489,3.658489,1.2568114,0.7804492,1.0246766,1.401319,Balanced,141,3.9852772,0.3987449664797854,False
45,6,0.9415925,0.33926478,5.0,0.5,0.5,1.2568114,0.7804492,1.0246766,1.401319,Balanced,180,4.812478,0.36453849552038714,False
45,7,0.9415925,0.33926478,5.0,0.5,0.5,1.2568114,0.7804492,1.0246766,1.401319,Balanced,143,4.8977923,0.2985170121294761,False
45,8,0.9415925,0.33926478,5.0,0.5,1.5,1.2568114,0.7804492,1.0246766,1.401319,Balanced,13,4.440818,0.2754866392646298,False
45,9,0.9415925,0.33926478,5.0,0.5,0.5,1.2568114,0.7804492,1.0246766,1.401319,Balanced,170,3.950656,0.35438421964215433,False
45,10,0.9415925,0.33926478,5.0,0.5,0.5,1.2568114,0.7804492,1.0246766,1.401319,Balanced,26,6.192181,0.5220013990167687,False
45,11,0.9415925,0.33926478,0.5,2.7557373,3.7557373,1.2568114,0.7804492,1.0246766,1.401319,Balanced,37,4.885768,0.45844575133509097,False
45,12,0.9415925,0.33926478,5.0,0.5,0.5,1.2568114,0.7804492,1.0246766,1.401319,Balanced,15,4.899317,0.47580599557854447,False
45,13,0.9415925,0.33926478,5.0,0.5,0.5,1.2568114,0.7804492,1.0246766,1.401319,Balanced,0,2.8824174,0.37712597828638966,False
45,14,0.9415925,0.33926478,5.0,0.5,1.5,1.2568114,0.7804492,1.0246766,1.401319,Balanced,113,5.0252695,0.6371911277234056,False
45,15,0.9415925,0.33926478,0.5,1.8268772,1.8268772,1.2568114,0.7804492,1.0246766,1.401319,Balanced,0,1.6777025,0.45692678370304957,False
45,16,0.9415925,0.33926478,5.0,0.5,0.5,1.2568114,0.7804492,1.0246766,1.401319,Balanced,21,4.5793495,0.4592922157922895,False
45,17,0.9415925,0.33926478,5.0,0.5,0.5,1.2568114,0.7804492,1.0246766,1.401319,Balanced,78,3.774589,0.41908082005327296,False
45,18,0.9415925,0.33926478,5.0,0.5,0.5,1.2568114,0.7804492,1.0246766,1.401319,Balanced,118,4.8822117,0.4538895733247914,False
45,19,0.9415925,0.33926478,5.0,0.5,0.5,1.2568114,0.7804492,1.0246766,1.401319,Balanced,194,5.1796064,0.31868585980877345,False
45,20,0.9415925,0.33926478,5.0,0.5,1.5,1.2568114,0.7804492,1.0246766,1.401319,Balanced,20,3.2024677,0.22489840696932625,False
45,21,0.9415925,0.33926478,5.0,0.5,0.5,1.2568114,0.7804492,1.0246766,1.401319,Balanced,0,-6.362201,0.17393786200881617,True
46,0,0.21142194,22.03715,0.0,0.0,0.0,1.4825858,0.971423,2.4900744,0.81728363,Safety,70,5.948549,0.5831163792051681,False
46,1,0.21142194,22.03715,5.0,0.5,1.5,1.4825858,0.971423,2.4900744,0.81728363,Safety,121,4.464585,0.5391857970106424,False
46,2,0.21142194,22.03715,5.0,0.5,1.5,1.4825858,0.971423,2.4900744,0.81728363,Safety,58,4.2242756,0.47905340533376267,False
46,3,0.21142194,22.03715,5.0,0.5,1.5,1.4825858,0.971423,2.4900744,0.81728363,Safety,29,6.4632964,0.4605892283040695,False
46,4,0.21142194,22.03715,5.0,0.5,1.5,1.4825858,0.971423,2.4900744,0.81728363,Safety,58,2.6101546,0.3616660658494016,False
46,5,0.21142194,22.03715,5.0,0.5,0.5,1.4825858,0.971423,2.4900744,0.81728363,Safety,170,2.7216678,0.27119623407972876,False
46,6,0.21142194,22.03715,5.0,0.5,0.5,1.4825858,0.971423,2.4900744,0.81728363,Safety,63,1.9670314,0.14851061721001618,False
46,7,0.21142194,22.03715,5.0,0.5,0.5,1.4825858,0.971423,2.4900744,0.81728363,Safety,37,3.767128,0.11636906342868149,False
46,8,0.21142194,22.03715,5.0,0.5,0.5,1.4825858,0.971423,2.4900744,0.81728363,Safety,208,-3.6548195,0.04482182377658836,True
47,0,0.6307695,10.702902,0.0,0.0,0.0,0.5168928,0.20982344,1.2123642,1.4210755,Balanced,58,3.9821944,0.5599778947367194,False
47,1,0.6307695,10.702902,0.5,2.884825,3.884825,0.5168928,0.20982344,1.2123642,1.4210755,Balanced,189,4.4064336,0.6424042061268695,False
47,2,0.6307695,10.702902,5.0,0.5,1.5,0.5168928,0.20982344,1.2123642,1.4210755,Balanced,42,3.3432252,0.5311033821539657,False
47,3,0.6307695,10.702902,5.0,0.5,0.5,0.5168928,0.20982344,1.2123642,1.4210755,Balanced,170,3.5236845,0.5717882090294468,False
47,4,0.6307695,10.702902,5.0,0.5,0.5,0.5168928,0.20982344,1.2123642,1.4210755,Balanced,135,3.8659825,0.5301280259535774,False
47,5,0.6307695,10.702902,5.0,0.5,0.5,0.5168928,0.20982344,1.2123642,1.4210755,Balanced,106,3.884535,0.6185471319838425,False
47,6,0.6307695,10.702902,5.0,0.5,0.5,0.5168928,0.20982344,1.2123642,1.4210755,Balanced,16,4.3101726,0.7074712850589726,False
47,7,0.6307695,10.702902,0.5,1.3660656,2.3660657,0.5168928,0.20982344,1.2123642,1.4210755,Balanced,0,1.8610351,0.6423315888818999,False
47,8,0.6307695,10.702902,5.0,0.5,1.5,0.5168928,0.20982344,1.2123642,1.4210755,Balanced,19,2.844685,0.5739883085699147,False
47,9,0.6307695,10.702902,5.0,0.5,1.5,0.5168928,0.20982344,1.2123642,1.4210755,Balanced,128,4.887133,0.5818236067628685,False
47,10,0.6307695,10.702902,5.0,0.5,0.5,0.5168928,0.20982344,1.2123642,1.4210755,Balanced,164,2.4990802,0.5437089511510964,False
47,11,0.6307695,10.702902,5.0,0.5,0.5,0.5168928,0.20982344,1.2123642,1.4210755,Balanced,150,5.387929,0.5051075162571186,False
47,12,0.6307695,10.702902,5.0,0.5,1.5,0.5168928,0.20982344,1.2123642,1.4210755,Balanced,144,4.864423,0.47358817540804965,False
47,13,0.6307695,10.702902,5.0,0.5,0.5,0.5168928,0.20982344,1.2123642,1.4210755,Balanced,206,5.360175,0.37283465287900047,False
47,14,0.6307695,10.702902,5.0,0.5,1.5,0.5168928,0.20982344,1.2123642,1.4210755,Balanced,187,4.3808565,0.5205069882885663,False
47,15,0.6307695,10.702902,0.5,2.296715,3.296715,0.5168928,0.20982344,1.2123642,1.4210755,Balanced,204,3.8684862,0.5420598479782347,False
47,16,0.6307695,10.702902,5.0,0.5,0.5,0.5168928,0.20982344,1.2123642,1.4210755,Balanced,6,3.8228917,0.3247609865739491,False
47,17,0.6307695,10.702902,5.0,0.5,0.5,0.5168928,0.20982344,1.2123642,1.4210755,Balanced,204,3.8214128,0.3177120116648277,False
47,18,0.6307695,10.702902,5.0,0.5,0.5,0.5168928,0.20982344,1.2123642,1.4210755,Balanced,143,3.808363,0.2555179652563268,False
47,19,0.6307695,10.702902,5.0,0.5,0.5,0.5168928,0.20982344,1.2123642,1.4210755,Balanced,34,3.9742808,0.295671869552416,False
47,20,0.6307695,10.702902,5.0,0.5,1.5,0.5168928,0.20982344,1.2123642,1.4210755,Balanced,52,3.8119829,0.27277004270629457,False
47,21,0.6307695,10.702902,5.0,0.5,0.5,0.5168928,0.20982344,1.2123642,1.4210755,Balanced,60,2.7257032,0.3112559237795382,False
47,22,0.6307695,10.702902,5.0,0.5,0.5,0.5168928,0.20982344,1.2123642,1.4210755,Balanced,150,5.3364487,0.25975602217119576,False
47,23,0.6307695,10.702902,5.0,0.5,1.5,0.5168928,0.20982344,1.2123642,1.4210755,Balanced,3,2.2585125,0.12733221599673095,False
47,24,0.6307695,10.702902,5.0,0.5,0.5,0.5168928,0.20982344,1.2123642,1.4210755,Balanced,21,4.9239297,0.08421683366214154,False
47,25,0.6307695,10.702902,5.0,0.5,1.5,0.5168928,0.20982344,1.2123642,1.4210755,Balanced,74,5.3036685,0.10352855989990685,False
47,26,0.6307695,10.702902,5.0,0.5,1.5,0.5168928,0.20982344,1.2123642,1.4210755,Balanced,9,2.7361932,-0.0260166623545348,False
47,27,0.6307695,10.702902,5.0,0.5,1.5,0.5168928,0.20982344,1.2123642,1.4210755,Balanced,43,4.7545614,-0.05,False
47,28,0.6307695,10.702902,5.0,0.5,0.5,0.5168928,0.20982344,1.2123642,1.4210755,Balanced,29,2.6649582,-0.008865034596087035,True
48,0,0.9325014,0.11056129,0.0,0.0,0.0,1.1476393,0.674276,2.8658397,1.355409,Safety,11,6.2580676,0.4775049685075432,False
48,1,0.9325014,0.11056129,5.0,0.5,1.5,1.1476393,0.674276,2.8658397,1.355409,Safety,153,7.688033,0.4242056590838495,False
48,2,0.9325014,0.11056129,5.0,0.5,1.5,1.1476393,0.674276,2.8658397,1.355409,Safety,49,4.087961,0.3289435428029929,False
48,3,0.9325014,0.11056129,5.0,0.5,0.5,1.1476393,0.674276,2.8658397,1.355409,Safety,31,7.639188,0.3517639761796312,False
48,4,0.9325014,0.11056129,5.0,0.5,1.5,1.1476393,0.674276,2.8658397,1.355409,Safety,63,4.3260865,0.5054850037712763,False
48,5,0.9325014,0.11056129,0.5,2.9105053,3.9105053,1.1476393,0.674276,2.8658397,1.355409,Safety,52,4.333641,0.6933040169149953,False
48,6,0.9325014,0.11056129,5.0,0.5,0.5,1.1476393,0.674276,2.8658397,1.355409,Safety,29,7.838501,0.6473602349667588,False
48,7,0.9325014,0.11056129,5.0,0.5,1.5,1.1476393,0.674276,2.8658397,1.355409,Safety,47,7.9265676,0.7779692939604076,False
48,8,0.9325014,0.11056129,0.5,1.6326714,2.6326714,1.1476393,0.674276,2.8658397,1.355409,Safety,52,5.518323,0.7482411074583658,False
48,9,0.9325014,0.11056129,5.0,0.5,1.5,1.1476393,0.674276,2.8658397,1.355409,Safety,164,1.6306126,0.7289333504091573,False
48,10,0.9325014,0.11056129,5.0,0.5,0.5,1.1476393,0.674276,2.8658397,1.355409,Safety,48,5.269564,0.6978747596200827,False
48,11,0.9325014,0.11056129,5.0,0.5,0.5,1.1476393,0.674276,2.8658397,1.355409,Safety,49,4.3396273,0.7021821068573075,False
48,12,0.9325014,0.11056129,5.0,0.5,0.5,1.1476393,0.674276,2.8658397,1.355409,Safety,63,3.3208053,0.7120479679953764,False
48,13,0.9325014,0.11056129,5.0,0.5,0.5,1.1476393,0.674276,2.8658397,1.355409,Safety,63,3.2506151,0.6340553776177819,False
48,14,0.9325014,0.11056129,5.0,0.5,0.5,1.1476393,0.674276,2.8658397,1.355409,Safety,61,3.1483338,0.5080190798348971,False
48,15,0.9325014,0.11056129,5.0,0.5,0.5,1.1476393,0.674276,2.8658397,1.355409,Safety,0,0.34914514,0.4868144398045576,False
48,16,0.9325014,0.11056129,5.0,0.5,0.5,1.1476393,0.674276,2.8658397,1.355409,Safety,20,6.2247868,0.4317891651830178,False
48,17,0.9325014,0.11056129,5.0,0.5,1.5,1.1476393,0.674276,2.8658397,1.355409,Safety,27,4.1011567,0.3485129652747373,False
48,18,0.9325014,0.11056129,5.0,0.5,0.5,1.1476393,0.674276,2.8658397,1.355409,Safety,124,6.5152297,0.38688516673771245,False
48,19,0.9325014,0.11056129,5.0,0.5,0.5,1.1476393,0.674276,2.8658397,1.355409,Safety,12,5.3896613,0.298231582307808,False
48,20,0.9325014,0.11056129,5.0,0.5,0.5,1.1476393,0.674276,2.8658397,1.355409,Safety,182,5.1367493,0.1823402112478848,False
48,21,0.9325014,0.11056129,5.0,0.5,1.5,1.1476393,0.674276,2.8658397,1.355409,Safety,29,7.500778,0.14649292587954382,False
48,22,0.9325014,0.11056129,5.0,0.5,1.5,1.1476393,0.674276,2.8658397,1.355409,Safety,118,6.0565944,0.18665174512671873,False
48,23,0.9325014,0.11056129,5.0,0.5,0.5,1.1476393,0.674276,2.8658397,1.355409,Safety,68,7.5151896,0.16786590921997196,False
48,24,0.9325014,0.11056129,5.0,0.5,1.5,1.1476393,0.674276,2.8658397,1.355409,Safety,198,7.5435653,0.20994913454014638,False
48,25,0.9325014,0.11056129,5.0,0.5,1.5,1.1476393,0.674276,2.8658397,1.355409,Safety,182,3.6091409,0.13252829310776687,False
48,26,0.9325014,0.11056129,5.0,0.5,0.5,1.1476393,0.674276,2.8658397,1.355409,Safety,88,7.5537157,0.22500288896730813,False
48,27,0.9325014,0.11056129,0.5,2.5521443,3.5521443,1.1476393,0.674276,2.8658397,1.355409,Safety,0,0.14291202,0.17883212245313018,False
48,28,0.9325014,0.11056129,5.0,0.5,0.5,1.1476393,0.674276,2.8658397,1.355409,Safety,71,6.3281884,0.10948913669078496,False
48,29,0.9325014,0.11056129,5.0,0.5,0.5,1.1476393,0.674276,2.8658397,1.355409,Safety,58,-2.0311117,0.09308443044263563,True
49,0,0.8849981,17.544209,0.0,0.0,0.0,1.4401325,0.38290408,2.3843656,1.3573197,Safety,83,6.4093723,0.6449359742621757,False
49,1,0.8849981,17.544209,0.5,2.51229,3.51229,1.4401325,0.38290408,2.3843656,1.3573197,Safety,88,7.422251,0.5339553279556484,False
49,2,0.8849981,17.544209,5.0,0.5,1.5,1.4401325,0.38290408,2.3843656,1.3573197,Safety,88,6.3496194,0.5252992960012529,False
49,3,0.8849981,17.544209,5.0,0.5,1.5,1.4401325,0.38290408,2.3843656,1.3573197,Safety,14,6.312054,0.4703856345158732,False
49,4,0.8849981,17.544209,5.0,0.5,1.5,1.4401325,0.38290408,2.3843656,1.3573197,Safety,8,5.427605,0.5139116363786027,False
49,5,0.8849981,17.544209,5.0,0.5,1.5,1.4401325,0.38290408,2.3843656,1.3573197,Safety,54,5.3888416,0.41267694406712885,False
49,6,0.8849981,17.544209,5.0,0.5,1.5,1.4401325,0.38290408,2.3843656,1.3573197,Safety,153,7.4625726,0.63925946553661,False
49,7,0.8849981,17.544209,0.5,2.4145317,3.4145317,1.4401325,0.38290408,2.3843656,1.3573197,Safety,199,5.487492,0.6703142465286526,False
49,8,0.8849981,17.544209,0.5,2.7516525,3.7516525,1.4401325,0.38290408,2.3843656,1.3573197,Safety,0,0.60404843,0.6410080725879848,False
49,9,0.8849981,17.544209,5.0,0.5,0.5,1.4401325,0.38290408,2.3843656,1.3573197,Safety,147,5.622224,0.5380433335000465,False
49,10,0.8849981,17.544209,5.0,0.5,0.5,1.4401325,0.38290408,2.3843656,1.3573197,Safety,138,5.427672,0.5140865438155604,False
49,11,0.8849981,17.544209,5.0,0.5,1.5,1.4401325,0.38290408,2.3843656,1.3573197,Safety,0,1.9330869,0.3677424834348984,False
49,12,0.8849981,17.544209,5.0,0.5,1.5,1.4401325,0.38290408,2.3843656,1.3573197,Safety,49,5.380289,0.3903403875697227,False
49,13,0.8849981,17.544209,5.0,0.5,1.5,1.4401325,0.38290408,2.3843656,1.3573197,Safety,170,3.5644248,0.40009208930149515,False
49,14,0.8849981,17.544209,5.0,0.5,0.5,1.4401325,0.38290408,2.3843656,1.3573197,Safety,124,7.299007,0.2120885360348947,False
49,15,0.8849981,17.544209,5.0,0.5,1.5,1.4401325,0.38290408,2.3843656,1.3573197,Safety,66,4.79933,0.2427201179156126,False
49,16,0.8849981,17.544209,5.0,0.5,0.5,1.4401325,0.38290408,2.3843656,1.3573197,Safety,167,5.3354497,0.27323728668474206,False
49,17,0.8849981,17.544209,5.0,0.5,1.5,1.4401325,0.38290408,2.3843656,1.3573197,Safety,86,7.371771,0.40211957662089903,False
49,18,0.8849981,17.544209,0.5,2.0773437,3.0773437,1.4401325,0.38290408,2.3843656,1.3573197,Safety,7,2.4906018,0.38781520468338765,False
49,19,0.8849981,17.544209,5.0,0.5,0.5,1.4401325,0.38290408,2.3843656,1.3573197,Safety,41,7.3599663,0.371291060079076,False
49,20,0.8849981,17.544209,0.5,3.5567136,4.5567136,1.4401325,0.38290408,2.3843656,1.3573197,Safety,40,2.4864757,0.399686162647823,False
49,21,0.8849981,17.544209,5.0,0.5,0.5,1.4401325,0.38290408,2.3843656,1.3573197,Safety,17,5.8823805,0.2734770032303638,False
49,22,0.8849981,17.544209,5.0,0.5,0.5,1.4401325,0.38290408,2.3843656,1.3573197,Safety,147,6.91763,0.20598277829696376,False
49,23,0.8849981,17.544209,5.0,0.5,1.5,1.4401325,0.38290408,2.3843656,1.3573197,Safety,21,6.8611264,0.13195213261879368,False
49,24,0.8849981,17.544209,5.0,0.5,1.5,1.4401325,0.38290408,2.3843656,1.3573197,Safety,124,5.824525,0.1223808730562579,False
49,25,0.8849981,17.544209,5.0,0.5,0.5,1.4401325,0.38290408,2.3843656,1.3573197,Safety,18,4.3705907,0.1353174807930121,False
49,26,0.8849981,17.544209,5.0,0.5,0.5,1.4401325,0.38290408,2.3843656,1.3573197,Safety,1,4.2170796,0.12004141169809378,False
49,27,0.8849981,17.544209,5.0,0.5,1.5,1.4401325,0.38290408,2.3843656,1.3573197,Safety,209,5.340206,0.2856584714523156,False
49,28,0.8849981,17.544209,0.5,3.3872972,4.387297,1.4401325,0.38290408,2.3843656,1.3573197,Safety,3,2.4142213,0.23140962049849856,False
49,29,0.8849981,17.544209,5.0,0.5,0.5,1.4401325,0.38290408,2.3843656,1.3573197,Safety,21,5.806601,0.16857304531087536,False
49,30,0.8849981,17.544209,5.0,0.5,1.5,1.4401325,0.38290408,2.3843656,1.3573197,Safety,0,-3.4961472,0.04031454239699063,True
50,0,0.6950971,21.79006,0.0,0.0,0.0,0.5985166,0.5168048,2.7235076,0.7380325,Safety,26,4.809879,0.46688792457177114,False
50,1,0.6950971,21.79006,5.0,0.5,0.5,0.5985166,0.5168048,2.7235076,0.7380325,Safety,34,2.2997816,0.42919048959885464,False
50,2,0.6950971,21.79006,5.0,0.5,0.5,0.5985166,0.5168048,2.7235076,0.7380325,Safety,182,2.8657222,0.3948734181015888,False
50,3,0.6950971,21.79006,5.0,0.5,1.5,0.5985166,0.5168048,2.7235076,0.7380325,Safety,12,5.363833,0.380660506761421,False
50,4,0.6950971,21.79006,5.0,0.5,1.5,0.5985166,0.5168048,2.7235076,0.7380325,Safety,34,2.145787,0.18441963238371034,False
50,5,0.6950971,21.79006,5.0,0.5,0.5,0.5985166,0.5168048,2.7235076,0.7380325,Safety,158,2.9710004,0.14219009736467575,False
50,6,0.6950971,21.79006,5.0,0.5,1.5,0.5985166,0.5168048,2.7235076,0.7380325,Safety,23,5.208551,0.08019563042508061,False
50,7,0.6950971,21.79006,5.0,0.5,1.5,0.5985166,0.5168048,2.7235076,0.7380325,Safety,70,4.6278906,0.11474704465970463,False
50,8,0.6950971,21.79006,5.0,0.5,0.5,0.5985166,0.5168048,2.7235076,0.7380325,Safety,204,2.3989162,0.19333576588175255,False
50,9,0.6950971,21.79006,5.0,0.5,0.5,0.5985166,0.5168048,2.7235076,0.7380325,Safety,99,2.4031887,0.20160307104705194,False
50,10,0.6950971,21.79006,5.0,0.5,0.5,0.5985166,0.5168048,2.7235076,0.7380325,Safety,11,3.8097467,0.08268014972190794,False
50,11,0.6950971,21.79006,5.0,0.5,0.5,0.5985166,0.5168048,2.7235076,0.7380325,Safety,58,1.8018391,0.12647835262270407,False
50,12,0.6950971,21.79006,5.0,0.5,0.5,0.5985166,0.5168048,2.7235076,0.7380325,Safety,196,5.2718368,0.20265098623557828,False
50,13,0.6950971,21.79006,0.5,2.6847186,3.6847186,0.5985166,0.5168048,2.7235076,0.7380325,Safety,204,2.3730545,0.1432945492859773,False
50,14,0.6950971,21.79006,5.0,0.5,0.5,0.5985166,0.5168048,2.7235076,0.7380325,Safety,14,-0.55253124,0.03253715699299886,True
51,0,0.383677,17.461664,0.0,0.0,0.0,0.6441252,0.6707495,2.8264089,1.8847601,Safety,139,5.456745,0.4081650962936339,False
51,1,0.383677,17.461664,5.0,0.5,0.5,0.6441252,0.6707495,2.8264089,1.8847601,Safety,124,7.8267937,0.4300929092068957,False
51,2,0.383677,17.461664,5.0,0.5,0.5,0.6441252,0.6707495,2.8264089,1.8847601,Safety,156,7.881185,0.5111830963730951,False
51,3,0.383677,17.461664,5.0,0.5,0.5,0.6441252,0.6707495,2.8264089,1.8847601,Safety,34,4.891709,0.47403036382817326,False
51,4,0.383677,17.461664,5.0,0.5,0.5,0.6441252,0.6707495,2.8264089,1.8847601,Safety,12,5.8374357,0.5006092256197889,False
51,5,0.383677,17.461664,5.0,0.5,0.5,0.6441252,0.6707495,2.8264089,1.8847601,Safety,26,7.93348,0.5891476947946208,False
51,6,0.383677,17.461664,0.5,1.8988287,1.8988287,0.6441252,0.6707495,2.8264089,1.8847601,Safety,153,8.530407,0.5187823057761382,False
51,7,0.383677,17.461664,5.0,0.5,1.5,0.6441252,0.6707495,2.8264089,1.8847601,Safety,12,6.418919,0.48916273976949304,False
51,8,0.383677,17.461664,5.0,0.5,0.5,0.6441252,0.6707495,2.8264089,1.8847601,Safety,182,5.4618254,0.41573910924175467,False
51,9,0.383677,17.461664,5.0,0.5,0.5,0.6441252,0.6707495,2.8264089,1.8847601,Safety,216,3.7556095,0.42319334786610036,False
51,10,0.383677,17.461664,5.0,0.5,1.5,0.6441252,0.6707495,2.8264089,1.8847601,Safety,28,7.86676,0.4496229276338575,False
51,11,0.383677,17.461664,5.0,0.5,1.5,0.6441252,0.6707495,2.8264089,1.8847601,Safety,126,5.387686,0.3052067945878454,False
51,12,0.383677,17.461664,5.0,0.5,0.5,0.6441252,0.6707495,2.8264089,1.8847601,Safety,196,8.321044,0.2066485786568375,False
51,13,0.383677,17.461664,5.0,0.5,1.5,0.6441252,0.6707495,2.8264089,1.8847601,Safety,145,1.5709336,0.14311516922115408,True
52,0,0.30996287,6.9674497,0.0,0.0,0.0,1.0307409,0.40202662,1.8150133,1.2188241,Balanced,90,3.7384357,0.731332865011313,False
52,1,0.30996287,6.9674497,0.5,2.1782756,3.1782756,1.0307409,0.40202662,1.8150133,1.2188241,Balanced,83,6.1352386,0.603005131447616,False
52,2,0.30996287,6.9674497,5.0,0.5,1.5,1.0307409,0.40202662,1.8150133,1.2188241,Balanced,113,5.073731,0.526475438643737,False
52,3,0.30996287,6.9674497,5.0,0.5,0.5,1.0307409,0.40202662,1.8150133,1.2188241,Balanced,210,2.0544977,0.5408750988596034,False
52,4,0.30996287,6.9674497,5.0,0.5,0.5,1.0307409,0.40202662,1.8150133,1.2188241,Balanced,121,4.591805,0.5260881575044807,False
52,5,0.30996287,6.9674497,5.0,0.5,1.5,1.0307409,0.40202662,1.8150133,1.2188241,Balanced,61,2.5715024,0.40407699917416257,False
52,6,0.30996287,6.9674497,5.0,0.5,0.5,1.0307409,0.40202662,1.8150133,1.2188241,Balanced,35,5.6110163,0.2821068767241646,False
52,7,0.30996287,6.9674497,5.0,0.5,1.5,1.0307409,0.40202662,1.8150133,1.2188241,Balanced,95,5.9724417,0.19806434057358613,False
52,8,0.30996287,6.9674497,5.0,0.5,1.5,1.0307409,0.40202662,1.8150133,1.2188241,Balanced,136,1.9384525,0.25222414014413175,False
52,9,0.30996287,6.9674497,5.0,0.5,0.5,1.0307409,0.40202662,1.8150133,1.2188241,Balanced,169,4.4500856,0.1735759323268059,False
52,10,0.30996287,6.9674497,5.0,0.5,1.5,1.0307409,0.40202662,1.8150133,1.2188241,Balanced,75,3.9146836,-0.005783495093900817,False
52,11,0.30996287,6.9674497,5.0,0.5,0.5,1.0307409,0.40202662,1.8150133,1.2188241,Balanced,63,-1.6273334,0.005889156144296172,True
53,0,0.50419325,21.39999,0.0,0.0,0.0,1.2606876,0.77694243,2.6745987,0.7212783,Safety,109,6.1295857,0.5033883996464492,False
53,1,0.50419325,21.39999,5.0,0.5,1.5,1.2606876,0.77694243,2.6745987,0.7212783,Safety,170,3.9935033,0.6227664050369093,False
53,2,0.50419325,21.39999,5.0,0.5,1.5,1.2606876,0.77694243,2.6745987,0.7212783,Safety,192,6.307588,0.7324943448429264,False
53,3,0.50419325,21.39999,0.5,2.5526993,3.5526993,1.2606876,0.77694243,2.6745987,0.7212783,Safety,117,4.7573557,0.6601722079972462,False
53,4,0.50419325,21.39999,5.0,0.5,0.5,1.2606876,0.77694243,2.6745987,0.7212783,Safety,58,2.2271779,0.7057188493703885,False
53,5,0.50419325,21.39999,5.0,0.5,0.5,1.2606876,0.77694243,2.6745987,0.7212783,Safety,170,2.5012708,0.6402058918284445,False
53,6,0.50419325,21.39999,5.0,0.5,0.5,1.2606876,0.77694243,2.6745987,0.7212783,Safety,58,3.3933454,0.5926347012975606,False
53,7,0.50419325,21.39999,5.0,0.5,1.5,1.2606876,0.77694243,2.6745987,0.7212783,Safety,170,2.6253538,0.48445250938581,False
53,8,0.50419325,21.39999,5.0,0.5,0.5,1.2606876,0.77694243,2.6745987,0.7212783,Safety,54,3.8054287,0.38069624431451643,False
53,9,0.50419325,21.39999,5.0,0.5,1.5,1.2606876,0.77694243,2.6745987,0.7212783,Safety,126,2.5173235,0.3454070440762327,False
53,10,0.50419325,21.39999,5.0,0.5,0.5,1.2606876,0.77694243,2.6745987,0.7212783,Safety,147,6.076894,0.4355688529465055,False
53,11,0.50419325,21.39999,0.5,1.3687185,2.3687186,1.2606876,0.77694243,2.6745987,0.7212783,Safety,20,4.73039,0.32511480201598947,False
53,12,0.50419325,21.39999,5.0,0.5,0.5,1.2606876,0.77694243,2.6745987,0.7212783,Safety,20,6.0143824,0.3551102113571264,False
53,13,0.50419325,21.39999,5.0,0.5,1.5,1.2606876,0.77694243,2.6745987,0.7212783,Safety,37,5.266093,0.3506824441353488,False
53,14,0.50419325,21.39999,5.0,0.5,1.5,1.2606876,0.77694243,2.6745987,0.7212783,Safety,8,1.6669382,0.21691059648364042,False
53,15,0.50419325,21.39999,5.0,0.5,0.5,1.2606876,0.77694243,2.6745987,0.7212783,Safety,103,2.4386623,0.24416236428284316,False
53,16,0.50419325,21.39999,5.0,0.5,0.5,1.2606876,0.77694243,2.6745987,0.7212783,Safety,123,4.597429,0.15398093539449464,False
53,17,0.50419325,21.39999,5.0,0.5,0.5,1.2606876,0.77694243,2.6745987,0.7212783,Safety,84,4.612938,0.1739426754724281,False
53,18,0.50419325,21.39999,5.0,0.5,0.5,1.2606876,0.77694243,2.6745987,0.7212783,Safety,77,5.9597178,0.28475199073183144,False
53,19,0.50419325,21.39999,0.5,3.3993053,4.3993053,1.2606876,0.77694243,2.6745987,0.7212783,Safety,9,2.9684172,0.2706670930485321,False
53,20,0.50419325,21.39999,5.0,0.5,1.5,1.2606876,0.77694243,2.6745987,0.7212783,Safety,147,4.716831,0.3076636889501621,False
53,21,0.50419325,21.39999,5.0,0.5,0.5,1.2606876,0.77694243,2.6745987,0.7212783,Safety,204,2.5708437,0.4142925136048882,False
53,22,0.50419325,21.39999,5.0,0.5,0.5,1.2606876,0.77694243,2.6745987,0.7212783,Safety,10,3.2295694,0.36566590970015916,False
53,23,0.50419325,21.39999,5.0,0.5,1.5,1.2606876,0.77694243,2.6745987,0.7212783,Safety,156,-3.123758,0.21606749830745994,True
54,0,0.3373961,14.398949,0.0,0.0,0.0,0.833805,0.24536203,1.2694948,1.6335669,Balanced,79,4.782993,0.6851280810421874,False
54,1,0.3373961,14.398949,5.0,0.5,1.5,0.833805,0.24536203,1.2694948,1.6335669,Balanced,86,6.367787,0.7359331282739522,False
54,2,0.3373961,14.398949,5.0,0.5,1.5,0.833805,0.24536203,1.2694948,1.6335669,Balanced,63,4.0667243,0.9129652011828512,False
54,3,0.3373961,14.398949,0.5,2.846213,3.846213,0.833805,0.24536203,1.2694948,1.6335669,Balanced,84,5.549049,0.7973405460369285,False
54,4,0.3373961,14.398949,5.0,0.5,0.5,0.833805,0.24536203,1.2694948,1.6335669,Balanced,157,6.382366,0.7953530983121757,False
54,5,0.3373961,14.398949,5.0,0.5,1.5,0.833805,0.24536203,1.2694948,1.6335669,Balanced,97,4.494652,0.8116675315458284,False
54,6,0.3373961,14.398949,5.0,0.5,0.5,0.833805,0.24536203,1.2694948,1.6335669,Balanced,161,4.4944,0.8106403641812284,False
54,7,0.3373961,14.398949,5.0,0.5,0.5,0.833805,0.24536203,1.2694948,1.6335669,Balanced,20,5.5467706,0.788054307640305,False
54,8,0.3373961,14.398949,5.0,0.5,0.5,0.833805,0.24536203,1.2694948,1.6335669,Balanced,83,4.234445,0.6937085650812367,False
54,9,0.3373961,14.398949,5.0,0.5,0.5,0.833805,0.24536203,1.2694948,1.6335669,Balanced,26,3.8298523,0.6403977537137617,False
54,10,0.3373961,14.398949,5.0,0.5,0.5,0.833805,0.24536203,1.2694948,1.6335669,Balanced,25,5.5121756,0.6470588385446493,False
54,11,0.3373961,14.398949,5.0,0.5,0.5,0.833805,0.24536203,1.2694948,1.6335669,Balanced,133,4.448011,0.6215762543413437,False
54,12,0.3373961,14.398949,5.0,0.5,0.5,0.833805,0.24536203,1.2694948,1.6335669,Balanced,185,3.3674366,0.5292157474717588,False
54,13,0.3373961,14.398949,5.0,0.5,0.5,0.833805,0.24536203,1.2694948,1.6335669,Balanced,79,3.9466326,0.45679852271745053,False
54,14,0.3373961,14.398949,5.0,0.5,1.5,0.833805,0.24536203,1.2694948,1.6335669,Balanced,58,3.0843432,0.41205394393430483,False
54,15,0.3373961,14.398949,5.0,0.5,0.5,0.833805,0.24536203,1.2694948,1.6335669,Balanced,147,5.787455,0.3680595376688258,False
54,16,0.3373961,14.398949,5.0,0.5,1.5,0.833805,0.24536203,1.2694948,1.6335669,Balanced,37,6.262888,0.3084060010775874,False
54,17,0.3373961,14.398949,5.0,0.5,1.5,0.833805,0.24536203,1.2694948,1.6335669,Balanced,176,5.434035,0.32858695196299215,False
54,18,0.3373961,14.398949,5.0,0.5,0.5,0.833805,0.24536203,1.2694948,1.6335669,Balanced,11,5.4404073,0.3545594685614324,False
54,19,0.3373961,14.398949,5.0,0.5,0.5,0.833805,0.24536203,1.2694948,1.6335669,Balanced,6,4.3838186,0.3599529410048155,False
54,20,0.3373961,14.398949,5.0,0.5,0.5,0.833805,0.24536203,1.2694948,1.6335669,Balanced,25,4.617622,0.3985441132114731,False
54,21,0.3373961,14.398949,5.0,0.5,1.5,0.833805,0.24536203,1.2694948,1.6335669,Balanced,96,5.4937606,0.5720062588661327,False
54,22,0.3373961,14.398949,5.0,0.5,0.5,0.833805,0.24536203,1.2694948,1.6335669,Balanced,20,5.481324,0.5213198286984385,False
54,23,0.3373961,14.398949,5.0,0.5,0.5,0.833805,0.24536203,1.2694948,1.6335669,Balanced,0,1.6609052,0.4003915214671989,False
54,24,0.3373961,14.398949,5.0,0.5,0.5,0.833805,0.24536203,1.2694948,1.6335669,Balanced,106,4.3724084,0.31344979629248565,False
54,25,0.3373961,14.398949,5.0,0.5,0.5,0.833805,0.24536203,1.2694948,1.6335669,Balanced,84,4.0975547,0.17868315404376595,False
54,26,0.3373961,14.398949,5.0,0.5,0.5,0.833805,0.24536203,1.2694948,1.6335669,Balanced,196,6.223001,0.14584158475325426,False
54,27,0.3373961,14.398949,5.0,0.5,1.5,0.833805,0.24536203,1.2694948,1.6335669,Balanced,34,3.8613117,0.1775065743034866,False
54,28,0.3373961,14.398949,5.0,0.5,0.5,0.833805,0.24536203,1.2694948,1.6335669,Balanced,79,2.1787007,0.043378171761551496,True
55,0,0.8775185,9.550182,0.0,0.0,0.0,1.1337314,0.7090362,2.9685898,0.91575414,Safety,41,6.726735,0.47251285862141684,False
55,1,0.8775185,9.550182,5.0,0.5,1.5,1.1337314,0.7090362,2.9685898,0.91575414,Safety,147,5.3306813,0.5240888225236607,False
55,2,0.8775185,9.550182,5.0,0.5,0.5,1.1337314,0.7090362,2.9685898,0.91575414,Safety,0,-0.3042605,0.45318754810849543,False
55,3,0.8775185,9.550182,5.0,0.5,0.5,1.1337314,0.7090362,2.9685898,0.91575414,Safety,0,-0.36475605,0.3777792840005048,False
55,4,0.8775185,9.550182,5.0,0.5,0.5,1.1337314,0.7090362,2.9685898,0.91575414,Safety,29,5.4835653,0.3181649329384845,False
55,5,0.8775185,9.550182,5.0,0.5,0.5,1.1337314,0.7090362,2.9685898,0.91575414,Safety,17,5.6292505,0.26233336122021356,False
55,6,0.8775185,9.550182,5.0,0.5,1.5,1.1337314,0.7090362,2.9685898,0.91575414,Safety,131,6.69418,0.4265981619403454,False
55,7,0.8775185,9.550182,0.5,2.365519,3.365519,1.1337314,0.7090362,2.9685898,0.91575414,Safety,65,5.59296,0.47245074506158624,False
55,8,0.8775185,9.550182,0.5,2.5351086,2.5351086,1.1337314,0.7090362,2.9685898,0.91575414,Safety,19,3.0801616,0.4174839796827891,False
55,9,0.8775185,9.550182,0.5,3.1670334,3.1670334,1.1337314,0.7090362,2.9685898,0.91575414,Safety,0,-0.41869408,0.3131923260451698,False
55,10,0.8775185,9.550182,5.0,0.5,0.5,1.1337314,0.7090362,2.9685898,0.91575414,Safety,70,4.777088,0.3325503216789869,False
55,11,0.8775185,9.550182,5.0,0.5,0.5,1.1337314,0.7090362,2.9685898,0.91575414,Safety,170,3.0279772,0.3438849391293389,False
55,12,0.8775185,9.550182,5.0,0.5,0.5,1.1337314,0.7090362,2.9685898,0.91575414,Safety,50,6.663591,0.38345615786656223,False
55,13,0.8775185,9.550182,5.0,0.5,1.5,1.1337314,0.7090362,2.9685898,0.91575414,Safety,147,5.2229586,0.3623688943101231,False
55,14,0.8775185,9.550182,5.0,0.5,0.5,1.1337314,0.7090362,2.9685898,0.91575414,Safety,123,5.5164795,0.3645852667021648,False
55,15,0.8775185,9.550182,5.0,0.5,0.5,1.1337314,0.7090362,2.9685898,0.91575414,Safety,43,4.506979,0.28189166247858416,False
55,16,0.8775185,9.550182,5.0,0.5,0.5,1.1337314,0.7090362,2.9685898,0.91575414,Safety,91,5.3893228,0.18524832961777388,False
55,17,0.8775185,9.550182,5.0,0.5,0.5,1.1337314,0.7090362,2.9685898,0.91575414,Safety,57,-3.0716798,0.14216504497625548,True
56,0,0.9840588,4.924787,0.0,0.0,0.0,0.8783801,0.3154582,1.0479536,1.7118255,Balanced,47,5.4950914,0.5312082864416422,False
56,1,0.9840588,4.924787,5.0,0.5,0.5,0.8783801,0.3154582,1.0479536,1.7118255,Balanced,68,6.4434543,0.7530524657507282,False
56,2,0.9840588,4.924787,0.5,2.1402383,3.1402383,0.8783801,0.3154582,1.0479536,1.7118255,Balanced,60,3.3553505,0.7328363518173071,False
56,3,0.9840588,4.924787,5.0,0.5,0.5,0.8783801,0.3154582,1.0479536,1.7118255,Balanced,52,4.6999197,0.7788565321449097,False
56,4,0.9840588,4.924787,0.5,3.1320689,3.1320689,0.8783801,0.3154582,1.0479536,1.7118255,Balanced,93,6.499209,0.9297948039901777,False
56,5,0.9840588,4.924787,0.5,2.135063,3.135063,0.8783801,0.3154582,1.0479536,1.7118255,Balanced,52,2.9448605,0.8320645018915912,False
56,6,0.9840588,4.924787,5.0,0.5,0.5,0.8783801,0.3154582,1.0479536,1.7118255,Balanced,96,5.5957675,0.8503507416808678,False
56,7,0.9840588,4.924787,5.0,0.5,0.5,0.8783801,0.3154582,1.0479536,1.7118255,Balanced,136,3.8499808,0.8528950475434082,False
56,8,0.9840588,4.924787,5.0,0.5,0.5,0.8783801,0.3154582,1.0479536,1.7118255,Balanced,201,5.594373,0.8298098505745541,False
56,9,0.9840588,4.924787,5.0,0.5,1.5,0.8783801,0.3154582,1.0479536,1.7118255,Balanced,167,5.5774655,0.776212585813253,False
56,10,0.9840588,4.924787,5.0,0.5,1.5,0.8783801,0.3154582,1.0479536,1.7118255,Balanced,132,6.401059,0.618659734272607,False
56,11,0.9840588,4.924787,5.0,0.5,1.5,0.8783801,0.3154582,1.0479536,1.7118255,Balanced,204,5.514282,0.5759216079183493,False
56,12,0.9840588,4.924787,5.0,0.5,1.5,0.8783801,0.3154582,1.0479536,1.7118255,Balanced,3,5.5355897,0.6434669646450416,False
56,13,0.9840588,4.924787,0.5,2.1828747,3.1828747,0.8783801,0.3154582,1.0479536,1.7118255,Balanced,204,5.5295296,0.6242564644727472,False
56,14,0.9840588,4.924787,5.0,0.5,1.5,0.8783801,0.3154582,1.0479536,1.7118255,Balanced,26,5.4960957,0.5343916743036843,False
56,15,0.9840588,4.924787,5.0,0.5,0.5,0.8783801,0.3154582,1.0479536,1.7118255,Balanced,183,6.4141135,0.6600429486242666,False
56,16,0.9840588,4.924787,0.5,1.8027474,2.8027472,0.8783801,0.3154582,1.0479536,1.7118255,Balanced,93,5.501448,0.5513591035236448,False
56,17,0.9840588,4.924787,5.0,0.5,0.5,0.8783801,0.3154582,1.0479536,1.7118255,Balanced,69,4.1571245,0.4275492164901694,False
56,18,0.9840588,4.924787,5.0,0.5,0.5,0.8783801,0.3154582,1.0479536,1.7118255,Balanced,26,3.7397451,0.5247989325146339,False
56,19,0.9840588,4.924787,5.0,0.5,0.5,0.8783801,0.3154582,1.0479536,1.7118255,Balanced,212,5.4794965,0.46565081963274474,False
56,20,0.9840588,4.924787,5.0,0.5,1.5,0.8783801,0.3154582,1.0479536,1.7118255,Balanced,50,3.6819365,0.3734433298471225,False
56,21,0.9840588,4.924787,5.0,0.5,0.5,0.8783801,0.3154582,1.0479536,1.7118255,Balanced,8,5.4719133,0.4416127791725651,False
56,22,0.9840588,4.924787,5.0,0.5,1.5,0.8783801,0.3154582,1.0479536,1.7118255,Balanced,5,2.777582,0.306498136528414,False
56,23,0.9840588,4.924787,5.0,0.5,0.5,0.8783801,0.3154582,1.0479536,1.7118255,Balanced,189,5.448824,0.3684198198406384,False
56,24,0.9840588,4.924787,5.0,0.5,1.5,0.8783801,0.3154582,1.0479536,1.7118255,Balanced,0,1.9022566,0.3312009675176186,False
56,25,0.9840588,4.924787,5.0,0.5,0.5,0.8783801,0.3154582,1.0479536,1.7118255,Balanced,66,4.9824004,0.2491087454832313,False
56,26,0.9840588,4.924787,5.0,0.5,1.5,0.8783801,0.3154582,1.0479536,1.7118255,Balanced,40,4.504819,0.16038956225800677,False
56,27,0.9840588,4.924787,5.0,0.5,0.5,0.8783801,0.3154582,1.0479536,1.7118255,Balanced,143,4.8831325,0.018132389865590473,False
56,28,0.9840588,4.924787,5.0,0.5,1.5,0.8783801,0.3154582,1.0479536,1.7118255,Balanced,128,5.3748364,0.15,False
56,29,0.9840588,4.924787,0.5,2.3393104,2.3393104,0.8783801,0.3154582,1.0479536,1.7118255,Balanced,121,4.526078,0.22778099435779642,False
56,30,0.9840588,4.924787,5.0,0.5,0.5,0.8783801,0.3154582,1.0479536,1.7118255,Balanced,102,5.4314165,0.3132380009610668,False
56,31,0.9840588,4.924787,5.0,0.5,1.5,0.8783801,0.3154582,1.0479536,1.7118255,Balanced,63,3.2457824,0.30598426689969555,False
56,32,0.9840588,4.924787,5.0,0.5,0.5,0.8783801,0.3154582,1.0479536,1.7118255,Balanced,106,5.492754,0.5076771753101534,False
56,33,0.9840588,4.924787,0.5,2.5509765,3.5509765,0.8783801,0.3154582,1.0479536,1.7118255,Balanced,81,5.923461,0.58351457351815,False
56,34,0.9840588,4.924787,5.0,0.5,1.5,0.8783801,0.3154582,1.0479536,1.7118255,Balanced,52,5.5830646,0.7939610627141224,False
56,35,0.9840588,4.924787,0.5,2.0556002,3.0556002,0.8783801,0.3154582,1.0479536,1.7118255,Balanced,79,3.3766139,0.7487117093019163,False
56,36,0.9840588,4.924787,5.0,0.5,0.5,0.8783801,0.3154582,1.0479536,1.7118255,Balanced,30,6.498684,0.9281295747354814,False
56,37,0.9840588,4.924787,0.5,2.464167,3.464167,0.8783801,0.3154582,1.0479536,1.7118255,Balanced,3,3.8572843,0.918299198659305,False
56,38,0.9840588,4.924787,5.0,0.5,1.5,0.8783801,0.3154582,1.0479536,1.7118255,Balanced,93,4.3174996,1.0,False
56,39,0.9840588,4.924787,5.0,0.5,0.5,0.8783801,0.3154582,1.0479536,1.7118255,Balanced,47,6.5213556,1.0,False
56,40,0.9840588,4.924787,5.0,0.5,1.5,0.8783801,0.3154582,1.0479536,1.7118255,Balanced,58,4.2761693,0.9375420075121844,False
56,41,0.9840588,4.924787,5.0,0.5,0.5,0.8783801,0.3154582,1.0479536,1.7118255,Balanced,73,6.4750776,0.8532983004150275,False
56,42,0.9840588,4.924787,5.0,0.5,1.5,0.8783801,0.3154582,1.0479536,1.7118255,Balanced,63,5.605627,0.8654843214770551,False
56,43,0.9840588,4.924787,5.0,0.5,1.5,0.8783801,0.3154582,1.0479536,1.7118255,Balanced,0,2.960207,0.8419172053751613,False
56,44,0.9840588,4.924787,5.0,0.5,1.5,0.8783801,0.3154582,1.0479536,1.7118255,Balanced,51,6.4434867,0.7531553140324416,False
56,45,0.9840588,4.924787,5.0,0.5,1.5,0.8783801,0.3154582,1.0479536,1.7118255,Balanced,37,3.746761,0.6138242967671916,False
56,46,0.9840588,4.924787,5.0,0.5,0.5,0.8783801,0.3154582,1.0479536,1.7118255,Balanced,185,4.670461,0.6693527729958982,False
56,47,0.9840588,4.924787,0.5,2.2299082,3.2299082,0.8783801,0.3154582,1.0479536,1.7118255,Balanced,204,4.653129,0.6305317911531372,False
56,48,0.9840588,4.924787,5.0,0.5,0.5,0.8783801,0.3154582,1.0479536,1.7118255,Balanced,99,4.657844,0.6454774419498815,False
56,49,0.9840588,4.924787,5.0,0.5,0.5,0.8783801,0.3154582,1.0479536,1.7118255,Balanced,146,5.4938173,0.5271686651733558,False
56,50,0.9840588,4.924787,5.0,0.5,0.5,0.8783801,0.3154582,1.0479536,1.7118255,Balanced,7,2.8559377,0.5649925274795927,False
56,51,0.9840588,4.924787,5.0,0.5,0.5,0.8783801,0.3154582,1.0479536,1.7118255,Balanced,79,3.2889292,0.4507325305352852,False
56,52,0.9840588,4.924787,5.0,0.5,0.5,0.8783801,0.3154582,1.0479536,1.7118255,Balanced,123,5.44464,0.37127792962690764,False
56,53,0.9840588,4.924787,5.0,0.5,0.5,0.8783801,0.3154582,1.0479536,1.7118255,Balanced,0,1.90025,0.3261473109570506,False
56,54,0.9840588,4.924787,5.0,0.5,0.5,0.8783801,0.3154582,1.0479536,1.7118255,Balanced,68,4.103619,0.30161033504119356,False
56,55,0.9840588,4.924787,5.0,0.5,0.5,0.8783801,0.3154582,1.0479536,1.7118255,Balanced,90,5.4932427,0.509227364062742,False
56,56,0.9840588,4.924787,0.5,2.2116878,3.2116878,0.8783801,0.3154582,1.0479536,1.7118255,Balanced,5,2.8419125,0.5649558939250126,False
56,57,0.9840588,4.924787,5.0,0.5,0.5,0.8783801,0.3154582,1.0479536,1.7118255,Balanced,70,6.4170713,0.6694182405954068,False
56,58,0.9840588,4.924787,5.0,0.5,1.5,0.8783801,0.3154582,1.0479536,1.7118255,Balanced,147,5.5442605,0.6870733880948034,False
56,59,0.9840588,4.924787,5.0,0.5,0.5,0.8783801,0.3154582,1.0479536,1.7118255,Balanced,13,4.2053666,0.6418485456104321,False
56,60,0.9840588,4.924787,5.0,0.5,0.5,0.8783801,0.3154582,1.0479536,1.7118255,Balanced,52,2.8648307,0.6516850343296134,False
56,61,0.9840588,4.924787,5.0,0.5,0.5,0.8783801,0.3154582,1.0479536,1.7118255,Balanced,25,4.5779185,0.5664068765396362,False
56,62,0.9840588,4.924787,5.0,0.5,1.5,0.8783801,0.3154582,1.0479536,1.7118255,Balanced,204,5.5560718,0.7083948207162202,False
56,63,0.9840588,4.924787,0.5,2.4133313,3.4133313,0.8783801,0.3154582,1.0479536,1.7118255,Balanced,156,6.436125,0.7298185580143052,False
56,64,0.9840588,4.924787,5.0,0.5,1.5,0.8783801,0.3154582,1.0479536,1.7118255,Balanced,128,5.585147,0.8166837812996378,False
56,65,0.9840588,4.924787,5.0,0.5,0.5,0.8783801,0.3154582,1.0479536,1.7118255,Balanced,87,6.4756503,0.8551139842078245,False
56,66,0.9840588,4.924787,5.0,0.5,1.5,0.8783801,0.3154582,1.0479536,1.7118255,Balanced,187,5.6184855,0.9062456861453807,False
56,67,0.9840588,4.924787,5.0,0.5,1.5,0.8783801,0.3154582,1.0479536,1.7118255,Balanced,78,5.6030006,0.8732792826557706,False
56,68,0.9840588,4.924787,5.0,0.5,0.5,0.8783801,0.3154582,1.0479536,1.7118255,Balanced,113,6.4680777,0.8311090798354817,False
56,69,0.9840588,4.924787,5.0,0.5,1.5,0.8783801,0.3154582,1.0479536,1.7118255,Balanced,174,5.5680666,0.7625382384366574,False
56,70,0.9840588,4.924787,5.0,0.5,0.5,0.8783801,0.3154582,1.0479536,1.7118255,Balanced,132,6.4128747,0.6561159413197675,False
56,71,0.9840588,4.924787,5.0,0.5,1.5,0.8783801,0.3154582,1.0479536,1.7118255,Balanced,8,5.518897,0.5905510087034906,False
56,72,0.9840588,4.924787,5.0,0.5,1.5,0.8783801,0.3154582,1.0479536,1.7118255,Balanced,75,4.218497,0.6275995356967766,False
56,73,0.9840588,4.924787,5.0,0.5,0.5,0.8783801,0.3154582,1.0479536,1.7118255,Balanced,83,5.5073414,0.5700400105112648,False
56,74,0.9840588,4.924787,5.0,0.5,0.5,0.8783801,0.3154582,1.0479536,1.7118255,Balanced,136,4.5935965,0.4256918691702684,False
56,75,0.9840588,4.924787,5.0,0.5,1.5,0.8783801,0.3154582,1.0479536,1.7118255,Balanced,204,5.498069,0.5245258415270841,False
56,76,0.9840588,4.924787,5.0,0.5,1.5,0.8783801,0.3154582,1.0479536,1.7118255,Balanced,10,3.6928744,0.4584824437244592,False
56,77,0.9840588,4.924787,5.0,0.5,1.5,0.8783801,0.3154582,1.0479536,1.7118255,Balanced,17,4.531873,0.38658048764849806,False
56,78,0.9840588,4.924787,5.0,0.5,1.5,0.8783801,0.3154582,1.0479536,1.7118255,Balanced,35,5.9423165,0.31697600955361005,False
56,79,0.9840588,4.924787,5.0,0.5,1.5,0.8783801,0.3154582,1.0479536,1.7118255,Balanced,37,4.4624267,0.19526134475350043,False
56,80,0.9840588,4.924787,5.0,0.5,1.5,0.8783801,0.3154582,1.0479536,1.7118255,Balanced,61,3.2153187,0.20627277148027395,False
56,81,0.9840588,4.924787,5.0,0.5,0.5,0.8783801,0.3154582,1.0479536,1.7118255,Balanced,18,0.39789557,0.12369207979023465,True
57,0,0.6040061,23.331255,0.0,0.0,0.0,1.1617866,0.8491333,2.8796992,1.2631345,Safety,51,6.471146,0.5106507394392191,False
57,1,0.6040061,23.331255,5.0,0.5,0.5,1.1617866,0.8491333,2.8796992,1.2631345,Safety,17,6.248111,0.4639108415660513,False
57,2,0.6040061,23.331255,5.0,0.5,1.5,1.1617866,0.8491333,2.8796992,1.2631345,Safety,60,3.9273548,0.3410167022698318,False
57,3,0.6040061,23.331255,5.0,0.5,0.5,1.1617866,0.8491333,2.8796992,1.2631345,Safety,182,3.838256,0.23608755155248368,False
57,4,0.6040061,23.331255,5.0,0.5,0.5,1.1617866,0.8491333,2.8796992,1.2631345,Safety,33,4.971667,0.33448176019145714,False
57,5,0.6040061,23.331255,5.0,0.5,0.5,1.1617866,0.8491333,2.8796992,1.2631345,Safety,31,7.441116,0.284753604904832,False
57,6,0.6040061,23.331255,5.0,0.5,1.5,1.1617866,0.8491333,2.8796992,1.2631345,Safety,3,5.0538807,0.2994914688753914,False
57,7,0.6040061,23.331255,5.0,0.5,1.5,1.1617866,0.8491333,2.8796992,1.2631345,Safety,132,7.38215,0.2153113174733387,False
57,8,0.6040061,23.331255,5.0,0.5,1.5,1.1617866,0.8491333,2.8796992,1.2631345,Safety,28,-1.4799128,0.08535924606287974,True
58,0,0.25332677,10.59268,0.0,0.0,0.0,1.019269,0.7358828,2.5794208,1.493534,Safety,22,7.7035418,0.5041791574624226,False
58,1,0.25332677,10.59268,5.0,0.5,1.5,1.019269,0.7358828,2.5794208,1.493534,Safety,102,5.4961224,0.4254955103543867,False
58,2,0.25332677,10.59268,5.0,0.5,1.5,1.019269,0.7358828,2.5794208,1.493534,Safety,88,5.4409785,0.34022041422897825,False
58,3,0.25332677,10.59268,5.0,0.5,0.5,1.019269,0.7358828,2.5794208,1.493534,Safety,153,6.505586,0.26135986715818843,False
58,4,0.25332677,10.59268,5.0,0.5,0.5,1.019269,0.7358828,2.5794208,1.493534,Safety,63,3.1717782,0.19436080056688176,False
58,5,0.25332677,10.59268,5.0,0.5,0.5,1.019269,0.7358828,2.5794208,1.493534,Safety,63,3.1134315,0.13496861914297265,False
58,6,0.25332677,10.59268,5.0,0.5,0.5,1.019269,0.7358828,2.5794208,1.493534,Safety,1,-3.6990988,0.0843500837349944,True
59,0,0.5812833,4.39706,0.0,0.0,0.0,1.4358759,0.82932895,1.7566427,0.914166,Balanced,91,6.038465,0.6758854856166608,False
59,1,0.5812833,4.39706,0.5,2.6360502,3.6360502,1.4358759,0.82932895,1.7566427,0.914166,Balanced,150,6.0620675,0.7043450906310319,False
59,2,0.5812833,4.39706,5.0,0.5,1.5,1.4358759,0.82932895,1.7566427,0.914166,Balanced,176,4.5128202,0.5676426876174414,False
59,3,0.5812833,4.39706,5.0,0.5,0.5,1.4358759,0.82932895,1.7566427,0.914166,Balanced,0,0.52726364,0.46481838191517794,False
59,4,0.5812833,4.39706,5.0,0.5,0.5,1.4358759,0.82932895,1.7566427,0.914166,Balanced,177,6.016475,0.6493704547157835,False
59,5,0.5812833,4.39706,0.5,1.7336304,2.7336304,1.4358759,0.82932895,1.7566427,0.914166,Balanced,198,5.9653172,0.587684198782436,False
59,6,0.5812833,4.39706,5.0,0.5,1.5,1.4358759,0.82932895,1.7566427,0.914166,Balanced,11,3.7448013,0.48810458451504307,False
59,7,0.5812833,4.39706,5.0,0.5,0.5,1.4358759,0.82932895,1.7566427,0.914166,Balanced,29,4.4487343,0.4903685947514344,False
59,8,0.5812833,4.39706,5.0,0.5,0.5,1.4358759,0.82932895,1.7566427,0.914166,Balanced,58,2.3172157,0.5406732323535671,False
59,9,0.5812833,4.39706,5.0,0.5,0.5,1.4358759,0.82932895,1.7566427,0.914166,Balanced,18,3.6393926,0.3803046609909549,False
59,10,0.5812833,4.39706,5.0,0.5,0.5,1.4358759,0.82932895,1.7566427,0.914166,Balanced,49,3.2920163,0.30017537556300716,False
59,11,0.5812833,4.39706,5.0,0.5,1.5,1.4358759,0.82932895,1.7566427,0.914166,Balanced,204,2.8461103,0.3230584299677558,False
59,12,0.5812833,4.39706,5.0,0.5,0.5,1.4358759,0.82932895,1.7566427,0.914166,Balanced,10,-5.0531816,0.24314260196620968,True
60,0,0.38835222,17.563152,0.0,0.0,0.0,0.5058676,0.94944113,2.301433,0.7627161,Safety,47,3.896607,0.5341897591341702,False
60,1,0.38835222,17.563152,5.0,0.5,0.5,0.5058676,0.94944113,2.301433,0.7627161,Safety,176,4.7680635,0.5896521777437691,False
60,2,0.38835222,17.563152,5.0,0.5,0.5,0.5058676,0.94944113,2.301433,0.7627161,Safety,13,4.573784,0.7185804708153453,False
60,3,0.38835222,17.563152,5.0,0.5,1.5,0.5058676,0.94944113,2.301433,0.7627161,Safety,3,2.1346686,0.7073538403327254,False
60,4,0.38835222,17.563152,5.0,0.5,0.5,0.5058676,0.94944113,2.301433,0.7627161,Safety,99,2.9529445,0.6978654148493475,False
60,5,0.38835222,17.563152,5.0,0.5,0.5,0.5058676,0.94944113,2.301433,0.7627161,Safety,176,5.24409,0.5582224158698019,False
60,6,0.38835222,17.563152,5.0,0.5,1.5,0.5058676,0.94944113,2.301433,0.7627161,Safety,204,2.664897,0.39447883108971976,False
60,7,0.38835222,17.563152,5.0,0.5,0.5,0.5058676,0.94944113,2.301433,0.7627161,Safety,133,3.1169407,0.3377889767297159,False
60,8,0.38835222,17.563152,5.0,0.5,1.5,0.5058676,0.94944113,2.301433,0.7627161,Safety,51,-5.8774624,0.24927730074746512,True
61,0,0.38529196,10.580996,0.0,0.0,0.0,1.0980163,0.4039268,1.1193593,1.0716745,Balanced,48,4.0028787,0.505867319170583,False
61,1,0.38529196,10.580996,5.0,0.5,0.5,1.0980163,0.4039268,1.1193593,1.0716745,Balanced,52,3.0483832,0.4521543459503237,False
61,2,0.38529196,10.580996,5.0,0.5,0.5,1.0980163,0.4039268,1.1193593,1.0716745,Balanced,17,3.1435547,0.4278226627210908,False
61,3,0.38529196,10.580996,5.0,0.5,0.5,1.0980163,0.4039268,1.1193593,1.0716745,Balanced,40,1.8517194,0.3753892322074526,False
61,4,0.38529196,10.580996,5.0,0.5,0.5,1.0980163,0.4039268,1.1193593,1.0716745,Balanced,2,1.8150116,0.30057332909234624,False
61,5,0.38529196,10.580996,5.0,0.5,0.5,1.0980163,0.4039268,1.1193593,1.0716745,Balanced,0,0.85798365,0.2564856413131547,False
61,6,0.38529196,10.580996,5.0,0.5,0.5,1.0980163,0.4039268,1.1193593,1.0716745,Balanced,153,3.8760283,0.19182397557552422,False
61,7,0.38529196,10.580996,5.0,0.5,0.5,1.0980163,0.4039268,1.1193593,1.0716745,Balanced,93,5.056799,0.39669899401673886,False
61,8,0.38529196,10.580996,0.5,2.8704755,3.8704755,1.0980163,0.4039268,1.1193593,1.0716745,Balanced,43,3.9241793,0.3110315298966242,False
61,9,0.38529196,10.580996,5.0,0.5,0.5,1.0980163,0.4039268,1.1193593,1.0716745,Balanced,8,2.89974,0.28904519171327364,False
61,10,0.38529196,10.580996,5.0,0.5,1.5,1.0980163,0.4039268,1.1193593,1.0716745,Balanced,172,3.9002018,0.25167052011914653,False
61,11,0.38529196,10.580996,5.0,0.5,0.5,1.0980163,0.4039268,1.1193593,1.0716745,Balanced,48,3.83783,0.09725713582116662,False
61,12,0.38529196,10.580996,5.0,0.5,0.5,1.0980163,0.4039268,1.1193593,1.0716745,Balanced,211,-0.041939765,0.08309834300999826,True
62,0,0.78694063,22.794521,0.0,0.0,0.0,1.4299148,0.4455311,2.3192332,1.0827368,Safety,10,2.4887474,0.5042524492991523,False
62,1,0.78694063,22.794521,5.0,0.5,0.5,1.4299148,0.4455311,2.3192332,1.0827368,Safety,120,6.5275636,0.47763222436780456,False
62,2,0.78694063,22.794521,5.0,0.5,1.5,1.4299148,0.4455311,2.3192332,1.0827368,Safety,135,3.3212645,0.5114871749358989,False
62,3,0.78694063,22.794521,5.0,0.5,0.5,1.4299148,0.4455311,2.3192332,1.0827368,Safety,29,5.2248287,0.44610431172677956,False
62,4,0.78694063,22.794521,5.0,0.5,0.5,1.4299148,0.4455311,2.3192332,1.0827368,Safety,47,6.6148076,0.35646751958521433,False
62,5,0.78694063,22.794521,5.0,0.5,1.5,1.4299148,0.4455311,2.3192332,1.0827368,Safety,153,6.6000834,0.3234187179301064,False
62,6,0.78694063,22.794521,5.0,0.5,1.5,1.4299148,0.4455311,2.3192332,1.0827368,Safety,41,6.6765924,0.4951447284316104,False
62,7,0.78694063,22.794521,0.5,2.1939719,3.1939719,1.4299148,0.4455311,2.3192332,1.0827368,Safety,83,5.0269494,0.33716439302113305,False
62,8,0.78694063,22.794521,5.0,0.5,0.5,1.4299148,0.4455311,2.3192332,1.0827368,Safety,170,4.7348385,0.47480977319250495,False
62,9,0.78694063,22.794521,0.5,2.2922184,3.2922184,1.4299148,0.4455311,2.3192332,1.0827368,Safety,90,4.7075133,0.4134779885696769,False
62,10,0.78694063,22.794521,5.0,0.5,1.5,1.4299148,0.4455311,2.3192332,1.0827368,Safety,74,6.745223,0.6491868403359928,False
62,11,0.78694063,22.794521,0.5,1.7816715,2.7816715,1.4299148,0.4455311,2.3192332,1.0827368,Safety,58,3.2036679,0.6110337019686436,False
62,12,0.78694063,22.794521,5.0,0.5,0.5,1.4299148,0.4455311,2.3192332,1.0827368,Safety,88,6.772694,0.7108456186908562,False
62,13,0.78694063,22.794521,0.5,2.077066,3.077066,1.4299148,0.4455311,2.3192332,1.0827368,Safety,21,5.156972,0.6954023861502776,False
62,14,0.78694063,22.794521,5.0,0.5,0.5,1.4299148,0.4455311,2.3192332,1.0827368,Safety,135,4.796784,0.6138469270656697,False
62,15,0.78694063,22.794521,5.0,0.5,1.5,1.4299148,0.4455311,2.3192332,1.0827368,Safety,0,0.24853605,0.5885165978852902,False
62,16,0.78694063,22.794521,5.0,0.5,0.5,1.4299148,0.4455311,2.3192332,1.0827368,Safety,147,5.093175,0.584573719707003,False
62,17,0.78694063,22.794521,5.0,0.5,0.5,1.4299148,0.4455311,2.3192332,1.0827368,Safety,79,4.5707736,0.5824825324644781,False
62,18,0.78694063,22.794521,5.0,0.5,1.5,1.4299148,0.4455311,2.3192332,1.0827368,Safety,21,5.01941,0.5022137596932567,False
62,19,0.78694063,22.794521,5.0,0.5,0.5,1.4299148,0.4455311,2.3192332,1.0827368,Safety,26,5.2085323,0.40952698434833873,False
62,20,0.78694063,22.794521,5.0,0.5,0.5,1.4299148,0.4455311,2.3192332,1.0827368,Safety,146,6.3636193,0.3454474571207958,False
62,21,0.78694063,22.794521,5.0,0.5,1.5,1.4299148,0.4455311,2.3192332,1.0827368,Safety,34,2.9966846,0.3756989774400222,False
62,22,0.78694063,22.794521,5.0,0.5,0.5,1.4299148,0.4455311,2.3192332,1.0827368,Safety,10,2.0471613,0.283448129384668,False
62,23,0.78694063,22.794521,5.0,0.5,0.5,1.4299148,0.4455311,2.3192332,1.0827368,Safety,0,-2.9467235,0.21750435797087297,True
63,0,0.6151514,11.079919,0.0,0.0,0.0,0.58530736,0.9265668,1.4606179,1.7038753,Balanced,123,6.052817,0.35886324489492977,False
63,1,0.6151514,11.079919,5.0,0.5,0.5,0.58530736,0.9265668,1.4606179,1.7038753,Balanced,17,4.845027,0.4112594705356671,False
63,2,0.6151514,11.079919,5.0,0.5,0.5,0.58530736,0.9265668,1.4606179,1.7038753,Balanced,120,5.999764,0.30160558413028354,False
63,3,0.6151514,11.079919,5.0,0.5,0.5,0.58530736,0.9265668,1.4606179,1.7038753,Balanced,14,6.5506983,0.26450842062075686,False
63,4,0.6151514,11.079919,5.0,0.5,1.5,0.58530736,0.9265668,1.4606179,1.7038753,Balanced,17,4.634648,0.19591855072918923,False
63,5,0.6151514,11.079919,5.0,0.5,0.5,0.58530736,0.9265668,1.4606179,1.7038753,Balanced,72,5.2404637,0.16408078527869568,False
63,6,0.6151514,11.079919,5.0,0.5,1.5,0.58530736,0.9265668,1.4606179,1.7038753,Balanced,204,5.451087,0.3913962298353023,False
63,7,0.6151514,11.079919,0.5,2.6050296,3.6050296,0.58530736,0.9265668,1.4606179,1.7038753,Balanced,1,2.9422674,0.31223909536202693,False
63,8,0.6151514,11.079919,5.0,0.5,0.5,0.58530736,0.9265668,1.4606179,1.7038753,Balanced,13,5.355131,0.3505003519180135,False
63,9,0.6151514,11.079919,5.0,0.5,1.5,0.58530736,0.9265668,1.4606179,1.7038753,Balanced,117,5.5535965,0.25756110842839885,False
63,10,0.6151514,11.079919,5.0,0.5,0.5,0.58530736,0.9265668,1.4606179,1.7038753,Balanced,172,6.685823,0.4103422576530082,False
63,11,0.6151514,11.079919,5.0,0.5,1.5,0.58530736,0.9265668,1.4606179,1.7038753,Balanced,137,4.798726,0.3190287162751266,False
63,12,0.6151514,11.079919,5.0,0.5,0.5,0.58530736,0.9265668,1.4606179,1.7038753,Balanced,50,4.185533,0.34190718167129386,False
63,13,0.6151514,11.079919,5.0,0.5,0.5,0.58530736,0.9265668,1.4606179,1.7038753,Balanced,128,5.9791327,0.27933913091086787,False
63,14,0.6151514,11.079919,5.0,0.5,0.5,0.58530736,0.9265668,1.4606179,1.7038753,Balanced,15,4.6326437,0.20532165858201,False
63,15,0.6151514,11.079919,5.0,0.5,0.5,0.58530736,0.9265668,1.4606179,1.7038753,Balanced,200,4.2399015,0.3978676244512586,False
63,16,0.6151514,11.079919,0.5,2.3684042,3.3684042,0.58530736,0.9265668,1.4606179,1.7038753,Balanced,153,5.9397106,0.23679259798204755,False
63,17,0.6151514,11.079919,5.0,0.5,0.5,0.58530736,0.9265668,1.4606179,1.7038753,Balanced,1,3.3972027,0.19696628804530308,False
63,18,0.6151514,11.079919,5.0,0.5,0.5,0.58530736,0.9265668,1.4606179,1.7038753,Balanced,147,5.8632283,0.15424888909195356,False
63,19,0.6151514,11.079919,5.0,0.5,0.5,0.58530736,0.9265668,1.4606179,1.7038753,Balanced,13,4.4814243,0.06750152725541893,False
63,20,0.6151514,11.079919,5.0,0.5,0.5,0.58530736,0.9265668,1.4606179,1.7038753,Balanced,99,4.456796,-0.05,False
63,21,0.6151514,11.079919,5.0,0.5,0.5,0.58530736,0.9265668,1.4606179,1.7038753,Balanced,17,-4.8508277,-0.05,True
64,0,0.8663444,14.131629,0.0,0.0,0.0,0.7628251,0.84649104,2.7938025,1.215535,Safety,52,2.5901744,0.48267519698748623,False
64,1,0.8663444,14.131629,5.0,0.5,0.5,0.7628251,0.84649104,2.7938025,1.215535,Safety,121,4.618605,0.4150174117788681,False
64,2,0.8663444,14.131629,5.0,0.5,1.5,0.7628251,0.84649104,2.7938025,1.215535,Safety,69,6.179524,0.4097902937473455,False
64,3,0.8663444,14.131629,5.0,0.5,0.5,0.7628251,0.84649104,2.7938025,1.215535,Safety,196,6.127525,0.34836130321601877,False
64,4,0.8663444,14.131629,5.0,0.5,0.5,0.7628251,0.84649104,2.7938025,1.215535,Safety,106,4.6017356,0.3950886551494781,False
64,5,0.8663444,14.131629,5.0,0.5,1.5,0.7628251,0.84649104,2.7938025,1.215535,Safety,47,6.824539,0.2706158677328598,False
64,6,0.8663444,14.131629,5.0,0.5,1.5,0.7628251,0.84649104,2.7938025,1.215535,Safety,71,5.9843545,0.37036599297039596,False
64,7,0.8663444,14.131629,0.5,1.778153,2.778153,0.7628251,0.84649104,2.7938025,1.215535,Safety,169,4.2946577,0.34249263654233136,False
64,8,0.8663444,14.131629,5.0,0.5,1.5,0.7628251,0.84649104,2.7938025,1.215535,Safety,112,6.7918167,0.23195936498225805,False
64,9,0.8663444,14.131629,5.0,0.5,1.5,0.7628251,0.84649104,2.7938025,1.215535,Safety,115,3.3223414,0.11534227422859551,False
64,10,0.8663444,14.131629,5.0,0.5,0.5,0.7628251,0.84649104,2.7938025,1.215535,Safety,147,6.6374254,0.04956958438951439,False
64,11,0.8663444,14.131629,5.0,0.5,1.5,0.7628251,0.84649104,2.7938025,1.215535,Safety,74,5.7200737,0.06241697130118988,False
64,12,0.8663444,14.131629,5.0,0.5,1.5,0.7628251,0.84649104,2.7938025,1.215535,Safety,41,-2.5646014,0.07993965335798404,True
65,0,0.8655138,23.389164,0.0,0.0,0.0,0.9201995,0.63571644,1.310574,1.189266,Balanced,37,5.2280746,0.48724093991542977,False
65,1,0.8655138,23.389164,5.0,0.5,1.5,0.9201995,0.63571644,1.310574,1.189266,Balanced,58,3.5571847,0.5672725011067479,False
65,2,0.8655138,23.389164,0.5,2.659538,3.659538,0.9201995,0.63571644,1.310574,1.189266,Balanced,71,4.6866693,0.6338206946079433,False
65,3,0.8655138,23.389164,5.0,0.5,0.5,0.9201995,0.63571644,1.310574,1.189266,Balanced,48,4.343125,0.6578974942113843,False
65,4,0.8655138,23.389164,5.0,0.5,1.5,0.9201995,0.63571644,1.310574,1.189266,Balanced,30,4.322833,0.6368013421001077,False
65,5,0.8655138,23.389164,5.0,0.5,1.5,0.9201995,0.63571644,1.310574,1.189266,Balanced,49,2.2796977,0.5990838626961716,False
65,6,0.8655138,23.389164,5.0,0.5,0.5,0.9201995,0.63571644,1.310574,1.189266,Balanced,58,3.5446208,0.5528909225707804,False
65,7,0.8655138,23.389164,5.0,0.5,1.5,0.9201995,0.63571644,1.310574,1.189266,Balanced,0,1.0814664,0.4405390775199423,False
65,8,0.8655138,23.389164,5.0,0.5,0.5,0.9201995,0.63571644,1.310574,1.189266,Balanced,147,4.224364,0.3596730475592416,False
65,9,0.8655138,23.389164,5.0,0.5,0.5,0.9201995,0.63571644,1.310574,1.189266,Balanced,189,4.3345284,0.3503682512190064,False
65,10,0.8655138,23.389164,5.0,0.5,1.5,0.9201995,0.63571644,1.310574,1.189266,Balanced,201,4.3319106,0.34625038122216895,False
65,11,0.8655138,23.389164,5.0,0.5,1.5,0.9201995,0.63571644,1.310574,1.189266,Balanced,43,5.5381007,0.5256464892898913,False
65,12,0.8655138,23.389164,0.5,2.230802,3.230802,0.9201995,0.63571644,1.310574,1.189266,Balanced,18,3.7658086,0.632884438965171,False
65,13,0.8655138,23.389164,5.0,0.5,0.5,0.9201995,0.63571644,1.310574,1.189266,Balanced,3,2.262479,0.579499270657918,False
65,14,0.8655138,23.389164,5.0,0.5,0.5,0.9201995,0.63571644,1.310574,1.189266,Balanced,9,4.4066296,0.4637856351659571,False
65,15,0.8655138,23.389164,5.0,0.5,1.5,0.9201995,0.63571644,1.310574,1.189266,Balanced,57,3.4775298,0.4606948573303545,False
65,16,0.8655138,23.389164,5.0,0.5,1.5,0.9201995,0.63571644,1.310574,1.189266,Balanced,22,5.5223217,0.5008254189826447,False
65,17,0.8655138,23.389164,0.5,2.9822536,3.9822536,0.9201995,0.63571644,1.310574,1.189266,Balanced,43,5.5896325,0.6067071955667673,False
65,18,0.8655138,23.389164,0.5,2.7800455,3.7800455,0.9201995,0.63571644,1.310574,1.189266,Balanced,79,2.5585291,0.47325943834719214,False
65,19,0.8655138,23.389164,5.0,0.5,0.5,0.9201995,0.63571644,1.310574,1.189266,Balanced,41,3.27677,0.45621057939462156,False
65,20,0.8655138,23.389164,5.0,0.5,0.5,0.9201995,0.63571644,1.310574,1.189266,Balanced,80,3.609953,0.4224923984192057,False
65,21,0.8655138,23.389164,5.0,0.5,0.5,0.9201995,0.63571644,1.310574,1.189266,Balanced,156,4.5550246,0.4267398011188251,False
65,22,0.8655138,23.389164,5.0,0.5,0.5,0.9201995,0.63571644,1.310574,1.189266,Balanced,52,3.065971,0.40102314761279906,False
65,23,0.8655138,23.389164,5.0,0.5,1.5,0.9201995,0.63571644,1.310574,1.189266,Balanced,57,3.4091175,0.38746343951977213,False
65,24,0.8655138,23.389164,5.0,0.5,1.5,0.9201995,0.63571644,1.310574,1.189266,Balanced,156,5.5433655,0.5339278339169304,False
65,25,0.8655138,23.389164,0.5,2.4400055,3.4400055,0.9201995,0.63571644,1.310574,1.189266,Balanced,74,5.5386963,0.5265835611262624,False
65,26,0.8655138,23.389164,5.0,0.5,1.5,0.9201995,0.63571644,1.310574,1.189266,Balanced,182,3.49151,0.47177625619861635,False
65,27,0.8655138,23.389164,5.0,0.5,0.5,0.9201995,0.63571644,1.310574,1.189266,Balanced,36,3.2383864,0.4031612863783997,False
65,28,0.8655138,23.389164,5.0,0.5,0.5,0.9201995,0.63571644,1.310574,1.189266,Balanced,161,3.5006316,0.48612480891097604,False
65,29,0.8655138,23.389164,5.0,0.5,0.5,0.9201995,0.63571644,1.310574,1.189266,Balanced,17,4.4419036,0.24879759887623948,False
65,30,0.8655138,23.389164,5.0,0.5,0.5,0.9201995,0.63571644,1.310574,1.189266,Balanced,43,3.108905,0.20532306160533698,False
65,31,0.8655138,23.389164,5.0,0.5,0.5,0.9201995,0.63571644,1.310574,1.189266,Balanced,43,4.362497,0.12388802738460807,False
65,32,0.8655138,23.389164,5.0,0.5,0.5,0.9201995,0.63571644,1.310574,1.189266,Balanced,42,3.0968719,0.194394718598437,False
65,33,0.8655138,23.389164,5.0,0.5,0.5,0.9201995,0.63571644,1.310574,1.189266,Balanced,43,4.373553,0.14127926138094926,False
65,34,0.8655138,23.389164,5.0,0.5,0.5,0.9201995,0.63571644,1.310574,1.189266,Balanced,0,0.8677116,0.13173776438280227,False
65,35,0.8655138,23.389164,5.0,0.5,0.5,0.9201995,0.63571644,1.310574,1.189266,Balanced,50,5.3062344,0.16091377856561717,False
65,36,0.8655138,23.389164,5.0,0.5,1.5,0.9201995,0.63571644,1.310574,1.189266,Balanced,147,5.0340176,0.11701102092646058,False
65,37,0.8655138,23.389164,5.0,0.5,1.5,0.9201995,0.63571644,1.310574,1.189266,Balanced,21,3.9438224,0.09275222472272122,False
65,38,0.8655138,23.389164,5.0,0.5,1.5,0.9201995,0.63571644,1.310574,1.189266,Balanced,3,3.2543738,0.09875431225344707,False
65,39,0.8655138,23.389164,5.0,0.5,0.5,0.9201995,0.63571644,1.310574,1.189266,Balanced,136,3.0971222,0.12186843515969552,False
65,40,0.8655138,23.389164,5.0,0.5,1.5,0.9201995,0.63571644,1.310574,1.189266,Balanced,174,4.335738,0.08179593103890316,False
65,41,0.8655138,23.389164,5.0,0.5,0.5,0.9201995,0.63571644,1.310574,1.189266,Balanced,147,4.3396072,0.08788239853382769,False
65,42,0.8655138,23.389164,5.0,0.5,0.5,0.9201995,0.63571644,1.310574,1.189266,Balanced,0,-4.689165,-0.05,True
66,0,0.39283797,4.76867,0.0,0.0,0.0,1.2189264,0.9452274,1.6239451,1.2494948,Balanced,156,5.264213,0.5464620955514058,False
66,1,0.39283797,4.76867,5.0,0.5,0.5,1.2189264,0.9452274,1.6239451,1.2494948,Balanced,0,1.1717358,0.5527855088668006,False
66,2,0.39283797,4.76867,5.0,0.5,0.5,1.2189264,0.9452274,1.6239451,1.2494948,Balanced,35,4.980525,0.518341280938326,False
66,3,0.39283797,4.76867,5.0,0.5,0.5,1.2189264,0.9452274,1.6239451,1.2494948,Balanced,164,3.5071678,0.5540891858187535,False
66,4,0.39283797,4.76867,5.0,0.5,1.5,1.2189264,0.9452274,1.6239451,1.2494948,Balanced,37,5.2136164,0.4929336123989389,False
66,5,0.39283797,4.76867,5.0,0.5,0.5,1.2189264,0.9452274,1.6239451,1.2494948,Balanced,117,6.3870597,0.4448149133460392,False
66,6,0.39283797,4.76867,5.0,0.5,1.5,1.2189264,0.9452274,1.6239451,1.2494948,Balanced,20,6.3426743,0.3978576480996803,False
66,7,0.39283797,4.76867,5.0,0.5,1.5,1.2189264,0.9452274,1.6239451,1.2494948,Balanced,16,3.7610195,0.4279999558095245,False
66,8,0.39283797,4.76867,5.0,0.5,0.5,1.2189264,0.9452274,1.6239451,1.2494948,Balanced,123,6.293815,0.34616706320298934,False
66,9,0.39283797,4.76867,5.0,0.5,1.5,1.2189264,0.9452274,1.6239451,1.2494948,Balanced,29,4.8650265,0.3118218936796814,False
66,10,0.39283797,4.76867,5.0,0.5,1.5,1.2189264,0.9452274,1.6239451,1.2494948,Balanced,63,3.9687767,0.3286332944401901,False
66,11,0.39283797,4.76867,5.0,0.5,1.5,1.2189264,0.9452274,1.6239451,1.2494948,Balanced,95,5.1840444,0.1939016911024941,False
66,12,0.39283797,4.76867,5.0,0.5,1.5,1.2189264,0.9452274,1.6239451,1.2494948,Balanced,1,2.048229,0.0569011027442403,False
66,13,0.39283797,4.76867,5.0,0.5,0.5,1.2189264,0.9452274,1.6239451,1.2494948,Balanced,184,4.405828,0.07090051156886076,False
66,14,0.39283797,4.76867,5.0,0.5,1.5,1.2189264,0.9452274,1.6239451,1.2494948,Balanced,170,-6.330267,0.02242484926285221,True
67,0,0.5731712,13.657235,0.0,0.0,0.0,1.1343219,0.1379645,1.6651328,1.1675477,Balanced,42,4.4776406,0.5132395437439506,False
67,1,0.5731712,13.657235,5.0,0.5,1.5,1.1343219,0.1379645,1.6651328,1.1675477,Balanced,79,2.345902,0.4000592588492618,False
67,2,0.5731712,13.657235,5.0,0.5,0.5,1.1343219,0.1379645,1.6651328,1.1675477,Balanced,188,4.3892174,0.4240519793394802,False
67,3,0.5731712,13.657235,5.0,0.5,1.5,1.1343219,0.1379645,1.6651328,1.1675477,Balanced,99,2.3235133,0.2966497091377029,False
67,4,0.5731712,13.657235,5.0,0.5,0.5,1.1343219,0.1379645,1.6651328,1.1675477,Balanced,126,3.2471614,0.3679923376086362,False
67,5,0.5731712,13.657235,5.0,0.5,0.5,1.1343219,0.1379645,1.6651328,1.1675477,Balanced,148,4.3390083,0.2609520007792498,False
67,6,0.5731712,13.657235,5.0,0.5,0.5,1.1343219,0.1379645,1.6651328,1.1675477,Balanced,79,2.3035133,0.19793355258688689,False
67,7,0.5731712,13.657235,5.0,0.5,0.5,1.1343219,0.1379645,1.6651328,1.1675477,Balanced,204,4.348626,0.12983595213957244,False
67,8,0.5731712,13.657235,5.0,0.5,1.5,1.1343219,0.1379645,1.6651328,1.1675477,Balanced,57,2.2761598,0.05728433371863412,False
67,9,0.5731712,13.657235,5.0,0.5,0.5,1.1343219,0.1379645,1.6651328,1.1675477,Balanced,22,4.5905905,0.047753408489875776,False
67,10,0.5731712,13.657235,5.0,0.5,0.5,1.1343219,0.1379645,1.6651328,1.1675477,Balanced,129,5.7487803,0.22075555156833815,False
67,11,0.5731712,13.657235,0.5,2.3147721,3.3147721,1.1343219,0.1379645,1.6651328,1.1675477,Balanced,68,5.747127,0.20877288731801405,False
67,12,0.5731712,13.657235,5.0,0.5,1.5,1.1343219,0.1379645,1.6651328,1.1675477,Balanced,58,2.2843618,0.15006774923144678,False
67,13,0.5731712,13.657235,5.0,0.5,0.5,1.1343219,0.1379645,1.6651328,1.1675477,Balanced,172,4.3150406,0.10348398892664991,False
67,14,0.5731712,13.657235,5.0,0.5,0.5,1.1343219,0.1379645,1.6651328,1.1675477,Balanced,96,5.731963,0.0988590994378482,False
67,15,0.5731712,13.657235,5.0,0.5,1.5,1.1343219,0.1379645,1.6651328,1.1675477,Balanced,66,2.2900658,0.17839282257300143,True
68,0,0.93884337,7.4697704,0.0,0.0,0.0,0.7266576,0.26375264,1.7245042,1.2822185,Balanced,49,2.9123266,0.44631365151713864,False
68,1,0.93884337,7.4697704,5.0,0.5,1.5,0.7266576,0.26375264,1.7245042,1.2822185,Balanced,141,4.3256025,0.40182168841304927,False
68,2,0.93884337,7.4697704,5.0,0.5,1.5,0.7266576,0.26375264,1.7245042,1.2822185,Balanced,197,3.5796185,0.32854581065617283,False
68,3,0.93884337,7.4697704,5.0,0.5,0.5,0.7266576,0.26375264,1.7245042,1.2822185,Balanced,170,4.3072696,0.33231271643151394,False
68,4,0.93884337,7.4697704,5.0,0.5,1.5,0.7266576,0.26375264,1.7245042,1.2822185,Balanced,138,3.585043,0.3491128206850492,False
68,5,0.93884337,7.4697704,5.0,0.5,0.5,0.7266576,0.26375264,1.7245042,1.2822185,Balanced,22,5.7459664,0.33841761191044506,False
68,6,0.93884337,7.4697704,5.0,0.5,1.5,0.7266576,0.26375264,1.7245042,1.2822185,Balanced,70,5.030863,0.38222348685643504,False
68,7,0.93884337,7.4697704,5.0,0.5,0.5,0.7266576,0.26375264,1.7245042,1.2822185,Balanced,21,5.422123,0.2812645429915805,False
68,8,0.93884337,7.4697704,5.0,0.5,1.5,0.7266576,0.26375264,1.7245042,1.2822185,Balanced,181,5.3726773,0.16509306811750352,False
68,9,0.93884337,7.4697704,5.0,0.5,1.5,0.7266576,0.26375264,1.7245042,1.2822185,Balanced,177,4.9674554,0.14181905097660685,False
68,10,0.93884337,7.4697704,5.0,0.5,0.5,0.7266576,0.26375264,1.7245042,1.2822185,Balanced,52,3.5029826,0.03798690831196114,False
68,11,0.93884337,7.4697704,5.0,0.5,0.5,0.7266576,0.26375264,1.7245042,1.2822185,Balanced,7,0.8481965,-0.027452330548106377,True
69,0,0.78727674,6.114499,0.0,0.0,0.0,0.97774273,0.5340048,1.8629481,0.6605203,Balanced,59,3.2373073,0.5576211265888745,False
69,1,0.78727674,6.114499,5.0,0.5,1.5,0.97774273,0.5340048,1.8629481,0.6605203,Balanced,68,4.8504047,0.671179519753611,False
69,2,0.78727674,6.114499,0.5,3.044989,4.044989,0.97774273,0.5340048,1.8629481,0.6605203,Balanced,52,2.2643387,0.56656170597907,False
69,3,0.78727674,6.114499,5.0,0.5,0.5,0.97774273,0.5340048,1.8629481,0.6605203,Balanced,52,1.6072662,0.6975493468906454,False
69,4,0.78727674,6.114499,5.0,0.5,0.5,0.97774273,0.5340048,1.8629481,0.6605203,Balanced,24,4.8066535,0.5892491689056494,False
69,5,0.78727674,6.114499,5.0,0.5,1.5,0.97774273,0.5340048,1.8629481,0.6605203,Balanced,79,2.1115088,0.5963180077631074,False
69,6,0.78727674,6.114499,5.0,0.5,0.5,0.97774273,0.5340048,1.8629481,0.6605203,Balanced,185,0.7158551,0.5740018780970593,False
69,7,0.78727674,6.114499,5.0,0.5,0.5,0.97774273,0.5340048,1.8629481,0.6605203,Balanced,127,3.7863357,0.5095213564169734,False
69,8,0.78727674,6.114499,5.0,0.5,0.5,0.97774273,0.5340048,1.8629481,0.6605203,Balanced,41,3.0908194,0.5693498683684853,False
69,9,0.78727674,6.114499,5.0,0.5,0.5,0.97774273,0.5340048,1.8629481,0.6605203,Balanced,5,3.195754,0.4798066548331175,False
69,10,0.78727674,6.114499,5.0,0.5,1.5,0.97774273,0.5340048,1.8629481,0.6605203,Balanced,135,2.1804597,0.4094863298411341,False
69,11,0.78727674,6.114499,5.0,0.5,0.5,0.97774273,0.5340048,1.8629481,0.6605203,Balanced,10,1.6731657,0.42478026773977545,False
69,12,0.78727674,6.114499,5.0,0.5,0.5,0.97774273,0.5340048,1.8629481,0.6605203,Balanced,99,3.1216335,0.3410058194663975,False
69,13,0.78727674,6.114499,5.0,0.5,1.5,0.97774273,0.5340048,1.8629481,0.6605203,Balanced,126,2.0992575,0.2574233438739874,False
69,14,0.78727674,6.114499,5.0,0.5,0.5,0.97774273,0.5340048,1.8629481,0.6605203,Balanced,0,-5.569006,0.16642462433176003,True
70,0,0.00060939864,4.8885136,0.0,0.0,0.0,0.651901,0.9525766,1.4068613,1.8939359,Balanced,70,7.196476,0.4229307656765965,False
70,1,0.00060939864,4.8885136,5.0,0.5,1.5,0.651901,0.9525766,1.4068613,1.8939359,Balanced,176,7.0874786,0.3085069604421695,False
70,2,0.00060939864,4.8885136,5.0,0.5,1.5,0.651901,0.9525766,1.4068613,1.8939359,Balanced,12,6.371543,0.24128428488430814,False
70,3,0.00060939864,4.8885136,5.0,0.5,0.5,0.651901,0.9525766,1.4068613,1.8939359,Balanced,18,-4.7037654,0.12261596474935084,True
71,0,0.6836163,21.152355,0.0,0.0,0.0,0.89683974,0.5676202,2.531201,1.6438695,Safety,91,6.9155016,0.48382089603542505,False
71,1,0.6836163,21.152355,5.0,0.5,0.5,0.89683974,0.5676202,2.531201,1.6438695,Safety,0,0.91238296,0.5450688298273552,False
71,2,0.6836163,21.152355,5.0,0.5,0.5,0.89683974,0.5676202,2.531201,1.6438695,Safety,74,7.9023104,0.6423234837340662,False
71,3,0.6836163,21.152355,0.5,2.7557714,3.7557714,0.89683974,0.5676202,2.531201,1.6438695,Safety,123,7.8971744,0.6332747349198286,False
71,4,0.6836163,21.152355,5.0,0.5,1.5,0.89683974,0.5676202,2.531201,1.6438695,Safety,83,6.5566235,0.5443365925647178,False
71,5,0.6836163,21.152355,5.0,0.5,0.5,0.89683974,0.5676202,2.531201,1.6438695,Safety,170,4.425055,0.5467616558783688,False
71,6,0.6836163,21.152355,5.0,0.5,0.5,0.89683974,0.5676202,2.531201,1.6438695,Safety,35,7.9110217,0.6576706866760625,False
71,7,0.6836163,21.152355,0.5,2.2743354,3.2743354,0.89683974,0.5676202,2.531201,1.6438695,Safety,167,4.412844,0.5611196548717674,False
71,8,0.6836163,21.152355,5.0,0.5,0.5,0.89683974,0.5676202,2.531201,1.6438695,Safety,204,4.7919364,0.4587496005378045,False
71,9,0.6836163,21.152355,5.0,0.5,0.5,0.89683974,0.5676202,2.531201,1.6438695,Safety,20,6.8788543,0.41925808608732806,False
71,10,0.6836163,21.152355,5.0,0.5,0.5,0.89683974,0.5676202,2.531201,1.6438695,Safety,52,5.7980065,0.6511850434198825,False
71,11,0.6836163,21.152355,0.5,2.1373634,3.1373634,0.89683974,0.5676202,2.531201,1.6438695,Safety,212,4.8568144,0.5730481259184506,False
71,12,0.6836163,21.152355,5.0,0.5,0.5,0.89683974,0.5676202,2.531201,1.6438695,Safety,57,4.8567743,0.572977394222162,False
71,13,0.6836163,21.152355,5.0,0.5,0.5,0.89683974,0.5676202,2.531201,1.6438695,Safety,30,5.1042986,0.4773486675169733,False
71,14,0.6836163,21.152355,5.0,0.5,0.5,0.89683974,0.5676202,2.531201,1.6438695,Safety,58,4.4201155,0.4235998887188761,False
71,15,0.6836163,21.152355,5.0,0.5,1.5,0.89683974,0.5676202,2.531201,1.6438695,Safety,123,7.6875167,0.26391262118773756,False
71,16,0.6836163,21.152355,5.0,0.5,1.5,0.89683974,0.5676202,2.531201,1.6438695,Safety,170,4.2672405,0.3042780326993371,False
71,17,0.6836163,21.152355,5.0,0.5,0.5,0.89683974,0.5676202,2.531201,1.6438695,Safety,58,3.4346225,0.28308907653858717,False
71,18,0.6836163,21.152355,5.0,0.5,0.5,0.89683974,0.5676202,2.531201,1.6438695,Safety,14,6.4301343,0.28767773432668087,False
71,19,0.6836163,21.152355,5.0,0.5,1.5,0.89683974,0.5676202,2.531201,1.6438695,Safety,0,1.6905031,0.31405673538451,False
71,20,0.6836163,21.152355,5.0,0.5,1.5,0.89683974,0.5676202,2.531201,1.6438695,Safety,169,5.129013,0.26749366700916277,False
71,21,0.6836163,21.152355,5.0,0.5,1.5,0.89683974,0.5676202,2.531201,1.6438695,Safety,14,4.942589,0.20263101407290196,False
71,22,0.6836163,21.152355,5.0,0.5,0.5,0.89683974,0.5676202,2.531201,1.6438695,Safety,58,3.3782802,0.21858016776134165,False
71,23,0.6836163,21.152355,5.0,0.5,0.5,0.89683974,0.5676202,2.531201,1.6438695,Safety,48,5.8325853,0.2019186718975951,False
71,24,0.6836163,21.152355,5.0,0.5,1.5,0.89683974,0.5676202,2.531201,1.6438695,Safety,95,6.711123,0.12375893044659038,False
71,25,0.6836163,21.152355,5.0,0.5,0.5,0.89683974,0.5676202,2.531201,1.6438695,Safety,178,6.227195,0.0857232674382843,False
71,26,0.6836163,21.152355,5.0,0.5,0.5,0.89683974,0.5676202,2.531201,1.6438695,Safety,60,-1.16149,-0.029648123005570515,True
72,0,0.55527854,1.0960368,0.0,0.0,0.0,0.5229778,0.5722614,1.4757229,1.3654902,Balanced,33,3.614806,0.4181142092218874,False
72,1,0.55527854,1.0960368,5.0,0.5,0.5,0.5229778,0.5722614,1.4757229,1.3654902,Balanced,3,3.8293464,0.2964854638595773,False
72,2,0.55527854,1.0960368,5.0,0.5,0.5,0.5229778,0.5722614,1.4757229,1.3654902,Balanced,28,5.0582347,0.07222214610867016,False
72,3,0.55527854,1.0960368,5.0,0.5,1.5,0.5229778,0.5722614,1.4757229,1.3654902,Balanced,52,-2.0276372,0.06168107213418007,True
73,0,0.3579068,12.059655,0.0,0.0,0.0,0.70181197,0.7004514,2.713102,0.6429621,Safety,59,1.883214,0.4588499922509847,False
73,1,0.3579068,12.059655,5.0,0.5,0.5,0.70181197,0.7004514,2.713102,0.6429621,Safety,147,4.6707344,0.5000017066952585,False
73,2,0.3579068,12.059655,5.0,0.5,0.5,0.70181197,0.7004514,2.713102,0.6429621,Safety,50,4.5751305,0.363512828342135,False
73,3,0.3579068,12.059655,5.0,0.5,0.5,0.70181197,0.7004514,2.713102,0.6429621,Safety,34,2.8304262,0.3704636698478982,False
73,4,0.3579068,12.059655,5.0,0.5,1.5,0.70181197,0.7004514,2.713102,0.6429621,Safety,37,4.448973,0.46752424575798995,False
73,5,0.3579068,12.059655,5.0,0.5,0.5,0.70181197,0.7004514,2.713102,0.6429621,Safety,170,3.0734177,0.4454510781665782,False
73,6,0.3579068,12.059655,5.0,0.5,1.5,0.70181197,0.7004514,2.713102,0.6429621,Safety,116,4.8255434,0.7210152536189779,False
73,7,0.3579068,12.059655,0.5,2.8415787,2.8415787,0.70181197,0.7004514,2.713102,0.6429621,Safety,190,2.4696364,0.5854049224253123,False
73,8,0.3579068,12.059655,5.0,0.5,0.5,0.70181197,0.7004514,2.713102,0.6429621,Safety,50,4.655774,0.4786439282764617,False
73,9,0.3579068,12.059655,5.0,0.5,0.5,0.70181197,0.7004514,2.713102,0.6429621,Safety,188,3.0753179,0.4481637950706223,False
73,10,0.3579068,12.059655,5.0,0.5,1.5,0.70181197,0.7004514,2.713102,0.6429621,Safety,71,5.4589496,0.6233557611309798,False
73,11,0.3579068,12.059655,0.5,2.6421924,3.6421924,0.70181197,0.7004514,2.713102,0.6429621,Safety,3,2.393342,0.48286750259378813,False
73,12,0.3579068,12.059655,5.0,0.5,1.5,0.70181197,0.7004514,2.713102,0.6429621,Safety,170,3.1156144,0.5056932528953638,False
73,13,0.3579068,12.059655,5.0,0.5,1.5,0.70181197,0.7004514,2.713102,0.6429621,Safety,58,2.660709,0.5594169413374352,False
73,14,0.3579068,12.059655,5.0,0.5,1.5,0.70181197,0.7004514,2.713102,0.6429621,Safety,130,3.218116,0.6520297005914452,False
73,15,0.3579068,12.059655,5.0,0.5,1.5,0.70181197,0.7004514,2.713102,0.6429621,Safety,172,4.803736,0.6898824302985845,False
73,16,0.3579068,12.059655,5.0,0.5,0.5,0.70181197,0.7004514,2.713102,0.6429621,Safety,18,4.0838485,0.6710605206624112,False
73,17,0.3579068,12.059655,5.0,0.5,0.5,0.70181197,0.7004514,2.713102,0.6429621,Safety,201,2.4674168,0.5822358088450017,False
73,18,0.3579068,12.059655,5.0,0.5,0.5,0.70181197,0.7004514,2.713102,0.6429621,Safety,29,4.706343,0.5508388862496039,False
73,19,0.3579068,12.059655,5.0,0.5,0.5,0.70181197,0.7004514,2.713102,0.6429621,Safety,74,4.119659,0.41757086484016126,False
73,20,0.3579068,12.059655,5.0,0.5,0.5,0.70181197,0.7004514,2.713102,0.6429621,Safety,181,4.3885326,0.37001324524804713,False
73,21,0.3579068,12.059655,5.0,0.5,0.5,0.70181197,0.7004514,2.713102,0.6429621,Safety,18,4.7835155,0.3693706371684458,False
73,22,0.3579068,12.059655,5.0,0.5,1.5,0.70181197,0.7004514,2.713102,0.6429621,Safety,12,4.5273595,0.2953124185250931,False
73,23,0.3579068,12.059655,5.0,0.5,0.5,0.70181197,0.7004514,2.713102,0.6429621,Safety,79,1.7081871,0.21454422453630245,False
73,24,0.3579068,12.059655,5.0,0.5,0.5,0.70181197,0.7004514,2.713102,0.6429621,Safety,91,-2.5678723,0.16579928342068245,True
74,0,0.5771602,16.685421,0.0,0.0,0.0,0.59242404,0.1421034,1.4325994,0.9996591,Balanced,182,3.0927188,0.46422782855196326,False
74,1,0.5771602,16.685421,5.0,0.5,1.5,0.59242404,0.1421034,1.4325994,0.9996591,Balanced,62,2.609315,0.4507223502825049,False
74,2,0.5771602,16.685421,0.5,2.905569,3.905569,0.59242404,0.1421034,1.4325994,0.9996591,Balanced,79,2.4702055,0.3320389943938128,False
74,3,0.5771602,16.685421,5.0,0.5,0.5,0.59242404,0.1421034,1.4325994,0.9996591,Balanced,85,2.760604,0.15966866815047448,False
74,4,0.5771602,16.685421,5.0,0.5,0.5,0.59242404,0.1421034,1.4325994,0.9996591,Balanced,3,1.6741915,0.19075372815035402,False
74,5,0.5771602,16.685421,5.0,0.5,0.5,0.59242404,0.1421034,1.4325994,0.9996591,Balanced,52,1.6729282,0.2167015960494384,False
74,6,0.5771602,16.685421,5.0,0.5,0.5,0.59242404,0.1421034,1.4325994,0.9996591,Balanced,0,1.048592,0.08989884639345262,False
74,7,0.5771602,16.685421,5.0,0.5,1.5,0.59242404,0.1421034,1.4325994,0.9996591,Balanced,73,4.2496433,0.08326829077342156,False
74,8,0.5771602,16.685421,5.0,0.5,1.5,0.59242404,0.1421034,1.4325994,0.9996591,Balanced,66,4.2342386,0.028209178591118572,False
74,9,0.5771602,16.685421,5.0,0.5,1.5,0.59242404,0.1421034,1.4325994,0.9996591,Balanced,58,1.6007557,-0.05,True
75,0,0.73784053,7.168584,0.0,0.0,0.0,1.4414204,0.46202788,1.4161305,1.9255663,Balanced,211,5.259297,0.4531316633599671,False
75,1,0.73784053,7.168584,5.0,0.5,0.5,1.4414204,0.46202788,1.4161305,1.9255663,Balanced,208,6.4043007,0.37715112477824503,False
75,2,0.73784053,7.168584,5.0,0.5,0.5,1.4414204,0.46202788,1.4161305,1.9255663,Balanced,123,6.4022264,0.37266211828491175,False
75,3,0.73784053,7.168584,5.0,0.5,0.5,1.4414204,0.46202788,1.4161305,1.9255663,Balanced,158,5.223702,0.3760904750615832,False
75,4,0.73784053,7.168584,5.0,0.5,0.5,1.4414204,0.46202788,1.4161305,1.9255663,Balanced,69,7.895336,0.48453627417002343,False
75,5,0.73784053,7.168584,0.5,2.784748,3.784748,1.4414204,0.46202788,1.4161305,1.9255663,Balanced,102,5.356068,0.6625808090658731,False
75,6,0.73784053,7.168584,0.5,3.2625797,3.2625797,1.4414204,0.46202788,1.4161305,1.9255663,Balanced,171,5.966786,0.7067185637701217,False
75,7,0.73784053,7.168584,5.0,0.5,0.5,1.4414204,0.46202788,1.4161305,1.9255663,Balanced,113,6.539307,0.6693552552583557,False
75,8,0.73784053,7.168584,5.0,0.5,0.5,1.4414204,0.46202788,1.4161305,1.9255663,Balanced,153,7.960705,0.6260185261246359,False
75,9,0.73784053,7.168584,5.0,0.5,1.5,1.4414204,0.46202788,1.4161305,1.9255663,Balanced,48,6.509104,0.6039837120762968,False
75,10,0.73784053,7.168584,5.0,0.5,0.5,1.4414204,0.46202788,1.4161305,1.9255663,Balanced,124,7.988672,0.6865493595407355,False
75,11,0.73784053,7.168584,0.5,1.8050092,2.8050094,1.4414204,0.46202788,1.4161305,1.9255663,Balanced,95,6.518719,0.6247957149720256,False
75,12,0.73784053,7.168584,5.0,0.5,0.5,1.4414204,0.46202788,1.4161305,1.9255663,Balanced,1,4.6298537,0.5139179635720926,False
75,13,0.73784053,7.168584,5.0,0.5,1.5,1.4414204,0.46202788,1.4161305,1.9255663,Balanced,47,6.4634614,0.5051967678977043,False
75,14,0.73784053,7.168584,5.0,0.5,0.5,1.4414204,0.46202788,1.4161305,1.9255663,Balanced,118,7.9716706,0.6497530583518943,False
75,15,0.73784053,7.168584,0.5,2.1983001,3.1983001,1.4414204,0.46202788,1.4161305,1.9255663,Balanced,24,6.5710745,0.7381114444669961,False
75,16,0.73784053,7.168584,5.0,0.5,0.5,1.4414204,0.46202788,1.4161305,1.9255663,Balanced,58,3.8340425,0.6543761613877606,False
75,17,0.73784053,7.168584,5.0,0.5,0.5,1.4414204,0.46202788,1.4161305,1.9255663,Balanced,75,7.9165797,0.5305153088246164,False
75,18,0.73784053,7.168584,5.0,0.5,1.5,1.4414204,0.46202788,1.4161305,1.9255663,Balanced,85,6.697096,0.44529291622108214,False
75,19,0.73784053,7.168584,5.0,0.5,1.5,1.4414204,0.46202788,1.4161305,1.9255663,Balanced,53,6.3940716,0.3550112318571556,False
75,20,0.73784053,7.168584,5.0,0.5,0.5,1.4414204,0.46202788,1.4161305,1.9255663,Balanced,0,3.3593166,0.30782201821739924,False
75,21,0.73784053,7.168584,5.0,0.5,1.5,1.4414204,0.46202788,1.4161305,1.9255663,Balanced,60,6.599036,0.23305617616630053,False
75,22,0.73784053,7.168584,5.0,0.5,1.5,1.4414204,0.46202788,1.4161305,1.9255663,Balanced,145,6.3242393,0.20386828554559155,False
75,23,0.73784053,7.168584,5.0,0.5,0.5,1.4414204,0.46202788,1.4161305,1.9255663,Balanced,111,6.418179,0.40718942491257604,False
75,24,0.73784053,7.168584,0.5,2.353143,2.353143,1.4414204,0.46202788,1.4161305,1.9255663,Balanced,4,4.671021,0.39316060654874657,False
75,25,0.73784053,7.168584,5.0,0.5,0.5,1.4414204,0.46202788,1.4161305,1.9255663,Balanced,9,3.1127348,0.34254692764572287,False
75,26,0.73784053,7.168584,5.0,0.5,0.5,1.4414204,0.46202788,1.4161305,1.9255663,Balanced,43,7.7923317,0.2615966175242027,False
75,27,0.73784053,7.168584,5.0,0.5,1.5,1.4414204,0.46202788,1.4161305,1.9255663,Balanced,5,3.0498347,0.22230707511437436,False
75,28,0.73784053,7.168584,5.0,0.5,0.5,1.4414204,0.46202788,1.4161305,1.9255663,Balanced,84,6.3604646,0.2822739886366819,False
75,29,0.73784053,7.168584,5.0,0.5,0.5,1.4414204,0.46202788,1.4161305,1.9255663,Balanced,157,6.3383346,0.23437579641622142,False
75,30,0.73784053,7.168584,5.0,0.5,0.5,1.4414204,0.46202788,1.4161305,1.9255663,Balanced,95,1.6944275,0.18323542204631765,True
76,0,0.4142026,4.7493477,0.0,0.0,0.0,0.9126857,0.65349394,1.577365,1.5271516,Balanced,132,6.6298456,0.4926074312516336,False
76,1,0.4142026,4.7493477,5.0,0.5,1.5,0.9126857,0.65349394,1.577365,1.5271516,Balanced,196,5.7449994,0.5352080481276352,False
76,2,0.4142026,4.7493477,5.0,0.5,0.5,0.9126857,0.65349394,1.577365,1.5271516,Balanced,27,4.4345574,0.5413734506266457,False
76,3,0.4142026,4.7493477,5.0,0.5,0.5,0.9126857,0.65349394,1.577365,1.5271516,Balanced,65,6.774938,0.7146329646510772,False
76,4,0.4142026,4.7493477,0.5,2.9267557,3.9267557,0.9126857,0.65349394,1.577365,1.5271516,Balanced,126,5.551226,0.8535154181958139,False
76,5,0.4142026,4.7493477,0.5,2.2517004,3.2517004,0.9126857,0.65349394,1.577365,1.5271516,Balanced,88,5.936879,0.8288298735604153,False
76,6,0.4142026,4.7493477,5.0,0.5,0.5,0.9126857,0.65349394,1.577365,1.5271516,Balanced,29,5.883951,0.7478375421078903,False
76,7,0.4142026,4.7493477,5.0,0.5,0.5,0.9126857,0.65349394,1.577365,1.5271516,Balanced,17,4.662314,0.6758315724699374,False
76,8,0.4142026,4.7493477,5.0,0.5,0.5,0.9126857,0.65349394,1.577365,1.5271516,Balanced,14,4.587784,0.5793496159821824,False
76,9,0.4142026,4.7493477,5.0,0.5,0.5,0.9126857,0.65349394,1.577365,1.5271516,Balanced,6,4.4666038,0.5904117738715698,False
76,10,0.4142026,4.7493477,5.0,0.5,0.5,0.9126857,0.65349394,1.577365,1.5271516,Balanced,128,5.7514715,0.5451118874262136,False
76,11,0.4142026,4.7493477,5.0,0.5,0.5,0.9126857,0.65349394,1.577365,1.5271516,Balanced,26,6.663351,0.5438786438389752,False
76,12,0.4142026,4.7493477,0.5,2.7940133,3.7940133,0.9126857,0.65349394,1.577365,1.5271516,Balanced,149,4.4298663,0.5341950195711621,False
76,13,0.4142026,4.7493477,5.0,0.5,0.5,0.9126857,0.65349394,1.577365,1.5271516,Balanced,17,4.5424786,0.5156089354108977,False
76,14,0.4142026,4.7493477,5.0,0.5,0.5,0.9126857,0.65349394,1.577365,1.5271516,Balanced,124,5.730166,0.51250983418619,False
76,15,0.4142026,4.7493477,5.0,0.5,0.5,0.9126857,0.65349394,1.577365,1.5271516,Balanced,107,4.3633356,0.432387293099321,False
76,16,0.4142026,4.7493477,5.0,0.5,0.5,0.9126857,0.65349394,1.577365,1.5271516,Balanced,161,4.317946,0.36293049431032837,False
76,17,0.4142026,4.7493477,5.0,0.5,0.5,0.9126857,0.65349394,1.577365,1.5271516,Balanced,37,4.902229,0.3635501300222744,False
76,18,0.4142026,4.7493477,5.0,0.5,1.5,0.9126857,0.65349394,1.577365,1.5271516,Balanced,34,4.8353105,0.37658747312642993,False
76,19,0.4142026,4.7493477,5.0,0.5,1.5,0.9126857,0.65349394,1.577365,1.5271516,Balanced,146,5.1013484,0.1989882226194431,False
76,20,0.4142026,4.7493477,5.0,0.5,0.5,0.9126857,0.65349394,1.577365,1.5271516,Balanced,91,6.427706,0.18328566074025865,False
76,21,0.4142026,4.7493477,5.0,0.5,1.5,0.9126857,0.65349394,1.577365,1.5271516,Balanced,71,6.4906683,0.27963337641760433,False
76,22,0.4142026,4.7493477,0.5,2.9957287,3.9957287,0.9126857,0.65349394,1.577365,1.5271516,Balanced,0,1.2420925,0.18389047888755172,False
76,23,0.4142026,4.7493477,5.0,0.5,0.5,0.9126857,0.65349394,1.577365,1.5271516,Balanced,30,5.4502635,0.08419276935241697,False
76,24,0.4142026,4.7493477,5.0,0.5,0.5,0.9126857,0.65349394,1.577365,1.5271516,Balanced,47,5.445471,0.07685896175756014,False
76,25,0.4142026,4.7493477,5.0,0.5,0.5,0.9126857,0.65349394,1.577365,1.5271516,Balanced,17,4.256846,0.0635036549518522,False
76,26,0.4142026,4.7493477,5.0,0.5,0.5,0.9126857,0.65349394,1.577365,1.5271516,Balanced,95,-1.4436364,-0.0389420170948954,True
77,0,0.8901838,16.61216,0.0,0.0,0.0,0.88702255,0.42396268,2.4237394,0.68475777,Safety,79,2.1772547,0.5955079256039099,False
77,1,0.8901838,16.61216,5.0,0.5,0.5,0.88702255,0.42396268,2.4237394,0.68475777,Safety,93,4.375202,0.5650689253793961,False
77,2,0.8901838,16.61216,5.0,0.5,0.5,0.88702255,0.42396268,2.4237394,0.68475777,Safety,21,5.081197,0.606572158057142,False
77,3,0.8901838,16.61216,5.0,0.5,1.5,0.88702255,0.42396268,2.4237394,0.68475777,Safety,26,4.514243,0.5360777263603671,False
77,4,0.8901838,16.61216,5.0,0.5,1.5,0.88702255,0.42396268,2.4237394,0.68475777,Safety,203,2.2984734,0.43075113169864254,False
77,5,0.8901838,16.61216,5.0,0.5,0.5,0.88702255,0.42396268,2.4237394,0.68475777,Safety,1,1.5962455,0.5158307830792702,False
77,6,0.8901838,16.61216,5.0,0.5,0.5,0.88702255,0.42396268,2.4237394,0.68475777,Safety,170,2.1009178,0.44571781220049184,False
77,7,0.8901838,16.61216,5.0,0.5,0.5,0.88702255,0.42396268,2.4237394,0.68475777,Safety,83,4.2756996,0.3303726910038858,False
77,8,0.8901838,16.61216,5.0,0.5,0.5,0.88702255,0.42396268,2.4237394,0.68475777,Safety,29,4.2097263,0.1747621108249755,False
77,9,0.8901838,16.61216,5.0,0.5,0.5,0.88702255,0.42396268,2.4237394,0.68475777,Safety,1,1.4237102,0.1116641110593123,False
77,10,0.8901838,16.61216,5.0,0.5,0.5,0.88702255,0.42396268,2.4237394,0.68475777,Safety,153,4.1857166,0.11813074039302825,False
77,11,0.8901838,16.61216,5.0,0.5,0.5,0.88702255,0.42396268,2.4237394,0.68475777,Safety,4,-1.9911411,-0.029091567424882947,True
78,0,0.52135336,19.861044,0.0,0.0,0.0,1.0195571,0.1536976,2.4468749,1.9594005,Safety,131,7.4162197,0.46092632566010444,False
78,1,0.52135336,19.861044,5.0,0.5,0.5,1.0195571,0.1536976,2.4468749,1.9594005,Safety,18,6.295847,0.40054417102707485,False
78,2,0.52135336,19.861044,5.0,0.5,1.5,1.0195571,0.1536976,2.4468749,1.9594005,Safety,208,7.3901057,0.29102177821594283,False
78,3,0.52135336,19.861044,5.0,0.5,0.5,1.0195571,0.1536976,2.4468749,1.9594005,Safety,52,5.362547,0.36586956478807,False
78,4,0.52135336,19.861044,0.5,2.1565566,2.1565566,1.0195571,0.1536976,2.4468749,1.9594005,Safety,0,2.1945188,0.28377503293037554,False
78,5,0.52135336,19.861044,5.0,0.5,1.5,1.0195571,0.1536976,2.4468749,1.9594005,Safety,164,2.729018,0.25000878741797594,False
78,6,0.52135336,19.861044,5.0,0.5,0.5,1.0195571,0.1536976,2.4468749,1.9594005,Safety,147,7.365666,0.1320099060292782,False
78,7,0.52135336,19.861044,5.0,0.5,0.5,1.0195571,0.1536976,2.4468749,1.9594005,Safety,0,1.1576719,0.20520637292086336,False
78,8,0.52135336,19.861044,5.0,0.5,0.5,1.0195571,0.1536976,2.4468749,1.9594005,Safety,123,8.401007,0.2347020868743353,False
78,9,0.52135336,19.861044,5.0,0.5,1.5,1.0195571,0.1536976,2.4468749,1.9594005,Safety,48,5.8348827,0.17229995961187905,True
79,0,0.08909274,18.087605,0.0,0.0,0.0,0.50916255,0.32917932,2.9804447,1.9996841,Safety,22,8.108452,0.3912669079499234,False
79,1,0.08909274,18.087605,5.0,0.5,0.5,0.50916255,0.32917932,2.9804447,1.9996841,Safety,43,8.67469,0.5646553933417399,False
79,2,0.08909274,18.087605,0.5,2.6209347,3.6209347,0.50916255,0.32917932,2.9804447,1.9996841,Safety,28,5.977461,0.5595965891061647,False
79,3,0.08909274,18.087605,5.0,0.5,0.5,0.50916255,0.32917932,2.9804447,1.9996841,Safety,88,8.757584,0.8164722256693259,False
79,4,0.08909274,18.087605,0.5,1.9277927,2.9277925,0.50916255,0.32917932,2.9804447,1.9996841,Safety,79,4.2378893,0.7644762702827697,False
79,5,0.08909274,18.087605,5.0,0.5,0.5,0.50916255,0.32917932,2.9804447,1.9996841,Safety,54,6.2311954,0.686804203150764,False
79,6,0.08909274,18.087605,5.0,0.5,1.5,0.50916255,0.32917932,2.9804447,1.9996841,Safety,161,5.700485,0.621345468949208,False
79,7,0.08909274,18.087605,5.0,0.5,0.5,0.50916255,0.32917932,2.9804447,1.9996841,Safety,147,8.701552,0.6462578861962851,False
79,8,0.08909274,18.087605,5.0,0.5,1.5,0.50916255,0.32917932,2.9804447,1.9996841,Safety,10,4.01283,0.587433768537918,False
79,9,0.08909274,18.087605,5.0,0.5,1.5,0.50916255,0.32917932,2.9804447,1.9996841,Safety,34,3.4636853,0.4939756227235346,False
79,10,0.08909274,18.087605,5.0,0.5,0.5,0.50916255,0.32917932,2.9804447,1.9996841,Safety,188,6.153783,0.4516359068094867,False
79,11,0.08909274,18.087605,5.0,0.5,1.5,0.50916255,0.32917932,2.9804447,1.9996841,Safety,143,5.0994463,0.5147458776056184,False
79,12,0.08909274,18.087605,5.0,0.5,0.5,0.50916255,0.32917932,2.9804447,1.9996841,Safety,196,8.131533,0.46138146843296124,False
79,13,0.08909274,18.087605,5.0,0.5,0.5,0.50916255,0.32917932,2.9804447,1.9996841,Safety,35,8.166247,0.5668415675947085,False
79,14,0.08909274,18.087605,0.5,3.3878732,3.3878732,0.50916255,0.32917932,2.9804447,1.9996841,Safety,124,8.186525,0.6284421758248483,False
79,15,0.08909274,18.087605,5.0,0.5,0.5,0.50916255,0.32917932,2.9804447,1.9996841,Safety,23,8.187725,0.6320884420646226,False
79,16,0.08909274,18.087605,5.0,0.5,0.5,0.50916255,0.32917932,2.9804447,1.9996841,Safety,0,0.98173684,0.49092927498363387,False
79,17,0.08909274,18.087605,5.0,0.5,0.5,0.50916255,0.32917932,2.9804447,1.9996841,Safety,59,4.173378,0.523241466574865,False
79,18,0.08909274,18.087605,5.0,0.5,0.5,0.50916255,0.32917932,2.9804447,1.9996841,Safety,80,8.212612,0.7076907868696289,False
79,19,0.08909274,18.087605,0.5,1.7578872,1.7578872,0.50916255,0.32917932,2.9804447,1.9996841,Safety,40,6.2630157,0.7834691977990599,False
79,20,0.08909274,18.087605,0.5,2.5023959,3.5023959,0.50916255,0.32917932,2.9804447,1.9996841,Safety,204,5.715175,0.665971344653288,False
79,21,0.08909274,18.087605,5.0,0.5,0.5,0.50916255,0.32917932,2.9804447,1.9996841,Safety,70,7.1747537,0.5716098029864028,False
79,22,0.08909274,18.087605,5.0,0.5,1.5,0.50916255,0.32917932,2.9804447,1.9996841,Safety,196,8.6948395,0.62586433823396,False
79,23,0.08909274,18.087605,0.5,2.8047814,3.8047814,0.50916255,0.32917932,2.9804447,1.9996841,Safety,185,3.7291455,0.6310718187129951,False
79,24,0.08909274,18.087605,0.5,2.7379484,3.7379484,0.50916255,0.32917932,2.9804447,1.9996841,Safety,41,8.728909,0.7293611874381394,False
79,25,0.08909274,18.087605,5.0,0.5,1.5,0.50916255,0.32917932,2.9804447,1.9996841,Safety,113,8.184801,0.6232040103010021,False
79,26,0.08909274,18.087605,5.0,0.5,0.5,0.50916255,0.32917932,2.9804447,1.9996841,Safety,117,8.653208,0.4993943784979676,False
79,27,0.08909274,18.087605,5.0,0.5,1.5,0.50916255,0.32917932,2.9804447,1.9996841,Safety,147,7.591221,0.4715664704354631,False
79,28,0.08909274,18.087605,5.0,0.5,0.5,0.50916255,0.32917932,2.9804447,1.9996841,Safety,34,5.565008,0.38923482532781667,False
79,29,0.08909274,18.087605,5.0,0.5,1.5,0.50916255,0.32917932,2.9804447,1.9996841,Safety,18,6.6065807,0.38486251289937873,False
79,30,0.08909274,18.087605,5.0,0.5,0.5,0.50916255,0.32917932,2.9804447,1.9996841,Safety,170,5.649674,0.46698777882757614,False
79,31,0.08909274,18.087605,0.5,2.7788916,2.7788916,0.50916255,0.32917932,2.9804447,1.9996841,Safety,43,8.645721,0.4766513971382041,False
79,32,0.08909274,18.087605,0.5,1.5075604,2.5075605,0.50916255,0.32917932,2.9804447,1.9996841,Safety,101,5.6208405,0.37939592696242813,False
79,33,0.08909274,18.087605,5.0,0.5,0.5,0.50916255,0.32917932,2.9804447,1.9996841,Safety,40,3.4405246,0.34689717708881945,False
79,34,0.08909274,18.087605,5.0,0.5,0.5,0.50916255,0.32917932,2.9804447,1.9996841,Safety,96,8.048853,0.21021354229035066,False
79,35,0.08909274,18.087605,5.0,0.5,0.5,0.50916255,0.32917932,2.9804447,1.9996841,Safety,129,8.034859,0.16770090144555688,False
79,36,0.08909274,18.087605,5.0,0.5,0.5,0.50916255,0.32917932,2.9804447,1.9996841,Safety,123,8.027783,0.14620730075775915,False
79,37,0.08909274,18.087605,5.0,0.5,0.5,0.50916255,0.32917932,2.9804447,1.9996841,Safety,60,2.227176,0.06992484378195046,True
80,0,0.4355673,2.124989,0.0,0.0,0.0,0.934562,0.45899695,2.7161689,1.3590627,Safety,37,5.9768143,0.5376905226886968,False
80,1,0.4355673,2.124989,5.0,0.5,0.5,0.934562,0.45899695,2.7161689,1.3590627,Safety,43,6.4064026,0.6374273963959726,False
80,2,0.4355673,2.124989,0.5,3.1228743,3.1228743,0.934562,0.45899695,2.7161689,1.3590627,Safety,0,0.42370242,0.6744899497610883,False
80,3,0.4355673,2.124989,5.0,0.5,0.5,0.934562,0.45899695,2.7161689,1.3590627,Safety,0,1.3192976,0.6031371981246343,False
80,4,0.4355673,2.124989,5.0,0.5,1.5,0.934562,0.45899695,2.7161689,1.3590627,Safety,49,4.1170187,0.5809781248229817,False
80,5,0.4355673,2.124989,5.0,0.5,0.5,0.934562,0.45899695,2.7161689,1.3590627,Safety,34,3.7276142,0.5863649590794074,False
80,6,0.4355673,2.124989,5.0,0.5,0.5,0.934562,0.45899695,2.7161689,1.3590627,Safety,183,6.002852,0.6474110756836724,False
80,7,0.4355673,2.124989,5.0,0.5,0.5,0.934562,0.45899695,2.7161689,1.3590627,Safety,85,4.089299,0.5205862145894595,False
80,8,0.4355673,2.124989,5.0,0.5,0.5,0.934562,0.45899695,2.7161689,1.3590627,Safety,92,6.330905,0.47294336144371046,False
80,9,0.4355673,2.124989,5.0,0.5,0.5,0.934562,0.45899695,2.7161689,1.3590627,Safety,21,6.313795,0.4356660296952506,False
80,10,0.4355673,2.124989,5.0,0.5,0.5,0.934562,0.45899695,2.7161689,1.3590627,Safety,90,3.039625,0.41107379095184565,False
80,11,0.4355673,2.124989,5.0,0.5,0.5,0.934562,0.45899695,2.7161689,1.3590627,Safety,176,6.259924,0.3182992074618038,False
80,12,0.4355673,2.124989,5.0,0.5,0.5,0.934562,0.45899695,2.7161689,1.3590627,Safety,74,6.2273464,0.24732355737860184,False
80,13,0.4355673,2.124989,5.0,0.5,0.5,0.934562,0.45899695,2.7161689,1.3590627,Safety,74,2.5403337,0.17846715486388226,True
81,0,0.51368475,18.04743,0.0,0.0,0.0,0.68068653,0.8218963,1.9300685,1.1979356,Balanced,75,5.935463,0.40135111177259125,False
81,1,0.51368475,18.04743,5.0,0.5,1.5,0.68068653,0.8218963,1.9300685,1.1979356,Balanced,156,6.007692,0.4892319379750715,False
81,2,0.51368475,18.04743,5.0,0.5,1.5,0.68068653,0.8218963,1.9300685,1.1979356,Balanced,41,6.030392,0.5168515467530471,False
81,3,0.51368475,18.04743,5.0,0.5,1.5,0.68068653,0.8218963,1.9300685,1.1979356,Balanced,205,5.442998,0.630359564031153,False
81,4,0.51368475,18.04743,0.5,3.1749609,3.1749609,0.68068653,0.8218963,1.9300685,1.1979356,Balanced,132,6.152881,0.6658832215479497,False
81,5,0.51368475,18.04743,5.0,0.5,1.5,0.68068653,0.8218963,1.9300685,1.1979356,Balanced,65,4.6251793,0.7037020869141069,False
81,6,0.51368475,18.04743,5.0,0.5,0.5,0.68068653,0.8218963,1.9300685,1.1979356,Balanced,106,3.8795867,0.6850860328360614,False
81,7,0.51368475,18.04743,5.0,0.5,0.5,0.68068653,0.8218963,1.9300685,1.1979356,Balanced,76,5.4281416,0.6122844068645191,False
81,8,0.51368475,18.04743,5.0,0.5,0.5,0.68068653,0.8218963,1.9300685,1.1979356,Balanced,76,5.4654236,0.6576454311032118,False
81,9,0.51368475,18.04743,5.0,0.5,0.5,0.68068653,0.8218963,1.9300685,1.1979356,Balanced,170,4.164056,0.6226000913580645,False
81,10,0.51368475,18.04743,5.0,0.5,1.5,0.68068653,0.8218963,1.9300685,1.1979356,Balanced,106,4.467265,0.5719231796492278,False
81,11,0.51368475,18.04743,5.0,0.5,1.5,0.68068653,0.8218963,1.9300685,1.1979356,Balanced,106,4.358357,0.43941480079634015,False
81,12,0.51368475,18.04743,5.0,0.5,1.5,0.68068653,0.8218963,1.9300685,1.1979356,Balanced,52,4.458041,0.5607007024327798,False
81,13,0.51368475,18.04743,0.5,2.8696022,3.8696022,0.68068653,0.8218963,1.9300685,1.1979356,Balanced,68,6.022732,0.5075310374932324,False
81,14,0.51368475,18.04743,5.0,0.5,1.5,0.68068653,0.8218963,1.9300685,1.1979356,Balanced,58,3.5324006,0.4994548898288344,False
81,15,0.51368475,18.04743,5.0,0.5,1.5,0.68068653,0.8218963,1.9300685,1.1979356,Balanced,171,6.162038,0.677024378027572,False
81,16,0.51368475,18.04743,0.5,3.5186014,4.5186014,0.68068653,0.8218963,1.9300685,1.1979356,Balanced,148,5.1216455,0.6630195475198558,False
81,17,0.51368475,18.04743,5.0,0.5,0.5,0.68068653,0.8218963,1.9300685,1.1979356,Balanced,63,3.6217656,0.615327649041473,False
81,18,0.51368475,18.04743,5.0,0.5,1.5,0.68068653,0.8218963,1.9300685,1.1979356,Balanced,1,2.6066308,0.6891743535742332,False
81,19,0.51368475,18.04743,5.0,0.5,0.5,0.68068653,0.8218963,1.9300685,1.1979356,Balanced,63,2.960542,0.647826253175433,False
81,20,0.51368475,18.04743,5.0,0.5,0.5,0.68068653,0.8218963,1.9300685,1.1979356,Balanced,62,3.5778146,0.5811396720520595,False
81,21,0.51368475,18.04743,5.0,0.5,1.5,0.68068653,0.8218963,1.9300685,1.1979356,Balanced,145,5.7283025,0.5813207728344126,False
81,22,0.51368475,18.04743,5.0,0.5,1.5,0.68068653,0.8218963,1.9300685,1.1979356,Balanced,121,4.4108357,0.503265401732283,False
81,23,0.51368475,18.04743,5.0,0.5,1.5,0.68068653,0.8218963,1.9300685,1.1979356,Balanced,3,2.4512224,0.5011358005037223,False
81,24,0.51368475,18.04743,5.0,0.5,0.5,0.68068653,0.8218963,1.9300685,1.1979356,Balanced,219,2.1095712,0.48843714645508923,False
81,25,0.51368475,18.04743,5.0,0.5,0.5,0.68068653,0.8218963,1.9300685,1.1979356,Balanced,182,3.3009892,0.42357068816185595,False
81,26,0.51368475,18.04743,5.0,0.5,0.5,0.68068653,0.8218963,1.9300685,1.1979356,Balanced,45,4.2962966,0.36390589628129116,False
81,27,0.51368475,18.04743,5.0,0.5,1.5,0.68068653,0.8218963,1.9300685,1.1979356,Balanced,145,4.8909917,0.41582840776938806,False
81,28,0.51368475,18.04743,5.0,0.5,0.5,0.68068653,0.8218963,1.9300685,1.1979356,Balanced,84,4.841745,0.3725123928520933,False
81,29,0.51368475,18.04743,5.0,0.5,0.5,0.68068653,0.8218963,1.9300685,1.1979356,Balanced,83,4.727195,0.2495472082997059,False
81,30,0.51368475,18.04743,5.0,0.5,0.5,0.68068653,0.8218963,1.9300685,1.1979356,Balanced,198,5.920049,0.38259721016453097,False
81,31,0.51368475,18.04743,0.5,2.5834737,3.5834737,0.68068653,0.8218963,1.9300685,1.1979356,Balanced,74,4.317829,0.34587866595329053,False
81,32,0.51368475,18.04743,5.0,0.5,0.5,0.68068653,0.8218963,1.9300685,1.1979356,Balanced,212,4.2150173,0.26501367478504895,False
81,33,0.51368475,18.04743,5.0,0.5,1.5,0.68068653,0.8218963,1.9300685,1.1979356,Balanced,3,3.4937162,0.2155978884330954,False
81,34,0.51368475,18.04743,5.0,0.5,0.5,0.68068653,0.8218963,1.9300685,1.1979356,Balanced,185,1.8462704,0.1680794327554111,False
81,35,0.51368475,18.04743,5.0,0.5,0.5,0.68068653,0.8218963,1.9300685,1.1979356,Balanced,124,5.0721006,0.17908978683266197,False
81,36,0.51368475,18.04743,5.0,0.5,0.5,0.68068653,0.8218963,1.9300685,1.1979356,Balanced,35,3.8675382,0.2571790725999079,False
81,37,0.51368475,18.04743,5.0,0.5,0.5,0.68068653,0.8218963,1.9300685,1.1979356,Balanced,117,5.4035034,0.24560825006624556,False
81,38,0.51368475,18.04743,5.0,0.5,1.5,0.68068653,0.8218963,1.9300685,1.1979356,Balanced,8,2.1996295,0.1900581796439768,False
81,39,0.51368475,18.04743,5.0,0.5,0.5,0.68068653,0.8218963,1.9300685,1.1979356,Balanced,0,1.2401524,0.1580553620573607,False
81,40,0.51368475,18.04743,5.0,0.5,1.5,0.68068653,0.8218963,1.9300685,1.1979356,Balanced,57,4.0512595,0.06576987059887954,False
81,41,0.51368475,18.04743,5.0,0.5,1.5,0.68068653,0.8218963,1.9300685,1.1979356,Balanced,106,3.3396246,0.028114865063126243,False
81,42,0.51368475,18.04743,5.0,0.5,0.5,0.68068653,0.8218963,1.9300685,1.1979356,Balanced,167,3.4422743,0.15300859789887256,False
81,43,0.51368475,18.04743,5.0,0.5,0.5,0.68068653,0.8218963,1.9300685,1.1979356,Balanced,182,3.4333744,0.14218018606343358,False
81,44,0.51368475,18.04743,5.0,0.5,0.5,0.68068653,0.8218963,1.9300685,1.1979356,Balanced,0,-6.5021453,0.010270062201228058,True
82,0,0.3518272,0.07619047,0.0,0.0,0.0,1.1380217,0.15779452,1.195915,1.8170749,Balanced,164,3.1914241,0.38314321501697896,False
82,1,0.3518272,0.07619047,5.0,0.5,0.5,1.1380217,0.15779452,1.195915,1.8170749,Balanced,0,1.8650553,0.4230724189854161,False
82,2,0.3518272,0.07619047,5.0,0.5,0.5,1.1380217,0.15779452,1.195915,1.8170749,Balanced,153,5.7895384,0.32279791317283074,False
82,3,0.3518272,0.07619047,5.0,0.5,0.5,1.1380217,0.15779452,1.195915,1.8170749,Balanced,49,2.8369548,0.3072139670127479,False
82,4,0.3518272,0.07619047,5.0,0.5,0.5,1.1380217,0.15779452,1.195915,1.8170749,Balanced,0,1.8058145,0.13954138886678108,False
82,5,0.3518272,0.07619047,5.0,0.5,0.5,1.1380217,0.15779452,1.195915,1.8170749,Balanced,48,6.9098024,0.21026251021614867,False
82,6,0.3518272,0.07619047,5.0,0.5,1.5,1.1380217,0.15779452,1.195915,1.8170749,Balanced,88,6.926416,0.3155473014921795,False
82,7,0.3518272,0.07619047,0.5,1.9778796,2.9778795,1.1380217,0.15779452,1.195915,1.8170749,Balanced,30,6.9192114,0.2698893656837495,False
82,8,0.3518272,0.07619047,5.0,0.5,1.5,1.1380217,0.15779452,1.195915,1.8170749,Balanced,146,5.157561,0.2223977624512538,False
82,9,0.3518272,0.07619047,5.0,0.5,0.5,1.1380217,0.15779452,1.195915,1.8170749,Balanced,90,4.7635183,0.1363276247775283,False
82,10,0.3518272,0.07619047,5.0,0.5,0.5,1.1380217,0.15779452,1.195915,1.8170749,Balanced,30,4.943447,0.17676669798423778,False
82,11,0.3518272,0.07619047,5.0,0.5,1.5,1.1380217,0.15779452,1.195915,1.8170749,Balanced,132,6.655575,0.05345483212232795,False
82,12,0.3518272,0.07619047,5.0,0.5,0.5,1.1380217,0.15779452,1.195915,1.8170749,Balanced,57,4.069079,-0.02230665159428101,True
83,0,0.47110856,2.56004,0.0,0.0,0.0,1.2092556,0.7264778,1.4559758,0.8337573,Balanced,30,3.8142066,0.3769384803526288,False
83,1,0.47110856,2.56004,5.0,0.5,0.5,1.2092556,0.7264778,1.4559758,0.8337573,Balanced,10,3.1642354,0.31340045866896843,False
83,2,0.47110856,2.56004,5.0,0.5,1.5,1.2092556,0.7264778,1.4559758,0.8337573,Balanced,58,1.9812639,0.3578281245915939,False
83,3,0.47110856,2.56004,5.0,0.5,0.5,1.2092556,0.7264778,1.4559758,0.8337573,Balanced,153,3.752647,0.29220146080476117,False
83,4,0.47110856,2.56004,5.0,0.5,0.5,1.2092556,0.7264778,1.4559758,0.8337573,Balanced,61,1.9016434,0.2550598193440669,False
83,5,0.47110856,2.56004,5.0,0.5,0.5,1.2092556,0.7264778,1.4559758,0.8337573,Balanced,21,5.0427947,0.4035502509878579,False
83,6,0.47110856,2.56004,0.5,2.4810145,3.4810145,1.2092556,0.7264778,1.4559758,0.8337573,Balanced,65,5.0634594,0.4319952628649275,False
83,7,0.47110856,2.56004,0.5,3.2101839,4.210184,1.2092556,0.7264778,1.4559758,0.8337573,Balanced,114,5.1537595,0.55629381396808,False
83,8,0.47110856,2.56004,5.0,0.5,1.5,1.2092556,0.7264778,1.4559758,0.8337573,Balanced,13,4.886385,0.5702617160662007,False
83,9,0.47110856,2.56004,5.0,0.5,1.5,1.2092556,0.7264778,1.4559758,0.8337573,Balanced,183,3.6497583,0.5450868364228426,False
83,10,0.47110856,2.56004,5.0,0.5,0.5,1.2092556,0.7264778,1.4559758,0.8337573,Balanced,85,2.6328576,0.4209373873964605,False
83,11,0.47110856,2.56004,5.0,0.5,0.5,1.2092556,0.7264778,1.4559758,0.8337573,Balanced,2,2.898841,0.3521660837311189,False
83,12,0.47110856,2.56004,5.0,0.5,1.5,1.2092556,0.7264778,1.4559758,0.8337573,Balanced,128,4.907912,0.2178830599098688,False
83,13,0.47110856,2.56004,5.0,0.5,1.5,1.2092556,0.7264778,1.4559758,0.8337573,Balanced,135,2.519581,0.26501166337737414,False
83,14,0.47110856,2.56004,5.0,0.5,0.5,1.2092556,0.7264778,1.4559758,0.8337573,Balanced,52,2.469812,0.19650422462878803,False
83,15,0.47110856,2.56004,5.0,0.5,0.5,1.2092556,0.7264778,1.4559758,0.8337573,Balanced,169,3.3543882,0.14834876545501485,False
83,16,0.47110856,2.56004,5.0,0.5,1.5,1.2092556,0.7264778,1.4559758,0.8337573,Balanced,35,3.3326893,0.12516155707710347,False
83,17,0.47110856,2.56004,5.0,0.5,0.5,1.2092556,0.7264778,1.4559758,0.8337573,Balanced,77,4.16789,0.03196810474726065,False
83,18,0.47110856,2.56004,5.0,0.5,1.5,1.2092556,0.7264778,1.4559758,0.8337573,Balanced,63,3.054804,0.17803122545074668,False
83,19,0.47110856,2.56004,5.0,0.5,1.5,1.2092556,0.7264778,1.4559758,0.8337573,Balanced,205,4.8490844,0.1369071373016983,False
83,20,0.47110856,2.56004,5.0,0.5,1.5,1.2092556,0.7264778,1.4559758,0.8337573,Balanced,132,4.951669,0.2781155557407571,False
83,21,0.47110856,2.56004,0.5,2.6429508,3.6429508,1.2092556,0.7264778,1.4559758,0.8337573,Balanced,93,4.230323,0.13138761602364618,False
83,22,0.47110856,2.56004,5.0,0.5,1.5,1.2092556,0.7264778,1.4559758,0.8337573,Balanced,50,3.9068034,0.0638201805186702,False
83,23,0.47110856,2.56004,5.0,0.5,1.5,1.2092556,0.7264778,1.4559758,0.8337573,Balanced,57,2.0880294,-0.05,False
83,24,0.47110856,2.56004,5.0,0.5,0.5,1.2092556,0.7264778,1.4559758,0.8337573,Balanced,122,5.2754745,0.15,False
83,25,0.47110856,2.56004,0.5,2.6029265,3.6029265,1.2092556,0.7264778,1.4559758,0.8337573,Balanced,201,3.9986906,0.06263188768225846,False
83,26,0.47110856,2.56004,5.0,0.5,1.5,1.2092556,0.7264778,1.4559758,0.8337573,Balanced,79,2.5046563,0.07936972318093265,False
83,27,0.47110856,2.56004,5.0,0.5,0.5,1.2092556,0.7264778,1.4559758,0.8337573,Balanced,90,3.343861,0.018078564858120177,False
83,28,0.47110856,2.56004,5.0,0.5,1.5,1.2092556,0.7264778,1.4559758,0.8337573,Balanced,68,-2.0617347,0.05029759836754592,True
84,0,0.006976323,6.8850613,0.0,0.0,0.0,1.0228822,0.9674604,2.566666,1.3497351,Safety,57,4.8783846,0.4071365202012431,False
84,1,0.006976323,6.8850613,5.0,0.5,1.5,1.0228822,0.9674604,2.566666,1.3497351,Safety,170,5.8323812,0.3436996904252896,False
84,2,0.006976323,6.8850613,5.0,0.5,1.5,1.0228822,0.9674604,2.566666,1.3497351,Safety,58,-6.039467,0.18723545438957184,True
85,0,0.106578864,18.255194,0.0,0.0,0.0,1.4709857,0.27734017,2.3890007,0.9787917,Safety,147,4.612804,0.46483302171039603,False
85,1,0.106578864,18.255194,5.0,0.5,0.5,1.4709857,0.27734017,2.3890007,0.9787917,Safety,153,4.9402165,0.3758432460160026,False
85,2,0.106578864,18.255194,5.0,0.5,0.5,1.4709857,0.27734017,2.3890007,0.9787917,Safety,161,4.458002,0.5115394309494079,False
85,3,0.106578864,18.255194,0.5,1.504018,2.504018,1.4709857,0.27734017,2.3890007,0.9787917,Safety,125,4.9676366,0.47471181532829626,False
85,4,0.106578864,18.255194,5.0,0.5,0.5,1.4709857,0.27734017,2.3890007,0.9787917,Safety,34,2.6017294,0.4140859370276361,False
85,5,0.106578864,18.255194,5.0,0.5,0.5,1.4709857,0.27734017,2.3890007,0.9787917,Safety,59,2.208952,0.38478910642443104,False
85,6,0.106578864,18.255194,5.0,0.5,0.5,1.4709857,0.27734017,2.3890007,0.9787917,Safety,74,3.6024132,0.24824920874646944,True
86,0,0.22598724,2.3684514,0.0,0.0,0.0,0.9170763,0.62437147,1.5607868,0.6895194,Balanced,63,2.7420444,0.5897563148520855,False
86,1,0.22598724,2.3684514,0.5,2.743704,3.743704,0.9170763,0.62437147,1.5607868,0.6895194,Balanced,141,3.2575116,0.5709831418526765,False
86,2,0.22598724,2.3684514,5.0,0.5,1.5,0.9170763,0.62437147,1.5607868,0.6895194,Balanced,98,3.6288521,0.5513814591222093,False
86,3,0.22598724,2.3684514,5.0,0.5,0.5,0.9170763,0.62437147,1.5607868,0.6895194,Balanced,135,2.316972,0.5334042938332524,False
86,4,0.22598724,2.3684514,5.0,0.5,0.5,0.9170763,0.62437147,1.5607868,0.6895194,Balanced,87,4.684488,0.7732994985388645,False
86,5,0.22598724,2.3684514,0.5,3.0635157,4.0635157,0.9170763,0.62437147,1.5607868,0.6895194,Balanced,132,4.6662936,0.7441596984054984,False
86,6,0.22598724,2.3684514,5.0,0.5,1.5,0.9170763,0.62437147,1.5607868,0.6895194,Balanced,63,2.428948,0.7127460925931625,False
86,7,0.22598724,2.3684514,5.0,0.5,0.5,0.9170763,0.62437147,1.5607868,0.6895194,Balanced,128,4.64053,0.702896577820609,False
86,8,0.22598724,2.3684514,5.0,0.5,1.5,0.9170763,0.62437147,1.5607868,0.6895194,Balanced,192,4.743284,0.8674686353698181,False
86,9,0.22598724,2.3684514,0.5,2.8818367,3.8818367,0.9170763,0.62437147,1.5607868,0.6895194,Balanced,136,1.2150853,0.8517547673487103,False
86,10,0.22598724,2.3684514,5.0,0.5,0.5,0.9170763,0.62437147,1.5607868,0.6895194,Balanced,71,4.6693206,0.7490077665811165,False
86,11,0.22598724,2.3684514,5.0,0.5,1.5,0.9170763,0.62437147,1.5607868,0.6895194,Balanced,120,3.7352529,0.721794040596403,False
86,12,0.22598724,2.3684514,5.0,0.5,0.5,0.9170763,0.62437147,1.5607868,0.6895194,Balanced,118,3.695935,0.6588221126871674,False
86,13,0.22598724,2.3684514,5.0,0.5,0.5,0.9170763,0.62437147,1.5607868,0.6895194,Balanced,129,4.5350275,0.5339224437362462,False
86,14,0.22598724,2.3684514,5.0,0.5,1.5,0.9170763,0.62437147,1.5607868,0.6895194,Balanced,180,4.22459,0.42809587917535347,False
86,15,0.22598724,2.3684514,5.0,0.5,1.5,0.9170763,0.62437147,1.5607868,0.6895194,Balanced,112,3.5009296,0.34649929100749266,False
86,16,0.22598724,2.3684514,5.0,0.5,0.5,0.9170763,0.62437147,1.5607868,0.6895194,Balanced,141,2.2513094,0.42823819798134066,False
86,17,0.22598724,2.3684514,5.0,0.5,0.5,0.9170763,0.62437147,1.5607868,0.6895194,Balanced,2,1.5381616,0.4346921698512666,False
86,18,0.22598724,2.3684514,5.0,0.5,0.5,0.9170763,0.62437147,1.5607868,0.6895194,Balanced,91,3.4826288,0.3171884773905096,False
86,19,0.22598724,2.3684514,5.0,0.5,0.5,0.9170763,0.62437147,1.5607868,0.6895194,Balanced,9,3.0260246,0.20023128903744636,False
86,20,0.22598724,2.3684514,5.0,0.5,1.5,0.9170763,0.62437147,1.5607868,0.6895194,Balanced,83,4.0683928,0.18182499851103534,False
86,21,0.22598724,2.3684514,5.0,0.5,1.5,0.9170763,0.62437147,1.5607868,0.6895194,Balanced,147,-1.9216757,0.19279813469443308,True
87,0,0.43539092,22.78824,0.0,0.0,0.0,1.0446099,0.13004187,1.9717526,1.7213874,Balanced,10,4.485065,0.7348347350703544,False
87,1,0.43539092,22.78824,0.5,2.0684757,3.0684757,1.0446099,0.13004187,1.9717526,1.7213874,Balanced,58,4.081036,0.6005049242649707,False
87,2,0.43539092,22.78824,5.0,0.5,0.5,1.0446099,0.13004187,1.9717526,1.7213874,Balanced,41,7.4093385,0.6882938573421606,False
87,3,0.43539092,22.78824,0.5,2.385355,3.385355,1.0446099,0.13004187,1.9717526,1.7213874,Balanced,58,4.4435997,0.47493908894859055,False
87,4,0.43539092,22.78824,5.0,0.5,1.5,1.0446099,0.13004187,1.9717526,1.7213874,Balanced,79,4.0356984,0.3509302453617877,False
87,5,0.43539092,22.78824,5.0,0.5,0.5,1.0446099,0.13004187,1.9717526,1.7213874,Balanced,138,4.6733437,0.317200326629071,False
87,6,0.43539092,22.78824,5.0,0.5,0.5,1.0446099,0.13004187,1.9717526,1.7213874,Balanced,171,6.3172474,0.32317439932731284,False
87,7,0.43539092,22.78824,5.0,0.5,0.5,1.0446099,0.13004187,1.9717526,1.7213874,Balanced,113,7.3554745,0.27409193416064,False
87,8,0.43539092,22.78824,5.0,0.5,1.5,1.0446099,0.13004187,1.9717526,1.7213874,Balanced,88,6.3286204,0.4106314901492655,False
87,9,0.43539092,22.78824,5.0,0.5,0.5,1.0446099,0.13004187,1.9717526,1.7213874,Balanced,74,7.379843,0.4614820838056479,False
87,10,0.43539092,22.78824,0.5,2.055307,3.055307,1.0446099,0.13004187,1.9717526,1.7213874,Balanced,26,5.598628,0.4196918904736167,False
87,11,0.43539092,22.78824,5.0,0.5,1.5,1.0446099,0.13004187,1.9717526,1.7213874,Balanced,12,5.0330143,0.39016510049735087,False
87,12,0.43539092,22.78824,5.0,0.5,0.5,1.0446099,0.13004187,1.9717526,1.7213874,Balanced,182,4.6668987,0.2676401997314345,False
87,13,0.43539092,22.78824,5.0,0.5,0.5,1.0446099,0.13004187,1.9717526,1.7213874,Balanced,135,4.654387,0.17142865635313687,False
87,14,0.43539092,22.78824,5.0,0.5,0.5,1.0446099,0.13004187,1.9717526,1.7213874,Balanced,198,7.354584,0.2672433376775586,False
87,15,0.43539092,22.78824,5.0,0.5,1.5,1.0446099,0.13004187,1.9717526,1.7213874,Balanced,11,5.5707436,0.21597215118004687,False
87,16,0.43539092,22.78824,5.0,0.5,1.5,1.0446099,0.13004187,1.9717526,1.7213874,Balanced,19,5.692366,0.12043758544733311,False
87,17,0.43539092,22.78824,5.0,0.5,1.5,1.0446099,0.13004187,1.9717526,1.7213874,Balanced,3,1.5551299,0.05208999038063995,True
88,0,0.71190125,5.4263024,0.0,0.0,0.0,0.8010142,0.87876385,1.160861,1.9470608,Balanced,58,4.7332993,0.3796199872354347,False
88,1,0.71190125,5.4263024,5.0,0.5,1.5,0.8010142,0.87876385,1.160861,1.9470608,Balanced,208,6.301132,0.3102304526446996,False
88,2,0.71190125,5.4263024,5.0,0.5,0.5,0.8010142,0.87876385,1.160861,1.9470608,Balanced,51,7.1464877,0.3606890918524577,False
88,3,0.71190125,5.4263024,5.0,0.5,1.5,0.8010142,0.87876385,1.160861,1.9470608,Balanced,3,3.2480233,0.2359313854554535,False
88,4,0.71190125,5.4263024,5.0,0.5,0.5,0.8010142,0.87876385,1.160861,1.9470608,Balanced,166,-3.602781,0.14079817777938697,True
89,0,0.37591907,7.6086364,0.0,0.0,0.0,0.6197606,0.9242007,2.9571326,0.6364784,Safety,209,2.5420575,0.4955697726523263,False
89,1,0.37591907,7.6086364,0.5,2.8612673,2.8612673,0.6197606,0.9242007,2.9571326,0.6364784,Safety,74,4.888828,0.36842540347071634,False
89,2,0.37591907,7.6086364,5.0,0.5,0.5,0.6197606,0.9242007,2.9571326,0.6364784,Safety,68,4.3781548,0.33313395736613666,False
89,3,0.37591907,7.6086364,5.0,0.5,0.5,0.6197606,0.9242007,2.9571326,0.6364784,Safety,147,5.2295585,0.31088094901566166,False
89,4,0.37591907,7.6086364,5.0,0.5,1.5,0.6197606,0.9242007,2.9571326,0.6364784,Safety,132,4.7796583,0.2503025236119672,False
89,5,0.37591907,7.6086364,5.0,0.5,0.5,0.6197606,0.9242007,2.9571326,0.6364784,Safety,7,2.8790238,0.18958193843993493,False
89,6,0.37591907,7.6086364,5.0,0.5,1.5,0.6197606,0.9242007,2.9571326,0.6364784,Safety,99,2.8184798,0.1240722699322173,False
89,7,0.37591907,7.6086364,5.0,0.5,1.5,0.6197606,0.9242007,2.9571326,0.6364784,Safety,97,2.1867554,0.11112732005135216,False
89,8,0.37591907,7.6086364,5.0,0.5,0.5,0.6197606,0.9242007,2.9571326,0.6364784,Safety,27,2.1343358,0.09583160811118906,False
89,9,0.37591907,7.6086364,5.0,0.5,1.5,0.6197606,0.9242007,2.9571326,0.6364784,Safety,170,2.6886067,-0.01645228610094461,False
89,10,0.37591907,7.6086364,5.0,0.5,1.5,0.6197606,0.9242007,2.9571326,0.6364784,Safety,26,-4.120128,-0.05,True
90,0,0.88632953,12.781615,0.0,0.0,0.0,0.9118088,0.978997,2.169577,0.74449766,Safety,7,2.598747,0.38397116915504953,False
90,1,0.88632953,12.781615,5.0,0.5,0.5,0.9118088,0.978997,2.169577,0.74449766,Safety,76,4.3358903,0.31161385669002817,False
90,2,0.88632953,12.781615,5.0,0.5,0.5,0.9118088,0.978997,2.169577,0.74449766,Safety,29,3.5282676,0.27350149967398507,False
90,3,0.88632953,12.781615,5.0,0.5,0.5,0.9118088,0.978997,2.169577,0.74449766,Safety,159,4.3109007,0.2860882655749543,False
90,4,0.88632953,12.781615,5.0,0.5,0.5,0.9118088,0.978997,2.169577,0.74449766,Safety,182,2.5143206,0.29773345412950275,False
90,5,0.88632953,12.781615,5.0,0.5,0.5,0.9118088,0.978997,2.169577,0.74449766,Safety,164,0.52380383,0.37663273768579625,False
90,6,0.88632953,12.781615,5.0,0.5,0.5,0.9118088,0.978997,2.169577,0.74449766,Safety,190,2.5987332,0.38395705249553425,False
90,7,0.88632953,12.781615,5.0,0.5,0.5,0.9118088,0.978997,2.169577,0.74449766,Safety,124,4.3619375,0.33822013846601756,False
90,8,0.88632953,12.781615,5.0,0.5,0.5,0.9118088,0.978997,2.169577,0.74449766,Safety,206,4.473723,0.45240382824226805,False
90,9,0.88632953,12.781615,5.0,0.5,0.5,0.9118088,0.978997,2.169577,0.74449766,Safety,135,3.57038,0.44507880877699824,False
90,10,0.88632953,12.781615,5.0,0.5,1.5,0.9118088,0.978997,2.169577,0.74449766,Safety,214,4.298525,0.2734469428679894,False
90,11,0.88632953,12.781615,5.0,0.5,0.5,0.9118088,0.978997,2.169577,0.74449766,Safety,189,3.3959513,0.26690789882919574,False
90,12,0.88632953,12.781615,5.0,0.5,1.5,0.9118088,0.978997,2.169577,0.74449766,Safety,18,5.258801,0.32295391383323674,False
90,13,0.88632953,12.781615,5.0,0.5,1.5,0.9118088,0.978997,2.169577,0.74449766,Safety,75,4.6784067,0.2888378921386981,False
90,14,0.88632953,12.781615,5.0,0.5,1.5,0.9118088,0.978997,2.169577,0.74449766,Safety,196,5.4498143,0.5180652984504504,False
90,15,0.88632953,12.781615,0.5,1.040068,2.0400681,0.9118088,0.978997,2.169577,0.74449766,Safety,98,5.399379,0.46654797009014265,False
90,16,0.88632953,12.781615,5.0,0.5,1.5,0.9118088,0.978997,2.169577,0.74449766,Safety,14,3.7672532,0.5119874898634511,False
90,17,0.88632953,12.781615,5.0,0.5,0.5,0.9118088,0.978997,2.169577,0.74449766,Safety,58,2.1156602,0.45178027826387696,False
90,18,0.88632953,12.781615,5.0,0.5,0.5,0.9118088,0.978997,2.169577,0.74449766,Safety,26,4.615223,0.44945935128391434,False
90,19,0.88632953,12.781615,5.0,0.5,1.5,0.9118088,0.978997,2.169577,0.74449766,Safety,1,2.0463715,0.38515945315489175,False
90,20,0.88632953,12.781615,5.0,0.5,0.5,0.9118088,0.978997,2.169577,0.74449766,Safety,132,5.2590632,0.3232220950880375,False
90,21,0.88632953,12.781615,5.0,0.5,1.5,0.9118088,0.978997,2.169577,0.74449766,Safety,204,2.4342017,0.2158956867600177,False
90,22,0.88632953,12.781615,5.0,0.5,0.5,0.9118088,0.978997,2.169577,0.74449766,Safety,211,-7.421544,0.14870958924768146,True
91,0,0.32831645,16.325556,0.0,0.0,0.0,1.1094322,0.95155764,1.1768714,1.2811362,Balanced,90,4.9267464,0.4396250724421843,False
91,1,0.32831645,16.325556,5.0,0.5,1.5,1.1094322,0.95155764,1.1768714,1.2811362,Balanced,85,3.9828403,0.45163042210972776,False
91,2,0.32831645,16.325556,0.5,2.1580238,3.1580238,1.1094322,0.95155764,1.1768714,1.2811362,Balanced,58,4.4630365,0.4016910180104539,False
91,3,0.32831645,16.325556,5.0,0.5,1.5,1.1094322,0.95155764,1.1768714,1.2811362,Balanced,45,3.7017035,0.3181289283222715,False
91,4,0.32831645,16.325556,5.0,0.5,0.5,1.1094322,0.95155764,1.1768714,1.2811362,Balanced,30,5.776523,0.302009358727252,False
91,5,0.32831645,16.325556,5.0,0.5,1.5,1.1094322,0.95155764,1.1768714,1.2811362,Balanced,126,3.6351454,0.24818236324568338,False
91,6,0.32831645,16.325556,5.0,0.5,0.5,1.1094322,0.95155764,1.1768714,1.2811362,Balanced,135,3.6486926,0.2624192037757657,False
91,7,0.32831645,16.325556,5.0,0.5,0.5,1.1094322,0.95155764,1.1768714,1.2811362,Balanced,147,5.8643794,0.3943379801949827,False
91,8,0.32831645,16.325556,0.5,2.8354952,3.8354952,1.1094322,0.95155764,1.1768714,1.2811362,Balanced,27,3.3652897,0.17784208302495041,False
91,9,0.32831645,16.325556,5.0,0.5,1.5,1.1094322,0.95155764,1.1768714,1.2811362,Balanced,17,4.474809,0.09993848662718234,False
91,10,0.32831645,16.325556,5.0,0.5,0.5,1.1094322,0.95155764,1.1768714,1.2811362,Balanced,146,-5.065042,0.0744286803211092,True
92,0,0.85430324,21.085283,0.0,0.0,0.0,0.6919082,0.3876149,2.9843636,0.9421129,Safety,16,4.5911503,0.565082023046801,False
92,1,0.85430324,21.085283,5.0,0.5,0.5,0.6919082,0.3876149,2.9843636,0.9421129,Safety,18,4.5433326,0.4523719543388282,False
92,2,0.85430324,21.085283,5.0,0.5,0.5,0.6919082,0.3876149,2.9843636,0.9421129,Safety,147,5.4954257,0.40189286563411114,False
92,3,0.85430324,21.085283,5.0,0.5,0.5,0.6919082,0.3876149,2.9843636,0.9421129,Safety,198,6.177456,0.37640907609720664,False
92,4,0.85430324,21.085283,5.0,0.5,1.5,0.6919082,0.3876149,2.9843636,0.9421129,Safety,170,3.0166032,0.42291188847504596,False
92,5,0.85430324,21.085283,5.0,0.5,0.5,0.6919082,0.3876149,2.9843636,0.9421129,Safety,0,-0.45540786,0.39245629209078775,False
92,6,0.85430324,21.085283,5.0,0.5,0.5,0.6919082,0.3876149,2.9843636,0.9421129,Safety,147,6.1756244,0.3716837080841776,False
92,7,0.85430324,21.085283,5.0,0.5,1.5,0.6919082,0.3876149,2.9843636,0.9421129,Safety,48,6.2134857,0.4693618583381808,False
92,8,0.85430324,21.085283,0.5,2.2310421,3.2310421,0.6919082,0.3876149,2.9843636,0.9421129,Safety,212,3.0077772,0.4001417490674191,False
92,9,0.85430324,21.085283,5.0,0.5,0.5,0.6919082,0.3876149,2.9843636,0.9421129,Safety,19,3.0127835,0.41305769837642237,False
92,10,0.85430324,21.085283,5.0,0.5,0.5,0.6919082,0.3876149,2.9843636,0.9421129,Safety,133,3.708167,0.4220239139132146,False
92,11,0.85430324,21.085283,5.0,0.5,1.5,0.6919082,0.3876149,2.9843636,0.9421129,Safety,52,3.7507207,0.531807027701824,False
92,12,0.85430324,21.085283,0.5,2.6083887,3.6083887,0.6919082,0.3876149,2.9843636,0.9421129,Safety,148,6.2245283,0.49785110101724533,False
92,13,0.85430324,21.085283,5.0,0.5,1.5,0.6919082,0.3876149,2.9843636,0.9421129,Safety,19,3.0040655,0.3905661932178454,False
92,14,0.85430324,21.085283,5.0,0.5,0.5,0.6919082,0.3876149,2.9843636,0.9421129,Safety,37,6.1333733,0.2626813817930539,False
92,15,0.85430324,21.085283,5.0,0.5,1.5,0.6919082,0.3876149,2.9843636,0.9421129,Safety,58,2.970777,0.28517619786369697,False
92,16,0.85430324,21.085283,0.5,2.996952,3.996952,0.6919082,0.3876149,2.9843636,0.9421129,Safety,124,6.0950193,0.1637329930158572,False
92,17,0.85430324,21.085283,5.0,0.5,1.5,0.6919082,0.3876149,2.9843636,0.9421129,Safety,103,2.898401,0.11796472277567642,False
92,18,0.85430324,21.085283,5.0,0.5,0.5,0.6919082,0.3876149,2.9843636,0.9421129,Safety,106,3.655091,0.2850936257735805,False
92,19,0.85430324,21.085283,0.5,2.7790253,3.7790253,0.6919082,0.3876149,2.9843636,0.9421129,Safety,58,2.9761884,0.30717234588794823,False
92,20,0.85430324,21.085283,5.0,0.5,1.5,0.6919082,0.3876149,2.9843636,0.9421129,Safety,206,5.4733725,0.3449982852976176,False
92,21,0.85430324,21.085283,5.0,0.5,0.5,0.6919082,0.3876149,2.9843636,0.9421129,Safety,172,6.2087703,0.4571965731230404,False
92,22,0.85430324,21.085283,0.5,2.3406634,3.3406634,0.6919082,0.3876149,2.9843636,0.9421129,Safety,0,0.256849,0.42088117832188443,False
92,23,0.85430324,21.085283,5.0,0.5,1.5,0.6919082,0.3876149,2.9843636,0.9421129,Safety,58,2.3458023,0.4738585554659885,False
92,24,0.85430324,21.085283,5.0,0.5,0.5,0.6919082,0.3876149,2.9843636,0.9421129,Safety,198,6.2692614,0.6132558349076486,False
92,25,0.85430324,21.085283,0.5,2.3819351,3.3819351,0.6919082,0.3876149,2.9843636,0.9421129,Safety,74,4.91232,0.6921324801734042,False
92,26,0.85430324,21.085283,5.0,0.5,0.5,0.6919082,0.3876149,2.9843636,0.9421129,Safety,43,4.597041,0.575040279571503,False
92,27,0.85430324,21.085283,5.0,0.5,0.5,0.6919082,0.3876149,2.9843636,0.9421129,Safety,158,3.7597406,0.5550771153100367,False
92,28,0.85430324,21.085283,5.0,0.5,1.5,0.6919082,0.3876149,2.9843636,0.9421129,Safety,52,2.066458,0.4708971560371645,False
92,29,0.85430324,21.085283,5.0,0.5,0.5,0.6919082,0.3876149,2.9843636,0.9421129,Safety,170,3.0359716,0.4728801626196375,False
92,30,0.85430324,21.085283,0.5,1.9043608,1.9043608,0.6919082,0.3876149,2.9843636,0.9421129,Safety,170,3.7341824,0.48914026259204174,False
92,31,0.85430324,21.085283,0.5,2.2586794,3.2586794,0.6919082,0.3876149,2.9843636,0.9421129,Safety,18,4.577594,0.5394206909889303,False
92,32,0.85430324,21.085283,5.0,0.5,0.5,0.6919082,0.3876149,2.9843636,0.9421129,Safety,42,5.2345576,0.45966503173590845,False
92,33,0.85430324,21.085283,5.0,0.5,1.5,0.6919082,0.3876149,2.9843636,0.9421129,Safety,69,5.5045414,0.4254105011227814,False
92,34,0.85430324,21.085283,5.0,0.5,0.5,0.6919082,0.3876149,2.9843636,0.9421129,Safety,45,2.702637,0.35189688084777604,False
92,35,0.85430324,21.085283,5.0,0.5,1.5,0.6919082,0.3876149,2.9843636,0.9421129,Safety,78,6.153498,0.31460102567406567,False
92,36,0.85430324,21.085283,5.0,0.5,1.5,0.6919082,0.3876149,2.9843636,0.9421129,Safety,59,2.2431686,0.21198933825590632,False
92,37,0.85430324,21.085283,5.0,0.5,0.5,0.6919082,0.3876149,2.9843636,0.9421129,Safety,196,5.4314156,0.23675519987440402,False
92,38,0.85430324,21.085283,5.0,0.5,0.5,0.6919082,0.3876149,2.9843636,0.9421129,Safety,1,2.6198246,0.14215998471972446,False
92,39,0.85430324,21.085283,5.0,0.5,1.5,0.6919082,0.3876149,2.9843636,0.9421129,Safety,96,5.3626842,0.05943638126448658,False
92,40,0.85430324,21.085283,5.0,0.5,0.5,0.6919082,0.3876149,2.9843636,0.9421129,Safety,1,-1.3171632,-0.006695584200557984,True
93,0,0.69962496,0.5321578,0.0,0.0,0.0,0.65227586,0.77428776,1.0779179,1.8000451,Balanced,90,3.704465,0.4522254462950393,False
93,1,0.69962496,0.5321578,5.0,0.5,0.5,0.65227586,0.77428776,1.0779179,1.8000451,Balanced,29,5.839095,0.33716667170572273,False
93,2,0.69962496,0.5321578,5.0,0.5,0.5,0.65227586,0.77428776,1.0779179,1.8000451,Balanced,187,-2.9269783,0.17581720961720243,True
94,0,0.20343098,21.114983,0.0,0.0,0.0,0.8344951,0.51976144,1.7616612,1.8400525,Balanced,10,4.634359,0.5172354595706797,False
94,1,0.20343098,21.114983,0.5,2.5616696,3.5616696,0.8344951,0.51976144,1.7616612,1.8400525,Balanced,182,5.459591,0.45247350194553443,False
94,2,0.20343098,21.114983,5.0,0.5,1.5,0.8344951,0.51976144,1.7616612,1.8400525,Balanced,147,6.0258074,0.35973660908421345,False
94,3,0.20343098,21.114983,5.0,0.5,0.5,0.8344951,0.51976144,1.7616612,1.8400525,Balanced,204,5.109158,0.4144531961437296,False
94,4,0.20343098,21.114983,5.0,0.5,0.5,0.8344951,0.51976144,1.7616612,1.8400525,Balanced,10,4.6269073,0.5141009630216102,False
94,5,0.20343098,21.114983,0.5,2.6899853,3.6899853,0.8344951,0.51976144,1.7616612,1.8400525,Balanced,17,6.039413,0.429359904641146,False
94,6,0.20343098,21.114983,5.0,0.5,1.5,0.8344951,0.51976144,1.7616612,1.8400525,Balanced,146,6.909139,0.47623075396402254,False
94,7,0.20343098,21.114983,5.0,0.5,1.5,0.8344951,0.51976144,1.7616612,1.8400525,Balanced,79,4.586771,0.47422283963747686,False
94,8,0.20343098,21.114983,5.0,0.5,0.5,0.8344951,0.51976144,1.7616612,1.8400525,Balanced,0,2.5234523,0.33352990609702093,False
94,9,0.20343098,21.114983,5.0,0.5,1.5,0.8344951,0.51976144,1.7616612,1.8400525,Balanced,90,5.9751196,0.4749933953211499,False
94,10,0.20343098,21.114983,0.5,2.977411,3.977411,0.8344951,0.51976144,1.7616612,1.8400525,Balanced,169,4.5426683,0.41595527665124776,False
94,11,0.20343098,21.114983,5.0,0.5,0.5,0.8344951,0.51976144,1.7616612,1.8400525,Balanced,121,5.885269,0.30212505252819993,False
94,12,0.20343098,21.114983,5.0,0.5,1.5,0.8344951,0.51976144,1.7616612,1.8400525,Balanced,0,1.6132157,0.1934452602775698,False
94,13,0.20343098,21.114983,5.0,0.5,0.5,0.8344951,0.51976144,1.7616612,1.8400525,Balanced,88,5.9365,0.22770270018261232,False
94,14,0.20343098,21.114983,5.0,0.5,1.5,0.8344951,0.51976144,1.7616612,1.8400525,Balanced,52,5.0147967,0.23290608852899386,False
94,15,0.20343098,21.114983,5.0,0.5,0.5,0.8344951,0.51976144,1.7616612,1.8400525,Balanced,65,5.107292,0.25610111823448073,False
94,16,0.20343098,21.114983,5.0,0.5,0.5,0.8344951,0.51976144,1.7616612,1.8400525,Balanced,10,3.5387309,0.08442694080298545,False
94,17,0.20343098,21.114983,5.0,0.5,0.5,0.8344951,0.51976144,1.7616612,1.8400525,Balanced,3,3.8808103,0.12875828230529973,False
94,18,0.20343098,21.114983,5.0,0.5,1.5,0.8344951,0.51976144,1.7616612,1.8400525,Balanced,17,6.3547654,-0.013519290546970444,False
94,19,0.20343098,21.114983,5.0,0.5,0.5,0.8344951,0.51976144,1.7616612,1.8400525,Balanced,206,6.438175,0.14695781551651776,False
94,20,0.20343098,21.114983,5.0,0.5,0.5,0.8344951,0.51976144,1.7616612,1.8400525,Balanced,156,6.408288,0.08945559876506538,False
94,21,0.20343098,21.114983,5.0,0.5,0.5,0.8344951,0.51976144,1.7616612,1.8400525,Balanced,35,4.4775305,0.06346060709235253,False
94,22,0.20343098,21.114983,5.0,0.5,0.5,0.8344951,0.51976144,1.7616612,1.8400525,Balanced,48,6.384688,0.04405076564673223,False
94,23,0.20343098,21.114983,5.0,0.5,0.5,0.8344951,0.51976144,1.7616612,1.8400525,Balanced,18,4.504275,0.12649200661129945,False
94,24,0.20343098,21.114983,5.0,0.5,0.5,0.8344951,0.51976144,1.7616612,1.8400525,Balanced,43,4.488447,0.11054702768987515,False
94,25,0.20343098,21.114983,5.0,0.5,0.5,0.8344951,0.51976144,1.7616612,1.8400525,Balanced,156,6.3682175,0.012361837801664222,False
94,26,0.20343098,21.114983,5.0,0.5,0.5,0.8344951,0.51976144,1.7616612,1.8400525,Balanced,1,-1.6836845,0.025725424974759145,True
95,0,0.2740641,20.154291,0.0,0.0,0.0,0.7538202,0.8302577,2.0259442,1.6283555,Safety,158,4.826225,0.5030711478890959,False
95,1,0.2740641,20.154291,5.0,0.5,0.5,0.7538202,0.8302577,2.0259442,1.6283555,Safety,22,7.2706313,0.5058410650394619,False
95,2,0.2740641,20.154291,5.0,0.5,1.5,0.7538202,0.8302577,2.0259442,1.6283555,Safety,34,4.3419065,0.49851179238269233,False
95,3,0.2740641,20.154291,5.0,0.5,0.5,0.7538202,0.8302577,2.0259442,1.6283555,Safety,88,5.2530212,0.4745554084981924,False
95,4,0.2740641,20.154291,5.0,0.5,0.5,0.7538202,0.8302577,2.0259442,1.6283555,Safety,179,4.790897,0.46052099950316155,False
95,5,0.2740641,20.154291,5.0,0.5,0.5,0.7538202,0.8302577,2.0259442,1.6283555,Safety,0,1.3277787,0.37717552992173914,False
95,6,0.2740641,20.154291,5.0,0.5,0.5,0.7538202,0.8302577,2.0259442,1.6283555,Safety,198,7.047775,0.2374223056275509,False
95,7,0.2740641,20.154291,5.0,0.5,1.5,0.7538202,0.8302577,2.0259442,1.6283555,Safety,135,5.404503,0.29164063558378917,False
95,8,0.2740641,20.154291,0.5,1.7425698,2.7425697,0.7538202,0.8302577,2.0259442,1.6283555,Safety,97,3.349256,0.2189130561891638,False
95,9,0.2740641,20.154291,5.0,0.5,0.5,0.7538202,0.8302577,2.0259442,1.6283555,Safety,135,5.291157,0.1551212268712362,False
95,10,0.2740641,20.154291,5.0,0.5,1.5,0.7538202,0.8302577,2.0259442,1.6283555,Safety,57,3.959992,0.05636491641598733,False
95,11,0.2740641,20.154291,5.0,0.5,1.5,0.7538202,0.8302577,2.0259442,1.6283555,Safety,77,4.830056,-0.009524474544328823,False
95,12,0.2740641,20.154291,5.0,0.5,0.5,0.7538202,0.8302577,2.0259442,1.6283555,Safety,18,-2.2472577,-0.05,True
96,0,0.6350391,5.2437096,0.0,0.0,0.0,1.0656657,0.2662674,1.2001139,1.0875586,Balanced,80,4.7936506,0.47649852043292856,False
96,1,0.6350391,5.2437096,5.0,0.5,1.5,1.0656657,0.2662674,1.2001139,1.0875586,Balanced,153,5.109463,0.46865271264031266,False
96,2,0.6350391,5.2437096,5.0,0.5,1.5,1.0656657,0.2662674,1.2001139,1.0875586,Balanced,75,4.060294,0.5306072617508346,False
96,3,0.6350391,5.2437096,5.0,0.5,0.5,1.0656657,0.2662674,1.2001139,1.0875586,Balanced,21,3.9600341,0.4122267240296949,False
96,4,0.6350391,5.2437096,5.0,0.5,1.5,1.0656657,0.2662674,1.2001139,1.0875586,Balanced,153,4.004578,0.3213589709319987,False
96,5,0.6350391,5.2437096,5.0,0.5,0.5,1.0656657,0.2662674,1.2001139,1.0875586,Balanced,1,1.8368562,0.20974863065127108,False
96,6,0.6350391,5.2437096,5.0,0.5,0.5,1.0656657,0.2662674,1.2001139,1.0875586,Balanced,132,3.94979,0.11559570668598461,False
96,7,0.6350391,5.2437096,5.0,0.5,0.5,1.0656657,0.2662674,1.2001139,1.0875586,Balanced,140,4.0388656,0.20387161513082452,False
96,8,0.6350391,5.2437096,0.5,1.6006111,2.600611,1.0656657,0.2662674,1.2001139,1.0875586,Balanced,10,2.8863816,0.15877714747003735,False
96,9,0.6350391,5.2437096,5.0,0.5,1.5,1.0656657,0.2662674,1.2001139,1.0875586,Balanced,120,0.9611064,0.08426408896057293,True
97,0,0.16716975,23.679419,0.0,0.0,0.0,0.54514205,0.9619187,1.2153897,0.8606069,Balanced,185,2.2203264,0.3471466483496222,False
97,1,0.16716975,23.679419,5.0,0.5,1.5,0.54514205,0.9619187,1.2153897,0.8606069,Balanced,58,2.1111188,0.43363545008902665,False
97,2,0.16716975,23.679419,5.0,0.5,0.5,0.54514205,0.9619187,1.2153897,0.8606069,Balanced,38,3.414288,0.31720567499290986,False
97,3,0.16716975,23.679419,5.0,0.5,0.5,0.54514205,0.9619187,1.2153897,0.8606069,Balanced,63,1.9215028,0.2409076983433034,False
97,4,0.16716975,23.679419,5.0,0.5,0.5,0.54514205,0.9619187,1.2153897,0.8606069,Balanced,90,2.4167347,0.19426956965511627,False
97,5,0.16716975,23.679419,5.0,0.5,1.5,0.54514205,0.9619187,1.2153897,0.8606069,Balanced,52,-7.0772285,0.19531426907309635,True
98,0,0.24589743,14.709446,0.0,0.0,0.0,0.89386237,0.23339759,2.09276,1.877345,Safety,0,2.3318725,0.4501703595247914,False
98,1,0.24589743,14.709446,5.0,0.5,1.5,0.89386237,0.23339759,2.09276,1.877345,Safety,147,6.8580637,0.30823453206052104,False
98,2,0.24589743,14.709446,5.0,0.5,0.5,0.89386237,0.23339759,2.09276,1.877345,Safety,69,4.471443,0.08267832270648269,True
99,0,0.19627036,7.8850565,0.0,0.0,0.0,1.4339951,0.16885681,1.6215893,1.2616118,Balanced,31,6.2757955,0.3919392614670073,False
99,1,0.19627036,7.8850565,5.0,0.5,1.5,1.4339951,0.16885681,1.6215893,1.2616118,Balanced,50,4.837724,0.36779962959476425,False
99,2,0.19627036,7.8850565,5.0,0.5,0.5,1.4339951,0.16885681,1.6215893,1.2616118,Balanced,52,4.91699,0.34763181685232997,False
99,3,0.19627036,7.8850565,5.0,0.5,1.5,1.4339951,0.16885681,1.6215893,1.2616118,Balanced,60,2.4987724,0.3218500224624971,False
99,4,0.19627036,7.8850565,5.0,0.5,0.5,1.4339951,0.16885681,1.6215893,1.2616118,Balanced,19,2.1416078,0.2176333006302642,False
99,5,0.19627036,7.8850565,5.0,0.5,0.5,1.4339951,0.16885681,1.6215893,1.2616118,Balanced,171,4.4208527,0.10649537441160918,False
99,6,0.19627036,7.8850565,5.0,0.5,0.5,1.4339951,0.16885681,1.6215893,1.2616118,Balanced,66,6.2338605,0.1435910906555734,False
99,7,0.19627036,7.8850565,5.0,0.5,1.5,1.4339951,0.16885681,1.6215893,1.2616118,Balanced,211,4.899343,0.24312649053487595,False
99,8,0.19627036,7.8850565,0.5,2.411059,3.411059,1.4339951,0.16885681,1.6215893,1.2616118,Balanced,88,6.251686,0.24915920754663684,False
99,9,0.19627036,7.8850565,5.0,0.5,1.5,1.4339951,0.16885681,1.6215893,1.2616118,Balanced,9,2.137412,0.1978540539738886,False
99,10,0.19627036,7.8850565,5.0,0.5,0.5,1.4339951,0.16885681,1.6215893,1.2616118,Balanced,110,6.2684255,0.34829044205196824,False
99,11,0.19627036,7.8850565,0.5,2.8709848,3.8709848,1.4339951,0.16885681,1.6215893,1.2616118,Balanced,179,4.528965,0.2836192280471876,False
99,12,0.19627036,7.8850565,5.0,0.5,1.5,1.4339951,0.16885681,1.6215893,1.2616118,Balanced,204,4.8882575,0.17747406796824716,False
99,13,0.19627036,7.8850565,5.0,0.5,1.5,1.4339951,0.16885681,1.6215893,1.2616118,Balanced,63,2.4757118,0.1624346298551213,False
99,14,0.19627036,7.8850565,5.0,0.5,0.5,1.4339951,0.16885681,1.6215893,1.2616118,Balanced,40,3.4629185,0.22873831998821725,False
99,15,0.19627036,7.8850565,5.0,0.5,0.5,1.4339951,0.16885681,1.6215893,1.2616118,Balanced,104,3.4466379,0.1323220055453242,False
99,16,0.19627036,7.8850565,5.0,0.5,0.5,1.4339951,0.16885681,1.6215893,1.2616118,Balanced,141,4.87512,0.09967447398981419,False
99,17,0.19627036,7.8850565,5.0,0.5,1.5,1.4339951,0.16885681,1.6215893,1.2616118,Balanced,179,3.1714218,0.010069570967789834,True
