episode,total_steps,reward,accuracy,satisfaction,actor_loss,critic_loss
1,35,33.616726,0.34285714285714286,0.08016959540619308,0.0,0.0
2,53,18.375183,0.3333333333333333,0.06048303958848865,0.0,0.0
3,59,4.056486,0.6666666666666666,0.16204517019076026,0.0,0.0
4,98,40.80808,0.5384615384615384,0.06999371849259975,0.0,0.0
5,124,28.595343,0.7307692307692307,-0.05,0.0,0.0
6,130,3.6390696,0.16666666666666666,-0.022666725818201297,0.0,0.0
7,139,9.318886,0.4444444444444444,-0.016186451459766396,0.0,0.0
8,147,5.5809393,0.875,0.1363021205934911,0.0,0.0
9,168,18.407385,0.47619047619047616,0.1263665052990407,0.0,0.0
10,177,6.5604305,0.4444444444444444,-0.033933308244945976,0.0,0.0
11,181,1.6071707,0.5,0.16882534469893445,0.0,0.0
12,202,22.695744,0.6666666666666666,0.1394599803290104,0.0,0.0
13,209,5.720394,0.5714285714285714,0.14261997554331907,0.0,0.0
14,216,4.307675,0.42857142857142855,0.1908653137620604,0.0,0.0
15,229,11.124178,0.38461538461538464,0.08883863419422239,0.0,0.0
16,232,0.813113,0.6666666666666666,0.24071731510285838,0.0,0.0
17,238,4.1288757,0.5,0.12344629051386379,0.0,0.0
18,274,37.39598,0.5,0.1584248573181231,0.0,0.0
19,281,4.901519,0.42857142857142855,0.2619570335461649,0.0,0.0
20,304,22.992352,0.21739130434782608,-0.05,0.0,0.0
21,318,12.672842,0.42857142857142855,0.11323751488735265,0.0,0.0
22,348,30.90141,0.5,0.1498083111038101,0.0,0.0
23,372,20.041702,0.4166666666666667,0.0035326683824916383,0.0,0.0
24,379,5.844459,0.2857142857142857,0.2776118396959012,0.0,0.0
25,405,25.291672,0.4230769230769231,0.1509586441869954,0.0,0.0
26,426,21.290937,0.5714285714285714,-0.05,0.0,0.0
27,440,13.489103,0.35714285714285715,0.1456417561654179,0.0,0.0
28,447,4.558578,0.42857142857142855,0.2671452656843939,0.0,0.0
29,463,15.233275,0.4375,-0.02835151552877902,0.0,0.0
30,470,5.2628613,0.5714285714285714,0.2819697449001025,0.0,0.0
31,481,10.038282,0.36363636363636365,0.08715121854733597,0.0,0.0
32,492,10.363259,0.45454545454545453,0.13931674877037614,0.0,0.0
33,502,8.031569,0.6,0.07629102524650573,0.0,0.0
34,529,25.764093,0.48148148148148145,0.09447812628976247,0.0,0.0
35,557,32.664555,0.5357142857142857,0.23757679661013442,0.0,0.0
36,613,60.42825,0.4642857142857143,0.0803348942465318,0.0,0.0
37,622,8.250994,0.5555555555555556,-0.05,0.0,0.0
38,649,25.028625,0.37037037037037035,0.011705330545898063,0.0,0.0
39,662,12.613447,0.5384615384615384,0.07725279359439481,0.0,0.0
40,679,17.716206,0.47058823529411764,-0.05,0.0,0.0
41,689,10.4563,0.7,0.15,0.0,0.0
42,693,2.2933645,0.25,0.2528328400533221,0.0,0.0
43,705,11.693217,0.3333333333333333,-0.05,0.0,0.0
44,721,13.679863,0.25,-0.03497309480984381,0.0,0.0
45,733,11.170807,0.6666666666666666,0.1330936844523472,0.0,0.0
46,767,36.067577,0.5294117647058824,0.04660332803550442,0.0,0.0
47,786,19.87261,0.42105263157894735,0.059641774751857196,0.0,0.0
48,807,17.469667,0.19047619047619047,0.08624456833115866,0.0,0.0
49,850,42.124763,0.4186046511627907,0.11896913299459295,0.0,0.0
50,855,2.338729,0.2,0.0029766460929396416,0.0,0.0
51,891,36.460518,0.6111111111111112,-0.05,0.0,0.0
52,921,31.355509,0.4666666666666667,0.1874630964866419,0.0,0.0
53,929,6.2892017,0.375,0.12651099871946686,0.0,0.0
54,936,3.8907042,0.2857142857142857,0.13021706151127588,0.0,0.0
55,947,9.041348,0.45454545454545453,0.1505385662430485,0.0,0.0
56,1013,66.68945,0.5,0.0961382573572258,-5.276729575225285,66.12815298352923
57,1038,25.475752,0.4,0.1743298953553783,-9.458340396881104,23.351723709106444
58,1043,2.6133876,0.2,0.17747934512468583,-10.59219150543213,9.58863697052002
59,1059,14.024317,0.375,0.09461814300269401,-11.217765152454376,7.364043414592743
60,1072,11.643443,0.5384615384615384,0.04078790444767011,-11.470210882333609,6.32313581613394
61,1082,8.755888,0.5,-0.05,-11.626858234405518,5.656959915161133
62,1096,13.598095,0.42857142857142855,0.08898162686666493,-11.706856387002128,6.115185499191284
63,1124,31.467777,0.5,0.2797448270584022,-11.949461460113525,5.651655946459089
64,1143,20.948208,0.5263157894736842,0.06994431024742702,-12.205995559692383,5.4784951962922745
65,1150,5.9945173,0.5714285714285714,0.17552844991552163,-12.30896282196045,5.509960310799735
66,1189,38.960022,0.38461538461538464,-0.05,-12.65819141192314,5.555914988884559
67,1202,13.092331,0.6923076923076923,0.1726026667937443,-12.972284390376164,5.718204021453857
68,1229,26.406113,0.37037037037037035,0.15756321191460027,-13.33617404655174,5.964475569901643
69,1254,20.854588,0.44,-0.01746637278899607,-13.795748291015625,6.024832353591919
70,1285,26.583742,0.6129032258064516,0.1614980138116951,-14.255884539696478,5.34370889202241
71,1348,56.56778,0.49206349206349204,-0.05,-15.190115171765525,6.129946428631979
72,1367,15.595679,0.3157894736842105,0.02492874631224111,-16.10810465561716,6.327516957333214
73,1380,10.016735,0.38461538461538464,-0.014803393213251553,-16.454748667203464,6.46752562889686
74,1389,6.524541,0.2222222222222222,0.09335503955323844,-16.844199498494465,7.288395298851861
75,1402,11.094572,0.6153846153846154,0.15016462791927948,-17.251877711369442,6.541477533487173
76,1459,57.355015,0.38596491228070173,0.059469008873291276,-18.08746856555604,7.2440212902269865
77,1490,32.548676,0.6774193548387096,0.04405086780927646,-19.499536514282227,7.7090310281322845
78,1502,10.195025,0.6666666666666666,0.1194062819655851,-20.04445966084798,7.960182865460713
79,1505,1.036464,0.0,0.17116927294256262,-20.55866241455078,10.59854253133138
80,1526,19.21561,0.47619047619047616,0.12677662653944605,-20.766529991513206,8.84824564343407
81,1549,21.592089,0.6086956521739131,0.19524216440134412,-21.265058600384258,9.11434268951416
82,1559,7.657313,0.5,-0.022881362592018298,-21.88867301940918,10.342649555206298
83,1593,30.757221,0.6470588235294118,0.16985503322680495,-23.01799000010771,10.01013733358944
84,1600,5.711617,0.5714285714285714,0.06537457522425744,-23.625723702566965,10.61981269291469
85,1628,26.58084,0.39285714285714285,-0.05,-24.275198732103622,9.447921446391515
86,1631,2.3510983,0.6666666666666666,0.159551975398444,-25.08125114440918,11.837058385213217
87,1649,16.560413,0.5,-0.007962747460545275,-25.190494431389702,11.517799006568062
88,1676,25.082233,0.5555555555555556,0.13437139106573787,-26.223500004521124,10.39558979316994
89,1692,14.166404,0.375,0.09187126692283433,-27.2449791431427,9.44582024216652
90,1747,58.702747,0.5636363636363636,0.1683845201461583,-28.684009205211293,10.68279487436468
91,1763,13.953271,0.5,-0.05,-30.313037276268005,10.937353521585464
92,1768,3.675585,0.4,0.19154076849859936,-30.48030662536621,8.86020107269287
93,1786,15.357633,0.2777777777777778,0.05906860802735288,-30.662164476182724,11.693580892350939
94,1799,13.047513,0.46153846153846156,0.049558591086140955,-31.978515184842625,11.450326112600473
95,1822,20.943304,0.4782608695652174,-0.05,-32.90086895486583,12.75751831220544
96,1869,46.813366,0.425531914893617,0.04930564617521922,-34.986303775868514,12.21226936705569
97,1889,18.073431,0.4,0.2969537857482835,-37.19989166259766,12.256348466873169
98,1916,26.412436,0.4444444444444444,0.08213111476636654,-38.545490971317996,13.990689736825448
99,1928,12.082036,0.5833333333333334,0.2044184273597474,-40.22216669718424,18.441120783487957
100,1942,10.226654,0.2857142857142857,0.014415105780816881,-40.71360642569406,18.4806912285941
101,1947,3.1695096,0.2,0.14299494857428058,-41.94068298339844,15.12229232788086
102,2006,55.693848,0.4745762711864407,0.08534233594341435,-45.17773612070892,17.47475106837386
103,2033,20.923197,0.3333333333333333,-0.03414651525809603,-48.206672809742116,20.325056393941242
104,2044,9.953185,0.2727272727272727,0.18077539857941266,-48.173549305308946,24.011340054598723
105,2054,8.931043,0.5,0.18013685665374335,-49.64389152526856,24.617338562011717
106,2079,28.650703,0.52,0.23023739536900228,-51.40752197265625,22.690970916748046
107,2089,6.318888,0.2,0.062422688846864374,-53.01508483886719,21.970523643493653
108,2096,6.4579163,0.42857142857142855,0.096581916895474,-54.654390062604634,22.246508189610072
109,2105,8.071406,0.6666666666666666,0.24766800601235373,-55.300320095486114,26.70252736409505
110,2114,9.071533,0.5555555555555556,0.15,-56.13463253445096,30.143157747056748
111,2154,39.491325,0.625,0.03095479122596985,-58.99733304977417,27.600480031967162
112,2175,22.984425,0.5238095238095238,-0.05,-63.76091348557245,27.290542148408434
113,2179,3.3301072,0.75,0.2626845639471939,-65.21012496948242,33.267645835876465
114,2192,11.1496935,0.38461538461538464,0.24657853293699056,-66.08223342895508,29.933507919311523
115,2200,6.793071,0.625,0.13840284448908563,-67.58179187774658,40.463130712509155
116,2207,6.4945416,0.42857142857142855,0.06627193079840459,-69.19766017368862,32.20909064156668
117,2221,13.970616,0.35714285714285715,-0.05,-70.4915635245187,44.580256598336355
118,2233,12.954181,0.5833333333333334,-0.05,-72.68467013041179,38.96253236134847
119,2265,31.815407,0.5625,0.0,-76.01349258422852,46.94728899002075
120,2270,5.0113106,0.6,0.18828852240083788,-78.52606353759765,57.41413192749023
121,2304,25.55412,0.4411764705882353,0.1958433758740053,-83.07006117876838,55.20103084339815
122,2315,10.397218,0.45454545454545453,0.06224583979745986,-86.16016873446378,60.5383827903054
123,2336,17.114025,0.47619047619047616,0.030245890930991615,-89.18897755940755,73.23067964826312
124,2377,42.389736,0.5365853658536586,0.0,-95.32236127155583,74.66148097340654
125,2395,14.570274,0.4444444444444444,0.10184483854811636,-103.27890480889215,87.47145292494032
126,2421,22.76732,0.46153846153846156,0.010354096534570048,-106.87469863891602,94.89564103346605
127,2429,6.262359,0.625,0.14687782039589745,-111.09089374542236,108.97387313842773
128,2435,5.469192,0.5,0.16201648467312646,-112.80545043945312,121.59476725260417
129,2461,21.1935,0.2692307692307692,0.06581079202407086,-117.12786190326398,124.43500401423528
130,2468,6.5271726,0.42857142857142855,0.1870513837279233,-120.12471226283482,136.46875871930803
131,2475,5.9798555,0.5714285714285714,0.10823019435156382,-118.99173191615513,161.06881277901786
132,2492,12.156356,0.5294117647058824,-0.05,-123.19071870691636,173.20264479693245
133,2560,65.30774,0.5147058823529411,0.15230940713748364,-137.5397528480081,190.38845185672537
134,2565,4.7376447,0.2,0.164643016049965,-147.7772674560547,233.35885620117188
135,2612,42.502438,0.48936170212765956,0.18460007076184554,-158.03505528226813,227.8667532738219
136,2627,12.393831,0.4666666666666667,0.035538938347115676,-171.3295430501302,250.0184804280599
137,2662,24.954983,0.45714285714285713,-0.04450126317676328,-183.44271283830915,262.10535932268414
138,2689,20.010317,0.5555555555555556,-0.05,-196.0636969672309,349.67934445981626
139,2726,25.616163,0.5675675675675675,0.01516370951481473,-214.1565964157517,370.65017205315667
140,2755,18.700043,0.5172413793103449,0.10991880726055982,-232.71399399329877,423.23340054216055
141,2764,5.401728,0.5555555555555556,0.10654758234621471,-239.33428276909723,481.1695285373264
142,2788,16.642641,0.4166666666666667,-0.04784512817532799,-255.10971768697104,473.4106216430664
143,2837,34.8633,0.5918367346938775,0.11646384956543059,-279.1934895418128,569.964711714764
144,2853,10.61944,0.4375,-0.013590149157766865,-306.85761070251465,686.4820671081543
145,2865,6.744605,0.3333333333333333,0.08001450685655341,-317.46070353190106,784.0421702067057
146,2902,23.418669,0.5135135135135135,-0.05,-339.0615176639041,904.2199236895588
147,2915,6.03797,0.38461538461538464,0.1434475410147965,-361.16136521559497,933.3731877253606
148,2926,7.32124,0.7272727272727273,0.1696633310114115,-375.8409257368608,972.2271395596591
149,2993,37.85203,0.40298507462686567,-0.029714913523207223,-416.9940855111649,1194.6802122201493
150,3010,13.348567,0.35294117647058826,-0.05,-469.60065774356616,1580.6884478400734
151,3016,2.712881,0.6666666666666666,0.10078310891682041,-479.5491129557292,1659.3885904947917
152,3030,8.597341,0.5,0.15323793817659886,-492.3464050292969,2089.4938616071427
153,3037,3.0143209,0.42857142857142855,0.1345357925874182,-497.20208740234375,2416.30908203125
154,3050,6.0736036,0.38461538461538464,0.08057032335507132,-516.0857966496394,2193.2380652794473
155,3063,10.697025,0.6153846153846154,0.0636195160147773,-542.0937875600962,2220.3592435396636
156,3078,11.1164875,0.5333333333333333,-0.05,-546.9802327473958,2695.0680338541665
157,3089,5.2972226,0.45454545454545453,0.1717161445856537,-574.7882745916194,2936.2011274857955
158,3189,61.61266,0.57,0.36777078703720745,-665.0532867431641,3500.3269165039064
159,3210,14.263893,0.7619047619047619,0.13359538886377464,-774.2425130208334,4075.8580961681546
160,3224,9.327531,0.42857142857142855,0.09487927119774485,-806.2102399553571,4542.547119140625
161,3273,28.829323,0.5306122448979592,0.05092064721366206,-872.0734215561224,5704.047323421556
162,3297,17.155952,0.5416666666666666,0.13167994227481505,-956.6249109903971,6833.0365804036455
163,3308,7.3452816,0.5454545454545454,0.2665658386032487,-979.8809980912642,9151.830788352272
164,3323,8.327356,0.4,-0.05,-1035.98759765625,7824.172037760417
165,3327,1.7574364,0.5,0.24462914341284375,-1055.9960632324219,11137.316162109375
166,3333,3.25528,0.5,0.18482410379841663,-1062.1409301757812,10157.724283854166
167,3359,19.112698,0.5769230769230769,0.18749139748153143,-1117.4852999173677,10256.24539888822
168,3381,14.083668,0.45454545454545453,0.15882410927599594,-1167.2320945046165,12978.744984019886
169,3406,16.643951,0.56,0.06087890998329795,-1223.769794921875,14216.3021875
170,3428,14.555247,0.6363636363636364,0.19993750491757578,-1313.3623657226562,14152.716796875
171,3437,4.5172834,0.2222222222222222,0.060746295100925995,-1348.9663764105903,16264.075954861111
172,3458,13.83373,0.6190476190476191,0.1906983170511738,-1404.2978224981398,17068.372163318454
173,3468,5.720584,0.6,0.10420051369497262,-1451.2409423828126,18608.7427734375
174,3476,5.022251,0.25,-0.011701725694059167,-1500.7657470703125,21409.79638671875
175,3492,8.814082,0.375,-0.01678966933308608,-1570.9680099487305,20304.845642089844
176,3516,15.669188,0.5833333333333334,-0.037469359467128566,-1646.2349955240886,22804.39453125
177,3565,28.56167,0.5306122448979592,0.1029517343636448,-1784.904127471301,27239.625159438776
178,3604,24.04539,0.5897435897435898,0.10884797440925949,-2000.7674967447917,34950.272986778844
179,3616,7.71319,0.5,0.01567890604509793,-2093.002695719401,33982.086100260414
180,3632,9.942858,0.375,-0.05,-2209.6860961914062,38868.170654296875
181,3681,30.342896,0.5510204081632653,0.1949039880017634,-2341.4541364397323,51095.71061862245
182,3705,12.228694,0.375,0.2953489075343383,-2556.314656575521,65566.68570963542
183,3713,3.318115,0.125,0.15130661021431852,-2682.6575317382812,79269.07373046875
184,3728,8.906644,0.4666666666666667,0.26867573439644205,-2759.5288899739585,72653.5890625
185,3785,31.771564,0.47368421052631576,0.07265731545755011,-2968.8491382264256,90021.98012609649
186,3819,16.569714,0.47058823529411764,-0.05,-3278.69972857307,111894.12178308824
187,3832,8.250528,0.46153846153846156,0.1303102801234018,-3439.762244591346,98074.70012019231
188,3838,4.843344,0.8333333333333334,0.23844679040665046,-3551.890096028646,118793.36458333333
189,3858,10.658266,0.4,-0.02127035792348765,-3669.2920043945314,136011.6265625
190,3880,13.954317,0.5909090909090909,0.1040478703928595,-3804.5801225142045,160492.24964488635
191,3887,3.5036182,0.2857142857142857,-0.05,-3882.549560546875,186449.1919642857
192,3900,9.7478695,0.6153846153846154,0.015847895411337617,-4006.949199969952,173754.81610576922
193,3912,6.834459,0.25,0.028011158986026727,-4147.546488444011,195889.89583333334
194,3917,4.0644884,0.8,0.1527882773638663,-4165.64013671875,228098.821875
195,3931,6.346715,0.42857142857142855,0.06328724072673911,-4333.931361607143,215347.48660714287
196,3947,10.452035,0.625,-0.05,-4428.9661865234375,214436.375
197,3958,6.5566106,0.45454545454545453,0.10371572854576692,-4529.57568359375,205358.72301136365
198,3965,4.743363,0.5714285714285714,-0.02655562786603232,-4628.060198102678,237223.765625
199,4009,28.197973,0.5909090909090909,0.1906147440038673,-4981.272305575284,285949.68359375
200,4030,12.147731,0.3333333333333333,-0.05,-5485.255952380952,357124.7425595238
201,4038,4.9357157,0.625,-0.03966810748803354,-5586.241638183594,387898.51953125
202,4052,7.8403416,0.5714285714285714,0.11568849992493997,-5688.191441127232,398577.6629464286
203,4102,19.263964,0.3,0.09699979241209726,-6108.2112890625,404345.2925
204,4143,24.222912,0.4878048780487805,-0.05,-6709.107945884146,560754.6196646341
205,4149,3.078698,0.3333333333333333,0.13522535013433568,-6947.503580729167,655352.6145833334
206,4155,4.168253,0.8333333333333334,0.12390437207527892,-7088.791748046875,600292.65625
207,4169,8.172416,0.5,0.1792274826008427,-7279.757080078125,699788.4598214285
208,4180,5.396139,0.36363636363636365,0.09050381535935309,-7475.128196022727,651647.1051136364
209,4196,9.364091,0.5,0.020845635038997355,-7611.782073974609,719165.83984375
210,4220,12.01622,0.4583333333333333,-0.05,-8003.344645182292,754757.7317708334
211,4256,25.379295,0.3888888888888889,0.06697556240605604,-8511.85344780816,853762.6545138889
212,4264,4.835901,0.5,0.14900187400771747,-8810.773315429688,1042824.0078125
213,4293,17.394281,0.5172413793103449,-0.05,-9133.885169719828,1032619.2715517242
214,4305,5.245441,0.3333333333333333,0.18684056017802236,-9753.120930989584,1055672.46875
215,4327,16.621738,0.6818181818181818,0.09439095602014651,-10182.61239346591,1218747.5994318181
216,4342,10.074111,0.6,0.0272976426991471,-10373.41875,1446458.5333333334
217,4359,9.1445055,0.47058823529411764,4.734800781656945e-05,-10835.841279871323,1441893.5698529412
218,4366,3.227937,0.2857142857142857,0.051886262630201754,-11323.2626953125,1417527.392857143
219,4385,11.495855,0.5263157894736842,0.12891694351999422,-11313.800472861842,1488579.2236842106
220,4407,11.326905,0.45454545454545453,0.2084341089296204,-11733.973011363636,1836281.5994318181
221,4420,6.930102,0.46153846153846156,0.05010129531626477,-12314.094651442309,2214286.903846154
222,4448,16.490038,0.5714285714285714,-0.027272150025061247,-12688.532296316964,2040971.4151785714
223,4455,6.3831515,0.7142857142857143,0.1403292738422236,-13113.28989955357,2286292.9821428573
224,4506,27.165016,0.5294117647058824,-0.05,-14016.554036458334,2653997.9779411764
225,4520,8.687329,0.42857142857142855,0.08716600504419154,-15040.55970982143,3081730.7678571427
226,4525,3.8563166,0.4,0.2827789596561433,-15010.9853515625,3126009.0
227,4572,21.620062,0.3829787234042553,0.020771315812292787,-15677.650743849734,3490468.10106383
228,4590,7.9338174,0.3333333333333333,0.07774004830513766,-16610.775770399305,3736546.4583333335
229,4650,30.95907,0.5166666666666667,-0.05,-17716.142545572915,4532437.225
230,4676,10.612093,0.38461538461538464,-0.05,-19230.160982572117,5232943.932692308
231,4690,7.236263,0.5,0.017317473592777702,-19646.56277901786,5577321.142857143
232,4699,6.946018,0.8888888888888888,0.27112815863124945,-20039.145182291668,5904320.388888889
233,4712,3.9069614,0.23076923076923078,-0.05,-20576.534705528848,6870327.615384615
234,4789,35.653526,0.5064935064935064,0.17898659249365168,-21872.005656452922,7260990.983766234
235,4824,21.23525,0.45714285714285713,0.17601549940458056,-23900.459654017857,8690764.3
236,4836,4.5951486,0.3333333333333333,-0.05,-24677.849283854168,10140839.833333334
237,4839,2.3275552,0.3333333333333333,0.16141450465148527,-25181.866536458332,10097501.0
238,4842,1.996804,0.6666666666666666,0.14294911911784136,-25218.720703125,10643934.5
239,4848,3.6862159,0.5,0.08582573167398365,-25178.604166666668,11937729.0
240,4854,3.8496196,0.3333333333333333,0.03722543956696893,-25571.659505208332,11233566.583333334
241,4868,5.5327425,0.35714285714285715,0.06527806496212561,-26003.118024553572,11252088.25
242,4892,10.087417,0.3333333333333333,-0.05,-26853.464518229168,11936902.916666666
243,4904,5.8583293,0.4166666666666667,-0.05,-27777.2197265625,12609358.25
244,4935,18.050896,0.6774193548387096,0.1957791442407455,-28531.58700856855,14569911.612903226
245,4954,9.574405,0.42105263157894735,0.06224754588385134,-29740.597964638157,13562253.578947369
246,4972,8.199697,0.4444444444444444,0.19609526049493992,-30702.081488715277,16602373.611111112
247,4985,7.77767,0.46153846153846156,0.006684770635348926,-31099.662259615383,16064992.846153846
248,5010,16.657314,0.4,0.17174317393682198,-32025.770703125,18441252.64
249,5026,11.906316,0.625,0.273004683631032,-32250.298950195312,19891387.75
250,5030,3.115662,0.5,0.29391435422878964,-32391.482421875,17716225.5
251,5035,4.0077,0.4,0.09018993337102478,-32819.18515625,22383472.4
252,5043,5.9411345,0.625,0.14109983712504415,-32945.088623046875,20440271.75
253,5051,2.6118593,0.25,0.11027306340464925,-32880.69287109375,22160907.75
254,5064,10.3298855,0.5384615384615384,-0.04404641356723233,-33196.148137019234,22392152.923076924
255,5071,3.1757205,0.7142857142857143,0.0036537340308283456,-33194.55859375,23260143.714285713
256,5082,5.19913,0.5454545454545454,0.22678592421168792,-33044.15340909091,26059561.636363637
257,5182,84.41864,0.6,0.3927668003199957,-34051.273515625,27940421.94
258,5190,5.510398,0.625,0.11162923064914955,-35646.29443359375,31162348.0
259,5195,2.3643754,0.2,0.29818415280082905,-35351.44921875,28371503.2
260,5200,4.361649,0.8,0.19159093424946722,-36208.49609375,29331376.4
261,5210,5.08526,0.5,0.2915757823745821,-35915.68203125,32238446.6
262,5215,4.636265,0.2,0.133366625142618,-35642.97109375,39592746.4
263,5222,3.1080573,0.14285714285714285,0.15280985910712874,-35693.74274553572,35791261.71428572
264,5230,1.7317455,0.5,0.1085965750865736,-35326.9423828125,29555743.25
265,5237,3.8339338,0.42857142857142855,0.058018244341419,-35643.380580357145,35890873.14285714
266,5242,0.34314752,0.2,0.1768089815659577,-36131.50859375,39051047.2
267,5259,37.753464,0.5294117647058824,0.003177137399097682,-35252.90625,36464345.4117647
268,5272,2.490765,0.23076923076923078,0.09163866798605123,-34684.23828125,37666680.92307692
269,5295,19.800398,0.43478260869565216,0.13521239597454193,-34409.348675271736,39001766.08695652
270,5395,88.013336,0.56,0.9087179811422309,-35550.4388671875,36438716.82
271,5470,67.80591,0.6266666666666667,0.1696167995931302,-37032.15171875,37098439.52
272,5503,31.888117,0.5757575757575758,0.19274882543948235,-37805.866240530304,38791939.15151515
273,5517,8.244699,0.6428571428571429,0.15991564479374093,-37912.443359375,38691037.28571428
274,5575,41.413597,0.3793103448275862,-0.05,-37614.73612607759,39116602.37931035
275,5581,5.622039,0.8333333333333334,0.2397421269512004,-37345.352213541664,41343186.333333336
276,5583,2.2160757,0.0,0.2805091715437294,-37556.634765625,50092024.0
277,5598,14.123314,0.5333333333333333,0.1716156542963235,-37984.879166666666,40072714.8
278,5608,7.17707,0.2,-0.05,-37918.63125,41067605.0
279,5635,16.006529,0.48148148148148145,-0.05,-38325.95688657407,42190596.59259259
280,5659,19.176956,0.375,-0.05,-38166.432291666664,43064362.75
281,5671,6.993685,0.5833333333333334,0.16038443947255265,-38697.626953125,42723733.666666664
282,5718,22.90416,0.425531914893617,0.11262929946290627,-38942.34092420213,41990489.234042555
283,5743,4.8847938,0.32,0.12241896396801492,-39505.7340625,41815707.36
284,5750,0.48988527,0.42857142857142855,0.020266547456097753,-39968.53794642857,41359138.85714286
285,5766,10.049113,0.375,-0.01611433459918614,-39945.4150390625,44791064.75
286,5781,10.676675,0.8666666666666667,0.059563714484891006,-39445.74296875,48123182.13333333
287,5804,5.8816705,0.4782608695652174,0.05,-39586.417119565216,47476785.30434783
288,5809,5.3628817,0.8,0.2942825003695711,-40461.79375,48372939.6
289,5823,8.138638,0.5,0.11342264982974802,-40271.611328125,40138303.14285714
290,5839,14.192358,0.5,0.03378600517144641,-40788.64501953125,47092425.375
291,5855,4.664351,0.5,-0.05,-40671.66162109375,52166513.0
292,5887,14.583833,0.53125,0.15791159271184535,-40272.78283691406,48674238.125
293,5915,15.028856,0.35714285714285715,0.1994999392170977,-41005.158900669645,49929229.85714286
294,5920,2.545196,0.8,0.14549906074949598,-41230.4875,55583483.2
295,5938,17.825722,0.3888888888888889,0.05969567352978293,-42389.268229166664,57983272.666666664
296,5978,33.779766,0.3,0.18671920645072676,-43624.8025390625,63430522.8
297,5984,1.0150912,0.16666666666666666,0.18208292030683726,-43964.671875,60190446.0
298,5989,1.3939583,1.0,0.18892528641864587,-43785.4703125,54522755.2
299,5994,1.4504343,0.4,0.22962465479517463,-43532.4296875,53332112.0
300,6007,11.240014,0.23076923076923078,0.15709162957768685,-43647.638221153844,59224709.23076923
301,6026,18.86857,0.47368421052631576,-0.05,-44095.75328947369,66986816.631578945
302,6043,15.17361,0.6470588235294118,-0.0472918431797114,-43126.60638786765,58891078.47058824
303,6062,11.519299,0.42105263157894735,0.2739779890729815,-42810.85629111842,61649455.15789474
304,6081,14.813553,0.42105263157894735,-0.0014429676541786798,-42821.25472861842,61746579.368421055
305,6091,3.0107753,0.4,0.14189588989733176,-43271.9875,61927721.6
306,6100,5.6116915,0.5555555555555556,0.13094330046561367,-43978.09331597222,56469288.0
307,6121,14.377973,0.38095238095238093,0.01048178507515702,-43829.23493303572,58036092.0
308,6131,4.4376454,0.5,0.13506003563000835,-43888.34140625,63702526.0
309,6137,3.7690809,0.16666666666666666,0.04617073930919445,-43799.543619791664,63147109.333333336
310,6146,5.6891084,0.5555555555555556,0.11397036780373847,-44348.086805555555,59712510.666666664
311,6170,12.611995,0.5833333333333334,0.09274944003520892,-43697.75244140625,66576756.833333336
312,6196,43.30314,0.46153846153846156,0.016124637658964533,-43616.46349158654,63817366.15384615
313,6226,17.026327,0.36666666666666664,0.061083149103361656,-43387.511328125,74849660.53333333
314,6265,19.151098,0.5641025641025641,0.2199051371201498,-43361.8522636218,71307113.74358974
315,6279,12.164096,0.42857142857142855,0.01221865481021335,-43413.603515625,62477477.428571425
316,6293,7.0071964,0.35714285714285715,0.1663161455125194,-43701.3125,64499298.85714286
317,6308,6.9684124,0.5333333333333333,0.03382631568148149,-44017.60260416667,63794346.4
318,6334,14.979882,0.5769230769230769,0.17355176453969612,-43845.76502403846,65980289.538461536
319,6354,7.377783,0.5,0.10087813193356009,-44166.47734375,59344629.0
320,6358,1.3052714,0.0,0.16610393832556353,-44052.421875,81226968.0
321,6383,8.601646,0.64,0.03519910360084348,-43818.23984375,68006395.04
322,6395,6.2968035,0.5,0.09351815579350582,-43744.996419270836,65561185.666666664
323,6404,3.5008483,0.5555555555555556,0.13016581856301396,-43838.26909722222,68322635.55555555
324,6444,26.794954,0.475,0.16223861527473837,-44518.390625,64791199.0
325,6446,0.9174518,1.0,0.27964801562125363,-45319.6796875,54582690.0
326,6455,3.4604464,0.4444444444444444,0.12831819185150173,-45907.219618055555,83534432.0
327,6459,2.3151217,0.25,0.18670853833099882,-46062.6708984375,103616762.0
328,6471,3.6143622,0.6666666666666666,0.07945284974593018,-46710.5224609375,75759710.0
329,6481,1.7015395,0.4,0.0796251025364751,-45583.660546875,94387816.4
330,6484,1.9225549,0.3333333333333333,0.19404379095219887,-46445.541666666664,83077213.33333333
331,6490,1.0156472,0.3333333333333333,0.06859003389208916,-46364.416666666664,65037419.333333336
332,6512,16.466402,0.6363636363636364,-0.022438712438612212,-45766.59375,77693091.0909091
333,6520,7.327471,0.25,0.06182134510348822,-46552.216796875,73858825.0
334,6537,6.221162,0.4117647058823529,0.17382741239170207,-46408.551930147056,70474231.29411764
335,6552,3.8380513,0.6,0.16352268630819344,-46373.799479166664,69510780.8
336,6571,9.06145,0.3684210526315789,0.10783701425829469,-46153.23231907895,83935222.73684211
337,6587,6.126839,0.4375,-0.008989114302561454,-46045.53515625,77327455.25
338,6596,2.9052682,0.2222222222222222,-0.05,-45497.95746527778,70087747.1111111
339,6608,6.961118,0.25,0.18297197509037588,-46277.384765625,72915007.0
340,6618,4.1964364,0.4,0.08742978179395415,-46082.603125,88222381.6
341,6657,17.53858,0.5897435897435898,0.19258891300305747,-46440.244190705125,69056595.38461539
342,6676,8.161584,0.3157894736842105,-0.05,-46486.09498355263,81721896.42105263
343,6689,5.518258,0.38461538461538464,0.06044113843805819,-46871.640625,77435105.53846154
344,6716,17.741835,0.4074074074074074,0.1742930738774729,-46906.55642361111,84686113.92592593
345,6754,74.03655,0.631578947368421,0.011122809219476178,-46597.92475328947,77774709.78947368
346,6786,20.32365,0.46875,0.05083505553539479,-46888.37341308594,76198395.375
347,6886,30.548548,0.48,0.5077903518590654,-47198.7702734375,73201999.44
348,6891,-0.7582283,0.4,0.18455997236536525,-46820.07578125,79624817.6
349,6899,3.1929255,0.5,0.23365279164734143,-46905.15234375,75055165.5
350,6901,0.6456992,0.5,0.28855609586842845,-46155.60546875,67819232.0
351,6916,4.2874722,0.5333333333333333,0.14342707647673963,-47159.79869791667,73939857.86666666
352,6933,5.6374693,0.4117647058823529,0.014908019710583045,-46667.84375,74309159.05882353
353,6996,50.320606,0.6507936507936508,0.16465300109499703,-46346.91511656746,76066473.58730158
354,7005,6.6150813,0.5555555555555556,0.051262180231890275,-46695.31814236111,70955982.22222222
355,7017,3.9139695,0.25,-0.05,-46718.996419270836,84855452.66666667
356,7023,3.5338411,0.6666666666666666,0.13814786514605948,-47030.630208333336,83417054.66666667
357,7029,3.4258842,0.6666666666666666,0.049502308714412205,-46061.94140625,82627358.0
358,7036,4.480607,0.42857142857142855,0.09136692683151239,-46090.150111607145,75235791.42857143
359,7048,8.349937,0.3333333333333333,-0.01838575524754285,-46330.025065104164,82172493.0
360,7148,221.86821,0.62,0.8846349477466212,-46354.61578125,72354221.86
361,7170,40.09779,0.4090909090909091,0.1590933054975438,-46525.63796164773,72161154.54545455
362,7179,8.203498,0.6666666666666666,-0.05,-46809.819010416664,66600916.0
363,7225,26.216099,0.43478260869565216,0.14067151769701486,-46169.75806725543,77624534.7826087
364,7235,6.0384054,0.4,0.11074313007069475,-46512.429296875,71126301.2
365,7244,1.5668263,0.4444444444444444,0.18741706153598636,-46426.03472222222,69899257.33333333
366,7344,222.49881,0.66,1.0,-46212.4103515625,75747337.92
367,7354,6.1059394,0.5,0.05635227635389385,-46475.759765625,81701282.4
368,7364,9.3915415,0.5,0.04029429146234134,-46090.733203125,77749662.8
369,7375,8.3701725,0.45454545454545453,-0.05,-45700.09339488636,71915398.18181819
370,7426,118.1919,0.5882352941176471,0.25877309154493294,-46305.56556372549,71517409.1764706
371,7433,2.8255286,0.14285714285714285,0.1429210137332998,-45824.1328125,83351402.28571428
372,7458,22.572016,0.44,-0.04191695825637935,-45964.110625,75855545.92
373,7520,30.88434,0.5161290322580645,-0.05,-45943.061806955644,67355505.80645162
374,7526,5.721222,0.5,0.21237195266978298,-46545.360026041664,67168823.33333333
375,7626,233.9928,0.47,1.0,-46528.6059765625,80124163.8
376,7634,11.764619,0.5,0.19506988710903844,-55273.46337890625,213789410.0
377,7647,19.204727,0.38461538461538464,-0.030331047250939797,-55603.6484375,152797772.30769232
378,7663,24.260086,0.6875,-0.03415877930959819,-54716.254150390625,151575794.0
379,7675,22.150248,0.4166666666666667,0.06128386990727712,-52870.399088541664,166120365.33333334
380,7775,209.39618,0.58,0.44153833820298566,-50445.65578125,128258557.6
381,7787,19.13716,0.5,0.27545347720899876,-49891.444010416664,107518986.66666667
382,7794,14.251303,0.5714285714285714,0.017100868299639915,-48932.65569196428,105968976.0
383,7798,9.524527,0.25,0.1981034205560822,-48509.234375,108320002.0
384,7804,13.163948,0.3333333333333333,-0.05,-49216.021484375,79505934.0
385,7810,12.117066,0.5,0.13018602946407554,-48480.6328125,81099274.0
386,7816,8.522612,0.3333333333333333,0.21824861270652002,-48563.671875,85040146.66666667
387,7827,23.096058,0.7272727272727273,0.23401845305575147,-48067.89098011364,98595852.0
388,7833,13.520582,0.3333333333333333,0.20205204693780887,-47557.025390625,98391230.66666667
389,7889,136.02766,0.5892857142857143,-0.00031472820663666634,-49015.922154017855,89360087.42857143
390,7900,23.77348,0.5454545454545454,0.02829159313969376,-49277.30504261364,88368410.9090909
391,7925,53.313263,0.36,0.026480543062322462,-49529.81015625,93315790.24
392,7935,7.3994827,0.3,0.1836422811391199,-48891.7140625,84394264.4
393,7958,53.21612,0.6956521739130435,0.0451686268409759,-48467.72469429348,96662323.47826087
394,7981,50.156475,0.2608695652173913,-0.05,-48331.102751358696,88615029.2173913
395,8027,109.80027,0.5217391304347826,0.06124504411833477,-48476.83389945652,81512148.43478261
396,8040,30.996288,0.6153846153846154,-0.04764289997401734,-48978.675480769234,73073226.46153846
397,8044,9.209486,0.25,0.17136349004732554,-48640.5634765625,87925414.0
398,8062,40.30636,0.5555555555555556,0.12605362744478327,-48540.292100694445,97128664.0
399,8067,8.386137,0.8,0.08131234519374834,-48467.71953125,102044243.2
400,8086,46.314278,0.5263157894736842,0.010894954693986422,-48392.24568256579,77362049.68421052
401,8096,22.988108,0.1,0.0008713286671517134,-48506.74765625,89268306.4
402,8103,13.229066,0.14285714285714285,0.28493178532801994,-48467.244419642855,75699777.14285715
403,8110,16.544735,0.7142857142857143,0.16109782109183968,-48578.83314732143,93121628.57142857
404,8120,21.983044,0.6,0.2650951099825195,-48452.016796875,89604001.6
405,8152,9.15746,0.53125,0.016688751655152503,-48252.9794921875,95461549.5
406,8162,5.2284336,0.5,0.12072416620807598,-48443.754296875,85424669.2
407,8262,235.61328,0.54,0.8504925596203494,-48624.67828125,91576175.2
408,8274,26.524359,0.6666666666666666,0.21215624878008427,-49165.174153645836,95819884.33333333
409,8298,56.394184,0.5416666666666666,0.07016448897369114,-49428.813639322914,86858023.66666667
410,8322,42.04059,0.5833333333333334,-0.05,-49586.6416015625,85533791.16666667
411,8329,15.608348,0.7142857142857143,0.1829460584220733,-49451.15178571428,96142308.57142857
412,8337,4.159102,0.75,-0.03312517576713256,-49393.189453125,92329108.5
413,8358,30.99697,0.3333333333333333,0.11893956355010483,-49508.654017857145,90890965.14285715
414,8370,28.2584,0.5,0.0,-49874.608723958336,87654710.66666667
415,8386,33.318016,0.4375,0.08708524107773845,-49470.01611328125,87576390.0
416,8419,76.11994,0.5454545454545454,0.17762912282748605,-49164.755326704544,91702983.51515152
417,8443,54.741325,0.5833333333333334,0.07206161782018353,-48976.686360677086,88627862.16666667
418,8466,30.771395,0.5217391304347826,0.22377714249942576,-48853.078974184784,93325704.3478261
419,8477,22.325094,0.45454545454545453,0.010647700075592431,-48676.81178977273,83465489.45454545
420,8512,58.631912,0.5714285714285714,0.14882961329129296,-48735.28125,85728845.48571429
421,8612,233.57185,0.57,0.8021715303511511,-48723.10015625,85245795.68
422,8627,37.96544,0.4666666666666667,-0.05,-48749.15625,82064640.8
423,8650,60.48846,0.4782608695652174,0.18550626535612263,-48773.159137228264,78333733.73913044
424,8662,25.294107,0.3333333333333333,-0.05,-48441.6103515625,82139260.33333333
425,8675,28.48655,0.46153846153846156,0.12899303397714162,-48910.09164663462,93315661.53846154
426,8711,66.53534,0.4722222222222222,0.19871399254071603,-48401.894422743055,88976131.0
427,8747,73.16045,0.5277777777777778,0.08429401741718638,-48080.139756944445,88722514.55555555
428,8759,26.03344,0.5,0.2938452641407646,-48336.130533854164,82737385.66666667
429,8777,34.990337,0.5555555555555556,0.0959681645839739,-48449.45095486111,87851597.33333333
430,8786,9.307323,0.4444444444444444,0.14696698345325332,-48469.13454861111,86075263.55555555
431,8833,58.15424,0.5319148936170213,0.16947437512144592,-48355.62325465425,81005753.95744681
432,8840,15.889249,0.8571428571428571,0.0584078259512026,-47620.626674107145,108644457.14285715
433,8866,57.87829,0.7307692307692307,0.0,-48192.233924278844,81904938.46153846
434,8890,18.80297,0.5416666666666666,0.16681582174698018,-47511.337239583336,89687425.33333333
435,8893,5.3120756,0.3333333333333333,0.1801483303849719,-47293.529947916664,105661338.66666667
436,8927,80.32391,0.38235294117647056,-0.05,-47912.49322150735,83524899.88235295
437,8942,32.424618,0.3333333333333333,0.28249513146269706,-48042.92395833333,84968899.2
438,8952,21.164738,0.6,0.15282887191822986,-48423.289453125,86028568.8
439,8961,20.628696,0.4444444444444444,0.09425350973585066,-47369.092881944445,78241243.1111111
440,8967,12.629098,0.3333333333333333,0.26373082721937846,-47508.453125,80123238.66666667
441,8971,5.641465,0.25,0.051869106543280016,-47718.3359375,75483510.0
442,8993,49.30866,0.7727272727272727,0.16613185726809776,-47317.57421875,82089409.81818181
443,9002,20.883144,0.5555555555555556,0.0007454373524533459,-47368.776475694445,82573077.33333333
444,9015,29.446104,0.5384615384615384,0.16781922234229296,-47462.03846153846,80101056.0
445,9024,19.2425,0.3333333333333333,0.2967195935846874,-46819.311197916664,91233744.0
446,9124,199.77719,0.76,0.7469933414613669,-47206.77109375,85044536.32
447,9224,242.69798,0.42,0.8668439008085442,-46986.4741015625,84990477.92
448,9324,200.02672,0.82,0.9573866511556538,-47387.562421875,90704738.92
449,9333,25.547392,0.3333333333333333,0.22517569196744391,-48392.682291666664,81407802.22222222
450,9351,43.324154,0.3333333333333333,-0.05,-48592.90798611111,84611325.77777778
451,9383,73.42508,0.5625,-0.007698973192464903,-48692.736328125,82979239.5
452,9410,52.25904,0.6296296296296297,0.13729512249829662,-47802.29079861111,91442451.4074074
453,9433,51.526596,0.5652173913043478,-0.014911630606069606,-48505.287703804344,88004647.82608695
454,9461,65.72728,0.6071428571428571,0.2900102211449377,-48566.8125,94788387.85714285
455,9497,81.84775,0.4722222222222222,-0.01783083502944781,-48646.832899305555,94148174.1111111
456,9512,34.563698,0.4,0.14254733525106017,-49038.467447916664,86474740.26666667
457,9519,13.584976,0.5714285714285714,0.19537610233920832,-48494.79408482143,85128360.57142857
458,9619,218.60754,0.69,1.0,-48418.34703125,89756946.44
459,9624,14.408593,0.6,0.14187874764598002,-48342.490625,77991049.6
460,9630,10.661167,0.8333333333333334,0.2542208402985969,-48259.393880208336,107368286.66666667
461,9645,43.802013,0.3333333333333333,0.05110068413597206,-48171.198958333334,81230459.73333333
462,9655,23.827642,0.5,0.16042326367900406,-47917.454296875,87890810.4
463,9755,216.52396,0.59,0.7761706355281398,-47988.418046875,90180409.64
464,9775,55.884064,0.7,0.061941966226048153,-48137.7345703125,87973360.2
465,9852,166.30078,0.6623376623376623,0.16699159063115732,-47974.241781655845,87661829.24675325
466,9864,25.80639,0.5,0.057859389231313854,-48497.7568359375,86580622.66666667
467,9875,25.125303,0.2727272727272727,0.0987003095551927,-47240.609375,112308576.72727273
468,9975,212.39517,0.69,0.8947483322815185,-47834.94703125,87756453.64
469,9984,18.446722,0.4444444444444444,0.26555296449432736,-48236.088541666664,101028442.66666667
470,10084,204.074,0.7,0.9976978141031686,-47696.6923046875,87916559.72
471,10170,202.90697,0.4883720930232558,0.2156803261298869,-47714.21875,83963848.93023255
472,10191,52.78665,0.47619047619047616,0.14824814418815307,-47787.32886904762,87679464.0
473,10252,131.8334,0.5737704918032787,0.13173797392591746,-47291.71682889344,84328616.91803278
474,10265,28.603897,0.38461538461538464,0.08235121297085944,-47357.18569711538,88312726.15384616
475,10281,32.466686,0.3125,-0.044685384175240934,-47573.2587890625,91531627.25
476,10381,205.88898,0.65,0.9075542436792203,-47143.991875,81504768.72
477,10423,104.50316,0.42857142857142855,0.11453150836925684,-47086.96186755953,80694901.90476191
478,10447,60.668293,0.5833333333333334,0.20329942323351147,-46807.64404296875,85281810.83333333
479,10470,53.649902,0.5652173913043478,0.2991234812369991,-47016.325577445656,74058910.95652173
480,10478,22.76388,0.375,0.05835155087637427,-47109.73974609375,83080206.5
481,10500,52.589108,0.45454545454545453,0.19519090251631727,-47220.357244318184,81556825.27272727
482,10513,38.618946,0.46153846153846156,-0.05,-47202.44350961538,75187264.3076923
483,10540,72.47795,0.4444444444444444,-0.03397540183362384,-46437.237413194445,85004023.85185185
484,10569,77.106415,0.41379310344827586,0.04673377665255388,-46270.67012392241,89199745.93103448
485,10581,25.492407,0.5833333333333334,0.02997298546718491,-45254.255859375,88031143.33333333
486,10610,75.140045,0.3793103448275862,-0.05,-46396.398302801725,86480157.79310344
487,10676,150.85324,0.5606060606060606,0.1613381919182829,-48246.518880208336,90060400.66666667
488,10776,220.1981,0.63,0.8664362971447518,-51404.06875,107016014.72
489,10794,49.9449,0.3888888888888889,-0.05,-50765.27191840278,105734697.33333333
490,10894,211.66606,0.66,0.8994532943037599,-51771.79125,102394069.44
491,10967,160.83087,0.4520547945205479,0.111033846442058,-51471.300406678085,98070262.6849315
492,11067,202.816,0.67,0.8662990999014478,-52210.4846875,94255997.44
493,11144,180.97427,0.45454545454545453,-0.05,-52793.572443181816,99277521.50649351
494,11160,41.95205,0.5,-0.05,-52704.769775390625,104468766.75
495,11182,60.389515,0.5,0.0926506373584302,-52825.1328125,100376009.0909091
496,11282,213.05429,0.48,0.7891043293068782,-53222.9793359375,101426049.16
497,11312,77.28178,0.5,0.05,-53099.070572916666,98105383.06666666
498,11412,220.76646,0.53,0.42980017651777674,-53597.7565234375,102594352.8
499,11420,16.799318,0.625,0.1345445575849642,-53706.25048828125,88958655.5
500,11430,24.218105,0.5,0.0918129806006625,-53385.4953125,88681894.4
501,11530,200.61566,0.65,0.9297910522283397,-53381.537421875,99474413.52
502,11544,36.5891,0.2857142857142857,0.18440687433900105,-52488.738002232145,113497121.14285715
503,11583,99.481895,0.46153846153846156,0.015802683516946275,-53118.48537660256,96980876.20512821
504,11594,28.951859,0.45454545454545453,0.17313122414525917,-53421.177556818184,94266566.54545455
505,11640,94.30646,0.5217391304347826,0.010520865042220079,-53083.54679008152,105977628.69565217
506,11645,13.389861,0.8,0.17226920338339874,-53561.69140625,86557353.6
507,11703,131.36377,0.5344827586206896,0.19718426287587693,-53521.37917564655,95458753.2413793
508,11803,203.83827,0.64,1.0,-53441.636328125,98578384.2
509,11812,25.64476,0.1111111111111111,-0.05,-53789.524305555555,92958654.66666667
510,11869,137.91728,0.543859649122807,0.03644705781849468,-53086.40344024123,100316572.3508772
511,11877,20.912424,0.5,0.18231264237713213,-52955.0283203125,102054653.0
512,11889,25.646873,0.3333333333333333,0.28002076160871325,-52862.782877604164,106242604.66666667
513,11899,25.711325,0.5,0.1881027445095016,-52726.241015625,106296488.8
514,11999,202.91014,0.61,0.9806168599367416,-53074.5713671875,101625424.24
515,12050,128.62628,0.43137254901960786,-0.015300480503655817,-53019.47280943627,100192054.66666667
516,12115,157.83492,0.47692307692307695,-0.03791651851458329,-52943.53221153846,103636551.26153846
517,12215,204.56483,0.64,1.0,-53091.86578125,100932613.44
518,12232,37.88366,0.5882352941176471,0.18507475685445834,-52829.34466911765,101002984.0
519,12332,202.54974,0.68,0.9228562442473675,-52937.994609375,99829784.88
520,12341,18.022625,0.4444444444444444,0.2784957604147328,-52788.498697916664,80032853.77777778
521,12353,25.854055,0.4166666666666667,0.11264201115645954,-53333.610677083336,89492610.0
522,12361,16.957176,0.5,0.18084790640278747,-53771.86181640625,90778603.0
523,12377,36.169678,0.625,0.15565518080527063,-53313.833740234375,96677028.0
524,12383,13.417116,0.3333333333333333,0.01052417137793843,-52028.205078125,119160124.0
525,12401,44.563652,0.2777777777777778,0.030393976770644676,-53031.32378472222,92796575.1111111
526,12501,192.01793,0.74,0.9474120977263776,-52920.8499609375,101510570.88
527,12601,204.59955,0.68,0.31354199539830446,-52529.02640625,97088726.72
528,12627,66.476,0.5,0.008921272993261883,-52624.61117788462,92573664.76923077
529,12683,112.73535,0.5714285714285714,0.19376685532539356,-52845.81089564732,95234244.35714285
530,12713,84.89659,0.5333333333333333,0.042905620969230104,-52796.51640625,94336345.33333333
531,12813,204.93715,0.54,0.9781646005175959,-52563.960234375,96153606.2
532,12832,49.782684,0.42105263157894735,0.0999605211068434,-52755.85505756579,97518677.05263157
533,12900,145.94212,0.5588235294117647,0.17726953802158327,-52480.13470818015,95041109.41176471
534,12927,72.012924,0.4444444444444444,0.14761745536850507,-52166.0931712963,92875076.5925926
535,12931,11.634615,0.75,0.07665178569952678,-51682.24609375,93585516.0
536,12964,84.02323,0.48484848484848486,0.0,-52366.09067234849,94163546.06060606
537,12973,19.634815,0.5555555555555556,0.2361532214087514,-51643.23090277778,90150563.55555555
538,12981,20.992847,0.375,0.13756771756562858,-51851.33544921875,108879176.0
539,13081,204.81177,0.69,0.4811850815057281,-52066.9753515625,90597702.04
540,13093,31.240307,0.4166666666666667,0.0036948655522340557,-52361.544270833336,88866008.0
541,13127,73.05649,0.7941176470588235,0.15749430281545004,-52017.87362132353,94098099.76470588
542,13150,60.826508,0.5652173913043478,0.022448103620457772,-52122.350373641304,94851857.04347827
543,13167,36.88517,0.23529411764705882,0.15,-52010.16773897059,101481878.11764705
544,13192,57.925587,0.52,0.08011812572487366,-51392.24328125,92454406.08
545,13278,196.72519,0.5,0.057957435382616246,-51359.22011264535,90275203.86046511
546,13281,7.216639,0.6666666666666666,0.11148736314608544,-52386.791666666664,88791509.33333333
547,13299,49.837513,0.6111111111111112,-0.05,-51777.362413194445,87684999.33333333
548,13340,84.2545,0.6097560975609756,0.16078378423780074,-51398.92368521341,84771844.0
549,13440,208.68758,0.6,0.3863979787898331,-51092.675234375,92102224.2
550,13446,12.477368,0.5,0.29173150294383365,-50713.238932291664,80499830.66666667
551,13458,24.195633,0.5,0.2671024776330525,-51355.243489583336,97242086.0
552,13464,11.678503,0.3333333333333333,0.13080276874397911,-50741.906901041664,97771783.33333333
553,13485,47.815434,0.6190476190476191,0.003577980562418981,-50471.11030505953,90627873.90476191
554,13585,221.55635,0.48,0.5578536209739022,-50682.97125,82586249.92
555,13685,196.27757,0.65,0.736486020463041,-50330.359453125,80881625.32
556,13785,231.801,0.53,0.37559572374892397,-50490.3591796875,84539925.76
557,13885,192.81657,0.69,0.8036883322662287,-50362.884375,82927030.16
558,13985,197.33289,0.69,0.9291782767362946,-50093.668203125,87822084.08
559,14085,192.40947,0.62,1.0,-50128.36265625,81012653.48
560,14092,17.332333,0.42857142857142855,-0.05,-49017.493861607145,82027096.0
561,14160,146.94763,0.6029411764705882,0.007302144974825883,-50011.41251148897,81530038.52941176
562,14260,203.4477,0.57,0.6601137728567702,-49652.0615625,78172491.68
563,14274,28.78082,0.6428571428571429,0.2571261348557986,-49546.52483258928,78713718.57142857
564,14282,16.412895,0.625,0.013995130483186333,-49452.9580078125,83930030.0
565,14375,180.4681,0.7204301075268817,0.16495701745668245,-49629.71778393817,79697200.04301076
566,14475,196.42976,0.65,0.6067644428642298,-49149.2769921875,78965888.36
567,14567,166.85086,0.6630434782608695,0.054835477149623474,-50573.28507133152,92899168.6521739
568,14593,53.109856,0.46153846153846156,0.05898720091707689,-53228.88206129808,108054317.07692307
569,14600,16.42176,0.2857142857142857,0.08723430881429427,-53212.740513392855,115185754.28571428
570,14690,179.33649,0.6444444444444445,0.15728065414811399,-52651.90060763889,104193608.13333334
571,14771,193.50848,0.5802469135802469,0.056110319292442826,-53389.62654320987,96903164.74074075
572,14792,48.012627,0.47619047619047616,0.06912703182447831,-53847.87034970238,107380382.47619048
573,14798,13.359432,0.3333333333333333,-0.0052628044088966555,-53192.597005208336,97223277.33333333
574,14813,34.508694,0.5333333333333333,0.1432611219249107,-52342.83385416667,106266249.06666666
575,14820,16.516447,0.2857142857142857,0.16413634853127074,-53051.02734375,90764268.57142857
576,14830,24.98524,0.5,0.040075537044046095,-52469.078515625,98347211.2
577,14846,40.281235,0.375,-0.05,-53291.92138671875,100245687.5
578,14946,194.70741,0.57,0.7542822581668592,-52436.670546875,95912726.12
579,15046,189.98132,0.65,0.9633351938795311,-52438.4658203125,100447070.68
580,15146,188.12807,0.61,0.99837972729361,-52660.7381640625,93373109.6
581,15158,24.85147,0.75,0.15390023529337488,-51668.177083333336,92296010.33333333
582,15169,23.736374,0.5454545454545454,-0.05,-52436.829900568184,82067334.54545455
583,15180,22.07566,0.7272727272727273,0.15290585135060086,-51907.346235795456,78754421.81818181
584,15189,18.59063,0.6666666666666666,0.2157577583591455,-52287.40842013889,90294359.1111111
585,15289,190.36862,0.66,0.831457857169861,-52469.0537890625,91339533.04
586,15318,81.66229,0.5172413793103449,-0.029670839163252603,-52579.06357758621,89263160.13793103
587,15418,192.87297,0.67,1.0,-52404.1000390625,94119498.44
588,15518,210.54361,0.53,0.8201114888395047,-52338.1846484375,91593260.52
589,15585,149.11018,0.44776119402985076,0.020786117833959686,-52500.44088152985,83062006.92537314
590,15593,8.794047,0.625,-0.05,-52554.2998046875,104953739.0
591,15693,157.62267,0.76,0.8795740581049656,-52441.521015625,90474848.04
592,15793,184.02988,0.6,0.6969939146128399,-52153.7425,92070391.84
593,15893,180.4159,0.76,0.8023281414621471,-52302.427890625,86927077.56
594,15901,16.000744,0.5,0.02181544815903498,-52605.67626953125,89624057.5
595,15925,47.824837,0.75,0.16988049968528363,-51863.500162760414,91632037.16666667
596,16025,163.46008,0.77,1.0,-52292.9788671875,86480933.68
597,16029,8.457474,0.5,0.2929174665117859,-53043.6376953125,79525650.0
598,16087,128.26367,0.6379310344827587,-0.011779074442151823,-52124.33883351293,85202262.8275862
599,16103,34.419445,0.3125,0.17891646609172074,-51680.2412109375,88932741.25
600,16203,199.99626,0.58,0.4534003722147579,-52010.5567578125,87633340.96
601,16215,26.395433,0.3333333333333333,0.1677477607800073,-54875.144205729164,108792935.33333333
602,16281,151.00012,0.5303030303030303,0.15238744166092977,-60748.099786931816,150703763.5151515
603,16331,136.91985,0.5,0.1888889037184957,-61536.31328125,150412613.28
604,16343,32.36443,0.5,0.12666638958840026,-61505.412434895836,136586940.66666666
605,16375,87.88763,0.40625,0.0,-61221.732421875,141210689.75
606,16475,155.60738,0.72,1.0,-60431.6316796875,133431886.48
607,16575,151.25067,0.78,1.0,-59711.5258203125,123431552.64
608,16606,81.928894,0.5483870967741935,0.13862194648864246,-61280.31451612903,133190179.09677419
609,16621,41.692238,0.4666666666666667,-0.019463685067561076,-61478.0015625,135400327.46666667
610,16665,96.10012,0.5,0.0661930002095582,-61950.66042258523,124555503.45454545
611,16669,9.444862,0.5,0.29624951764896534,-59791.8671875,125958728.0
612,16701,61.998383,0.46875,0.16367755431539077,-62307.19445800781,126653290.75
613,16731,68.90275,0.6,0.2361020732448495,-61833.861588541666,124528717.6
614,16811,179.41504,0.5625,0.0,-61899.83579101563,129653197.1
615,16827,31.963036,0.5,0.04378822371895168,-61534.534423828125,116723352.0
616,16853,61.024654,0.6538461538461539,0.2266227479289119,-61923.20492788462,119897023.6923077
617,16906,114.6024,0.5094339622641509,0.04202790257277596,-61566.001179245286,120366426.86792453
618,17006,163.04126,0.76,0.9898174918550106,-62329.767265625,124312883.52
619,17106,224.82747,0.54,0.6732743602705009,-62248.028828125,123353673.0
620,17206,189.87674,0.62,0.661024099544307,-62323.5632421875,124795463.28
621,17220,29.11494,0.5,0.18463461370848727,-61834.26953125,138678465.14285713
622,17314,222.80798,0.425531914893617,0.04799939279922634,-62646.49808843085,127228708.59574468
623,17411,199.7859,0.5360824742268041,-0.05,-64189.179768041235,127352949.44329897
624,17427,45.499756,0.625,0.08530175017403462,-63572.743896484375,128013123.5
625,17527,185.18509,0.69,0.6419289611407212,-65310.3605078125,136140809.44
626,17627,231.04643,0.59,0.45594064870819456,-79824.92890625,227136325.44
627,17639,28.075724,0.5,0.121774986347203,-80681.51236979167,226037217.33333334
628,17665,58.820503,0.6153846153846154,0.19104129588891294,-81543.18629807692,235403276.6153846
629,17681,45.36266,0.5625,-0.03130188741454859,-81244.12060546875,238572090.0
630,17724,43.64747,0.5348837209302325,0.0668543384609052,-80947.55287063954,240750427.1627907
631,17800,177.67575,0.4605263157894737,-0.05,-80612.45034950657,247375838.9473684
632,17817,19.691793,0.47058823529411764,0.1617423174076164,-79776.25551470589,223321463.52941176
633,17824,15.363148,0.42857142857142855,0.1434270429068375,-79782.03571428571,258351538.2857143
634,17879,57.50512,0.5636363636363636,0.11419291756689366,-79206.44275568181,258709852.5090909
635,17890,24.507126,0.5454545454545454,0.031442424164565316,-79540.81605113637,228816936.72727272
636,17910,34.22751,0.25,-0.05,-79619.808984375,235388212.0
637,17917,16.98428,0.14285714285714285,0.1864639783252901,-80698.48995535714,233623552.0
638,17927,22.049496,0.4,0.1629907876759334,-79740.21796875,269483201.6
639,18027,152.7272,0.61,0.5458723475754266,-82205.082734375,294461415.68
640,18043,11.36062,0.375,0.15737657103191632,-84852.025390625,292643826.0
641,18143,229.47867,0.58,0.678130636704766,-84700.9015625,280388756.8
642,18161,37.708195,0.4444444444444444,-0.05,-84284.59244791667,278848860.4444444
643,18168,16.163172,0.42857142857142855,0.26103839428917985,-85221.40401785714,319230057.14285713
644,18224,110.03169,0.625,0.0,-89672.09207589286,344080696.28571427
645,18285,135.927,0.4426229508196721,0.019371225903128696,-90891.96477971312,336643377.57377046
646,18365,56.101215,0.5,0.019292724610014758,-90548.80693359375,339253148.6
647,18370,8.912451,0.0,0.0746646364537251,-93226.1578125,281231040.0
648,18414,98.879395,0.5227272727272727,0.05436937254720563,-91334.10955255682,356664933.45454544
649,18436,48.480064,0.5,0.12984167800067342,-91612.83096590909,308010450.1818182
650,18484,108.848236,0.4583333333333333,0.0931218214560827,-92181.78629557292,348851238.6666667
651,18509,56.800907,0.32,0.1773975709637332,-92731.2634375,353962014.72
652,18520,23.196808,0.45454545454545453,0.11645574641666996,-94322.57741477272,345641764.3636364
653,18549,52.77395,0.4482758620689655,-0.05,-93107.0625,335784914.20689654
654,18585,73.666046,0.5277777777777778,0.019562082223179247,-93900.99522569444,348718910.2222222
655,18594,20.526466,0.7777777777777778,-0.05,-97104.23263888889,375890965.3333333
656,18607,18.99692,0.6153846153846154,0.15238491182778796,-97316.39483173077,334140507.0769231
657,18615,17.402098,0.625,0.16250573924934408,-98695.0283203125,391483540.0
658,18626,23.625671,0.45454545454545453,0.27671641575072764,-98447.48153409091,391579662.54545456
659,18722,212.96173,0.5729166666666666,0.08410182909357707,-97996.71036783855,355290035.3333333
660,18744,47.682644,0.5909090909090909,0.1680003897065137,-97521.34090909091,388973440.0
661,18760,39.25063,0.625,-0.05,-99399.4619140625,392661044.0
662,18770,19.138552,0.3,0.0569764230720881,-106622.94140625,457553321.6
663,18783,20.811005,0.6923076923076923,0.15697711819837196,-109089.15564903847,476501137.2307692
664,18791,6.0310497,0.625,0.17923016740201625,-110307.4296875,507244092.0
665,18855,115.547134,0.546875,0.0671219766955789,-105874.6103515625,456740672.5
666,18865,4.1035705,0.4,0.07342230841562776,-104844.0765625,452205334.4
667,18869,7.9894004,0.5,0.23977177774023578,-108562.345703125,376299088.0
668,18913,102.557816,0.5227272727272727,-0.05,-105871.90767045454,462789048.0
669,18941,25.019287,0.39285714285714285,0.04864182975419558,-105301.89285714286,415764054.28571427
670,18962,12.444691,0.5714285714285714,0.018739423826423338,-106188.65587797618,428884086.0952381
671,18975,28.666542,0.46153846153846156,0.20545004202269496,-105475.52103365384,446661454.7692308
672,18995,39.08136,0.6,0.1991955764209915,-104155.694140625,438387833.6
673,19030,41.28236,0.4,0.12026559876194397,-105383.4203125,433094189.71428573
674,19084,100.24125,0.5740740740740741,0.10642195563334199,-105210.35763888889,414252997.6296296
675,19095,7.5331287,0.2727272727272727,0.1584950764699622,-107816.07173295454,428087648.0
676,19104,21.463053,0.5555555555555556,0.27485613078328475,-105266.875,453895207.1111111
677,19125,41.9899,0.5238095238095238,0.09786090723602368,-105314.28050595238,458769278.47619045
678,19151,52.09312,0.5,0.15895203944975422,-105332.58143028847,430874255.38461536
679,19190,79.01321,0.5128205128205128,0.1431025585960049,-106505.38802083333,438464528.4102564
680,19205,30.737268,0.8,0.2034827162653775,-105120.37864583333,448517384.53333336
681,19222,25.624437,0.5294117647058824,-0.030778521689993628,-106633.64522058824,426704800.0
682,19245,25.283855,0.6086956521739131,0.06165075183992409,-106597.74116847826,437732843.1304348
683,19281,76.6753,0.4166666666666667,-0.05,-106057.80707465278,457591578.6666667
684,19296,30.64385,0.7333333333333333,0.17318938145901358,-107399.11510416666,398868174.93333334
685,19336,78.91845,0.625,0.13774369709100243,-106720.5509765625,409189570.0
686,19347,20.661062,0.45454545454545453,0.23453022299935783,-106516.58664772728,441249032.72727275
687,19366,41.454456,0.21052631578947367,0.15065163362714762,-107123.0349506579,413146433.68421054
688,19419,106.09478,0.5283018867924528,0.12310367643119328,-106322.25471698113,415042833.509434
689,19454,33.40331,0.6,-0.03035147456345541,-106280.5872767857,417793964.8
690,19521,137.12112,0.3582089552238806,0.057341220705244375,-106922.34876399254,440703905.4328358
691,19541,41.15717,0.5,0.10838167764088279,-106299.651953125,434032532.8
692,19551,22.307375,0.5,-0.05,-106050.55390625,428375555.2
693,19651,210.51979,0.46,0.8842158275090034,-106553.8490625,429508839.84
694,19669,36.91562,0.5555555555555556,0.04389902685484462,-113167.0625,505928712.8888889
695,19692,32.743988,0.34782608695652173,-0.05,-118006.00951086957,549596674.7826087
696,19712,45.518288,0.3,-0.015242978737302779,-120526.79375,599626392.0
697,19719,14.927639,0.7142857142857143,0.12363122600775485,-120783.3515625,516812713.14285713
698,19737,39.20632,0.4444444444444444,-0.04330855316810752,-120594.20659722222,608673948.4444444
699,19743,13.396542,0.16666666666666666,0.04851469873828247,-119305.52734375,579737909.3333334
700,19805,116.32368,0.6451612903225806,0.1271337238908426,-119132.79120463709,567159197.9354838
701,19823,39.117252,0.5555555555555556,0.02151759015871907,-120073.80338541667,572357950.2222222
702,19837,27.875782,0.35714285714285715,-0.05,-116699.76841517857,501886569.14285713
703,19858,41.47805,0.42857142857142855,-0.018843970339907132,-117959.39806547618,525550104.38095236
704,19863,2.1074755,0.6,0.14487851372979038,-117371.26875,539410720.0
705,19875,24.039965,0.5,-0.02913180530568582,-120238.55013020833,506333130.6666667
706,19881,14.220824,0.3333333333333333,0.0927657305965821,-116733.95442708333,652090922.6666666
707,19917,69.83301,0.6388888888888888,-0.022248318111973628,-117746.990234375,553362126.2222222
708,19922,10.720182,0.4,0.11100533388279042,-116157.928125,659019712.0
709,19989,135.58241,0.47761194029850745,0.09534214898081504,-117514.19939365672,531331438.32835823
710,20062,73.661255,0.6027397260273972,0.1693627080260368,-117885.43097174658,508922020.82191783
711,20100,64.16431,0.42105263157894735,-0.05,-118759.00925164473,529903958.7368421
712,20107,9.092677,0.42857142857142855,0.059834129682581796,-118515.11049107143,543584964.5714285
713,20117,14.93851,0.7,-0.05,-120694.58203125,510870505.6
714,20131,2.7258575,0.2857142857142857,0.05277585054910726,-120803.73939732143,522552811.4285714
715,20146,-7.849354,0.4666666666666667,-0.05,-123476.40364583333,545071808.0
716,20155,6.3906865,0.4444444444444444,0.12063675116772267,-125576.11197916667,592418887.1111112
717,20171,31.33767,0.5625,0.28855382333500174,-124198.3662109375,657857468.0
718,20232,110.85399,0.5901639344262295,0.03145780971342203,-125226.52548668033,616466110.9508197
719,20332,189.97934,0.56,0.95,-127142.52578125,609132979.84
720,20432,219.55037,0.61,0.7368681602362139,-147241.496953125,919652426.88
721,20444,28.061337,0.4166666666666667,0.05,-157007.890625,1113696853.3333333
722,20449,13.295453,0.6,0.1936592534664353,-153511.559375,1089814579.2
723,20460,25.875853,0.5454545454545454,0.11650903469715075,-157903.04829545456,1082326167.2727273
724,20467,7.9616175,0.42857142857142855,0.1729141954579086,-156305.859375,944701238.8571428
725,20479,28.421535,0.3333333333333333,0.14549325039941574,-159375.27994791666,1102590165.3333333
726,20501,48.347057,0.3181818181818182,0.17807956232191902,-161253.9765625,1050090685.0909091
727,20531,68.32591,0.5,0.29514157138168123,-158712.0578125,1050348843.7333333
728,20560,70.12008,0.4482758620689655,-0.05,-157841.50862068965,964546438.6206896
729,20569,7.6455445,0.6666666666666666,0.13246979912688983,-156908.41319444444,980405589.3333334
730,20577,18.665613,0.5,0.08164237300033177,-157687.970703125,995482296.0
731,20620,92.273346,0.5813953488372093,0.2888237897191536,-156136.88808139536,1044028923.5348837
732,20664,104.15593,0.5,0.04307316833103497,-157173.14026988635,1049081985.4545455
733,20676,9.222002,0.5833333333333334,0.18134125887343555,-155244.2421875,1124697962.6666667
734,20693,39.0,0.35294117647058826,0.11940610547915036,-157016.71139705883,1067085191.5294118
735,20715,48.086452,0.6363636363636364,0.2830735964557204,-156149.4296875,1003882327.2727273
736,20718,6.8461432,1.0,0.1199386009885849,-156211.484375,779991232.0
737,20752,64.16672,0.6176470588235294,-0.05,-156639.3768382353,1084393818.3529413
738,20759,15.624483,0.42857142857142855,0.2726145197050511,-159023.2767857143,1174051437.7142856
739,20800,81.24324,0.5365853658536586,0.06997456466886062,-159124.31478658537,1054691265.5609756
740,20843,89.15897,0.46511627906976744,0.29317809190570315,-158373.67369186046,1052756301.3953488
741,20854,11.8790865,0.8181818181818182,-0.049400502837248644,-161717.36647727274,1010781550.5454545
742,20859,9.880117,1.0,0.1787991968309094,-162088.65625,1010253683.2
743,20866,2.4152057,0.2857142857142857,0.04987986686491562,-159219.703125,901434450.2857143
744,20869,3.0810459,0.6666666666666666,0.12055195109623064,-161176.671875,1071971114.6666666
745,20928,107.844826,0.5423728813559322,0.1610481865849952,-156943.65174788135,1101358625.6271186
746,20945,37.205017,0.4117647058823529,0.07781721564788917,-158208.24356617648,1084617351.5294118
747,20947,4.3616524,0.5,0.23729832013922486,-156578.8828125,1025833664.0
748,21037,162.93773,0.5333333333333333,0.10285433910655643,-158069.64270833333,1011524615.1111112
749,21137,180.58713,0.67,1.0,-159551.10421875,961858822.72
750,21237,220.53949,0.54,0.4927453588339544,-159594.3721875,964621465.92
751,21266,63.395973,0.5172413793103449,0.24581989991627262,-161373.25,1096344726.0689654
752,21308,85.524864,0.6190476190476191,0.08955618817081057,-160818.47061011905,1009558392.3809524
753,21349,74.862076,0.6341463414634146,0.09502650231488326,-162560.44512195123,1096187518.4390244
754,21374,45.74189,0.6,0.15166006016413297,-164991.619375,967746275.84
755,21445,157.2385,0.5633802816901409,0.08025843615265794,-168525.64920774646,1113078358.084507
756,21461,28.229858,0.6875,0.061541360689175664,-171932.0322265625,1183280672.0
757,21476,32.003895,0.4,0.05079713940015519,-173126.43333333332,1198989781.3333333
758,21509,70.58333,0.5454545454545454,0.08214265692017562,-172633.02793560605,1106818722.909091
759,21514,10.755325,0.4,0.07291194529254894,-169082.609375,1153767884.8
760,21530,7.816941,0.5625,0.19991649043316267,-169801.263671875,1144757704.0
761,21552,19.905807,0.4090909090909091,-0.05,-171465.0234375,1290968055.2727273
762,21652,177.5042,0.71,0.8348869261741063,-168754.9271875,1162568451.2
763,21661,17.040327,0.5555555555555556,0.23753580143462355,-162338.85590277778,1019673173.3333334
764,21673,5.220922,0.5833333333333334,-0.05,-167192.703125,1302420314.6666667
765,21700,56.52372,0.37037037037037035,-0.0029382270608721145,-168160.13888888888,1186241867.851852
766,21724,15.406856,0.5833333333333334,0.1429648975021982,-170660.26236979166,1177915368.0
767,21733,8.666007,0.3333333333333333,0.13025496516566348,-170836.328125,1058039448.8888888
768,21781,39.84134,0.6041666666666666,0.19717086054300864,-171412.1103515625,1099081614.6666667
769,21788,14.323605,0.7142857142857143,0.1752301775096946,-169231.95535714287,1095799524.5714285
770,21797,20.79782,0.2222222222222222,-0.05,-171407.98958333334,1209835221.3333333
771,21815,36.68127,0.6666666666666666,0.17649916400961496,-172344.90798611112,1402136892.4444444
772,21818,3.8495038,0.3333333333333333,0.15061229198124498,-170818.45833333334,1447142272.0
773,21916,208.59514,0.5918367346938775,-0.05,-173761.76259566325,1226172395.7551022
774,21925,21.042652,0.6666666666666666,0.12595094722460853,-174560.296875,1599696924.4444444
775,21945,14.352393,0.7,0.05229359231175068,-176958.60625,1425967763.2
776,21955,6.2849035,0.3,0.04686339930044242,-188099.8015625,1662938291.2
777,22055,158.12296,0.79,0.703643487804724,-198077.29296875,1741186575.36
778,22064,19.238424,0.3333333333333333,0.1630427395436822,-202926.57638888888,1857812622.2222223
779,22123,81.17655,0.576271186440678,-0.05,-208551.23861228814,1952057793.0847456
780,22150,48.5768,0.4074074074074074,-0.05,-212629.37615740742,2243391492.740741
781,22166,31.362528,0.3125,-0.04168045062556906,-213415.400390625,1978468120.0
782,22178,24.644173,0.08333333333333333,-0.05,-211816.92838541666,2137287509.3333333
783,22207,55.702366,0.6551724137931034,0.163891441535502,-214453.9865301724,1859747376.5517242
784,22227,35.191204,0.3,0.21823484957228023,-215667.6140625,1985947587.2
785,22239,22.401285,0.5833333333333334,0.06478376566229592,-214713.28125,2248444053.3333335
786,22248,8.6615095,0.5555555555555556,0.1452324909691458,-212445.11284722222,2290440419.5555553
787,22261,27.940844,0.3076923076923077,0.04682432749779253,-209562.53004807694,2324701134.769231
788,22282,48.608303,0.6190476190476191,-0.05,-209113.4575892857,2068355846.0952382
789,22288,10.737331,0.0,0.17997680735315363,-209841.0078125,2237255914.6666665
790,22298,7.355318,0.5,0.16087076513001947,-211182.2453125,2068171443.2
791,22317,8.75219,0.42105263157894735,-0.05,-212405.64309210525,2266466748.631579
792,22324,6.2278666,0.5714285714285714,0.13325815839090555,-214469.9732142857,1989864484.5714285
793,22332,22.19039,0.375,-0.05,-213312.267578125,2381731408.0
794,22346,24.870575,0.42857142857142855,-0.05,-211479.69308035713,2181989558.857143
795,22359,26.582125,0.38461538461538464,0.19356465384896782,-210546.15745192306,2188079419.076923
796,22373,24.45424,0.35714285714285715,-0.0342819984683421,-211848.5390625,2321768384.0
797,22411,81.54265,0.3157894736842105,-0.014297327417092241,-211888.08511513157,2006739098.9473684
798,22435,49.784546,0.5833333333333334,-0.05,-214201.87825520834,2135205914.6666667
799,22443,15.832913,0.625,0.19631828962101144,-216319.1640625,1615708928.0
800,22450,4.2952404,0.42857142857142855,0.09321053385287507,-214731.00892857142,2213261147.428571
801,22467,33.703857,0.5882352941176471,0.004430442513504128,-212722.64154411765,1965458176.0
802,22475,17.991627,0.5,-0.05,-214806.16796875,1927805936.0
803,22499,12.264285,0.4166666666666667,-0.04986866523127731,-215234.828125,2027676693.3333333
804,22506,13.77772,0.5714285714285714,0.05208893208427312,-218932.80357142858,1861296018.2857144
805,22524,4.515656,0.2777777777777778,-0.0082928326905325,-217965.95486111112,2242572593.7777777
806,22533,17.853037,0.7777777777777778,0.16366528310131273,-220498.76215277778,2358050688.0
807,22565,76.03023,0.46875,0.007216808628048438,-223653.34716796875,2358814976.0
808,22584,12.567547,0.3684210526315789,-0.00808771545200513,-226258.1208881579,2380858475.7894735
809,22594,20.103256,0.3,0.18360455301202466,-225837.5171875,2033570521.6
810,22610,28.347702,0.375,-0.05,-226816.6337890625,2197377696.0
811,22620,21.27637,0.6,0.1311864951422141,-230815.440625,2134625024.0
812,22635,32.4191,0.4,0.03199816992677455,-226329.56041666667,2324925730.133333
813,22672,80.76793,0.4864864864864865,0.0593067765684739,-222338.91976351352,2191635165.4054055
814,22700,16.119827,0.35714285714285715,-0.05,-224311.02511160713,2068161389.7142856
815,22772,153.55167,0.5138888888888888,0.08979711269477152,-228127.77430555556,2155337688.0
816,22811,73.71928,0.48717948717948717,0.14840163359391517,-227023.02884615384,2444541952.0
817,22819,4.4072986,0.75,0.19249582523578707,-226036.982421875,2605332848.0
818,22845,55.2543,0.6153846153846154,0.08948349583874861,-224609.17427884616,2193113063.3846154
819,22945,184.92778,0.66,1.0,-232576.02953125,2408374080.0
820,22965,30.228079,0.4,0.016528272456799206,-234580.3078125,2320601747.2
821,22979,28.851755,0.5714285714285714,0.13693284985877024,-233631.94754464287,2175593266.285714
822,23001,30.368124,0.5909090909090909,0.14788763769364077,-234071.40411931818,2394186792.7272725
823,23008,12.287176,0.5714285714285714,0.14521759493933767,-234301.34375,2682955410.285714
824,23030,48.250954,0.5,-0.05,-242210.5518465909,2667071831.2727275
825,23042,23.983843,0.3333333333333333,0.2421570961878997,-260534.76041666666,3522788373.3333335
826,23049,6.604824,0.42857142857142855,0.1779298263675339,-261705.36830357142,3403261147.428571
827,23062,31.586992,0.38461538461538464,-0.05,-264316.4471153846,3365786604.3076925
828,23072,22.7615,0.5,0.10999018095462847,-265065.0234375,3407609600.0
829,23085,27.839008,0.6153846153846154,0.04453462917649319,-266807.81129807694,3212213897.8461537
830,23101,34.383533,0.75,0.26450247668788396,-267110.1611328125,3362081808.0
831,23131,60.520126,0.43333333333333335,-0.010363125939743596,-262629.2708333333,3355458931.2
832,23140,18.435646,0.5555555555555556,0.2941614313996671,-263701.27430555556,3173866240.0
833,23158,32.615337,0.3888888888888889,-0.03550140032711345,-269224.85069444444,3218600945.7777777
834,23182,50.28085,0.25,-0.05,-264428.2727864583,3508356597.3333335
835,23188,11.936528,0.3333333333333333,0.2615619404114673,-264020.5078125,3004240768.0
836,23215,52.01044,0.4444444444444444,-0.05,-265411.4513888889,3270216177.7777777
837,23236,44.27692,0.3333333333333333,0.01598211277804311,-262544.7589285714,3406689103.2380953
838,23336,187.46512,0.59,0.7094417651871604,-264699.36859375,3087805945.6
839,23347,19.934172,0.36363636363636365,-0.04791818928071876,-259425.99573863635,3336575255.2727275
840,23355,16.96069,0.375,-0.05,-260519.13671875,3041485728.0
841,23452,196.58633,0.6494845360824743,0.10979247186990035,-264225.12226159795,3052764545.3195877
842,23473,43.182095,0.38095238095238093,0.16278607736271827,-269464.70089285716,3358255609.904762
843,23484,19.584513,0.7272727272727273,0.19417852347327125,-270970.9303977273,3322044160.0
844,23539,100.24585,0.7090909090909091,0.15022103494373978,-272530.98579545453,3232784588.8
845,23567,47.960087,0.5,0.23162068481322928,-272846.6495535714,3207550240.0
846,23613,94.436806,0.5,0.07437023401073133,-273526.38111413043,3306223204.173913
847,23626,19.491259,0.46153846153846156,0.020418163160489944,-273429.265625,3761832014.769231
848,23640,30.842808,0.5,0.0006911529143986614,-272694.7120535714,3309498605.714286
849,23686,96.82793,0.45652173913043476,0.18865114994702742,-277263.71399456525,3259043589.5652175
850,23703,30.745901,0.47058823529411764,0.22189240427686963,-276604.20220588235,3404730729.4117646
851,23715,4.674393,0.6666666666666666,0.10664141180270913,-316487.7916666667,5595362773.333333
852,23725,17.649221,0.4,0.07891063099917085,-325365.375,5065360051.2
853,23742,31.912352,0.35294117647058826,0.10201989609291438,-330935.13970588235,4957300916.705882
854,23842,168.97136,0.68,0.38480652724102676,-310750.2090625,5197219696.64
855,23856,24.908636,0.21428571428571427,0.07406003755329349,-313376.94866071426,4641114349.714286
856,23873,29.59522,0.5294117647058824,-0.010604734462442408,-315278.6286764706,5222871371.294118
857,23973,156.21034,0.73,0.9925625080729817,-312334.595,5355220508.16
858,23976,5.9638004,0.3333333333333333,0.28314611441180054,-320304.6979166667,6147383978.666667
859,24076,153.9265,0.8,0.8533529716451377,-312937.2978125,5214958110.72
860,24104,48.98565,0.6071428571428571,-0.05,-312842.47321428574,4821441426.285714
861,24114,22.650297,0.5,0.08078650952493426,-312447.884375,5343613721.6
862,24124,11.838183,0.5,0.15673316436590318,-324043.409375,4858027929.6
863,24199,74.74975,0.5466666666666666,0.19107238815550698,-319223.87625,5099781543.253333
864,24207,21.382668,0.375,0.29343719709425903,-314138.1875,5075144448.0
865,24213,6.9131145,0.5,0.09976373084463473,-320402.0625,6056877696.0
866,24219,16.378126,0.0,0.13506768575431038,-322338.515625,4868485120.0
867,24224,9.969122,0.6,0.18865805643730368,-328184.38125,5199671654.4
868,24238,17.542234,0.42857142857142855,0.03715570429255409,-313910.29464285716,5006731282.285714
869,24249,14.000965,0.45454545454545453,-0.024212659897113395,-318437.4715909091,5190998993.454545
870,24255,15.786041,0.16666666666666666,0.24693849228044273,-318915.4635416667,5142732117.333333
871,24277,21.067503,0.5909090909090909,0.18721747318749676,-319421.34801136365,5133224273.454545
872,24377,217.42421,0.55,0.322189067420187,-331298.3875,5090394332.16
873,24386,15.840373,0.2222222222222222,0.17640200743523504,-333664.59027777775,5341871672.888889
874,24486,212.43472,0.53,0.23057974920713414,-336852.9915625,5278946826.24
875,24494,8.365616,0.5,0.16828635862936797,-341160.65625,5836864672.0
876,24500,3.6924174,0.3333333333333333,0.1760453565126881,-338824.9635416667,5437678080.0
877,24562,135.53006,0.4838709677419355,0.044479202127703385,-339171.4435483871,5705491955.612904
878,24642,115.84842,0.6,0.14102257578805666,-343614.784765625,5632349788.8
879,24646,7.907315,0.75,0.07465286330583455,-357297.28125,6054971712.0
880,24667,11.679006,0.5238095238095238,0.050637194617619244,-349730.90476190473,6022888070.095238
881,24716,120.26462,0.5714285714285714,-0.02944521454755463,-351869.69515306124,6050552382.693877
882,24726,5.4012613,0.3,0.13441068353896468,-340798.6875,5722833408.0
883,24737,12.825333,0.45454545454545453,0.16154477618854596,-346256.17613636365,6361271016.727273
884,24771,76.675896,0.5294117647058824,0.05,-349537.7270220588,5549924668.235294
885,24778,15.783545,0.2857142857142857,0.24201967189796264,-350001.76339285716,5459350454.857142
886,24788,6.9920983,0.2,0.10623214903330695,-350244.221875,5598966784.0
887,24815,20.423222,0.5555555555555556,0.17689124846375515,-350938.6759259259,5424180745.481482
888,24873,124.37305,0.5344827586206896,0.05,-345367.755387931,5807737714.75862
889,24886,7.7620115,0.46153846153846156,-0.05,-350701.91346153844,6059133991.384615
890,24909,42.281548,0.5217391304347826,0.05,-353440.32608695654,6046712375.652174
891,24917,4.59891,0.375,0.15115849292447392,-355388.14453125,5993038784.0
892,24930,28.876816,0.5384615384615384,0.10604105378711952,-357209.4783653846,6574529988.923077
893,24938,17.304071,0.0,0.0181546737677014,-358180.37109375,6163306880.0
894,24940,4.534001,0.5,0.27299656907530917,-334933.4375,5693616128.0
895,24957,28.426163,0.5882352941176471,0.17193232294541294,-358298.2205882353,6290308864.0
896,24966,20.043167,0.2222222222222222,0.12644427531666685,-350169.47569444444,5479183701.333333
897,24974,-0.87645435,0.75,0.24251190298357378,-353181.79296875,6786928448.0
898,24982,17.490942,0.125,-0.03942726644458689,-360939.53515625,5952069632.0
899,25007,55.861744,0.52,0.0891263646373631,-354904.78125,6131003187.2
900,25020,6.699148,0.38461538461538464,0.272144467190439,-358697.92307692306,6757768585.846154
901,25040,42.931026,0.35,0.08825232442928276,-351756.83125,7099543897.6
902,25055,26.60721,0.4666666666666667,0.1611491894781255,-351616.69166666665,6484825344.0
903,25067,21.836142,0.6666666666666666,0.01109668067865549,-356442.3098958333,6550471338.666667
904,25076,18.432924,0.5555555555555556,0.11857424360133063,-356921.31944444444,5826349112.888889
905,25081,3.8036807,0.2,0.16421637466440447,-359448.18125,6296373452.8
906,25087,3.6910148,0.5,0.05409962885089993,-359835.078125,6557931605.333333
907,25100,25.03275,0.5384615384615384,0.11367794736776203,-358556.5408653846,6174193624.615385
908,25135,36.96849,0.4857142857142857,0.1275642736465209,-355355.6580357143,5912849744.457143
909,25141,-5.8785625,0.6666666666666666,0.26914087333817277,-358149.8489583333,6540222720.0
910,25160,15.623877,0.42105263157894735,0.18561523963041987,-361147.97532894736,5388162829.473684
911,25165,-5.393329,0.4,0.17608782482601565,-365025.68125,7401557401.6
912,25257,179.22119,0.5652173913043478,-0.05,-375968.89911684784,7513511142.956522
913,25282,56.07541,0.36,0.01113966816118351,-434037.8,9046941962.24
914,25378,99.67452,0.4791666666666667,0.028469285523771606,-424508.3453776042,9579132464.0
915,25387,18.52003,0.5555555555555556,0.0851837750000587,-423419.8229166667,9517969976.88889
916,25392,4.070037,0.4,0.21371494428674964,-418358.0,10274726092.8
917,25396,7.44722,0.25,0.014367647209708498,-427511.8046875,9565394816.0
918,25496,204.36676,0.54,0.95,-416628.256875,9190535091.2
919,25501,13.4668865,0.0,0.08386474671295417,-404013.025,7886322176.0
920,25508,3.7941194,0.2857142857142857,0.17704938842798174,-415142.96428571426,11010851181.714285
921,25608,84.51806,0.58,0.7776102325246863,-416834.0103125,9116839388.16
922,25611,5.6255665,0.0,0.23960324430597124,-430928.4895833333,7750766080.0
923,25711,219.3886,0.55,0.8847548828086577,-421064.2865625,8833803514.88
924,25811,205.10606,0.52,0.4078070010738517,-426085.1975,8795581009.92
925,25823,35.841614,0.5,-0.05,-440028.265625,7845468800.0
926,25912,66.139755,0.449438202247191,-0.05,-433577.12675561797,8808435136.7191
927,25928,39.01464,0.5625,-0.05,-436169.66796875,9455942624.0
928,25964,36.684956,0.4444444444444444,0.13331479091940107,-448806.91319444444,9988272384.0
929,26008,44.373756,0.5454545454545454,0.18831725336943028,-479018.60014204547,10467631557.818182
930,26108,202.9303,0.66,0.7840236809794137,-482677.8834375,10991318348.8
931,26208,218.62909,0.6,0.4212974538024632,-486295.9665625,11984817013.76
932,26240,84.3424,0.28125,-0.05,-508284.373046875,11558384704.0
933,26252,13.484009,0.5,-0.05,-531712.4166666666,13547776426.666666
934,26261,20.490557,0.4444444444444444,0.08721371592718356,-531250.6284722222,13015129088.0
935,26272,8.624447,0.5454545454545454,0.22418464685299772,-534563.9602272727,13174542289.454546
936,26309,73.55195,0.5135135135135135,0.08737166572441378,-537532.3116554054,13530080947.891891
937,26322,14.593357,0.46153846153846156,0.1099729997164904,-533715.7451923077,12075950473.846153
938,26335,12.860708,0.5384615384615384,0.05662645016819222,-539036.1923076923,13821143709.538462
939,26343,15.283248,0.625,0.09177749146762691,-529991.12109375,12641292800.0
940,26355,8.3475895,0.75,0.1563870327104816,-533983.6510416666,12870853632.0
941,26393,79.04264,0.34210526315789475,0.045332812932202884,-519069.3009868421,13730618799.157894
942,26493,150.20401,0.57,0.7624333833697069,-520317.0946875,12901936010.24
943,26539,93.52061,0.5434782608695652,-0.05,-529943.9884510869,13976743090.086956
944,26548,15.920833,0.6666666666666666,0.2724787327418779,-532026.1041666666,12682359921.777779
945,26620,110.49201,0.5277777777777778,0.296139426369236,-533180.4027777778,13729295516.444445
946,26638,21.049809,0.6111111111111112,-0.05,-559616.6597222222,15200545507.555555
947,26664,57.775845,0.5769230769230769,-0.0022727957238519864,-555452.9567307692,15710281570.461538
948,26727,122.01332,0.6349206349206349,0.19470909237366318,-548294.7589285715,15095946296.88889
949,26763,48.956474,0.4444444444444444,0.05720139232291438,-547916.0902777778,15368705280.0
950,26830,133.21858,0.5074626865671642,0.0894705036761446,-557568.8507462686,14756159319.880596
951,26838,21.854893,0.375,-0.05,-556928.5,15071745152.0
952,26858,17.215528,0.5,0.011186407374664073,-556836.428125,14186787993.6
953,26896,76.729996,0.5,0.03124162861045436,-558193.5559210526,14436209340.631578
954,26996,190.40895,0.66,0.9130140158280938,-562605.09375,14854233057.28
955,27048,111.362045,0.4423076923076923,0.19739467114430226,-567606.6189903846,15252844977.23077
956,27148,193.67613,0.61,0.5866588250946263,-574461.824375,14662912230.4
957,27248,189.23465,0.53,0.9673145327286341,-584964.115625,16476176711.68
958,27268,6.3790917,0.25,-0.002182606176437403,-589374.49375,17258643865.6
959,27274,14.836252,0.5,0.08019769575996301,-582685.1875,18233432064.0
960,27284,-3.0279183,0.6,0.22598963318011983,-595392.4375,15447448064.0
961,27307,20.505772,0.391304347826087,0.001970291902380933,-589690.3315217391,16614588015.304348
962,27407,160.76125,0.71,0.9840419275181758,-618645.181875,17648231413.76
963,27425,8.202046,0.5,0.1338234882512343,-628458.8298611111,17279523754.666668
964,27456,89.911156,0.5161290322580645,-0.023124016347779566,-639418.3870967742,18223044079.48387
965,27495,92.4554,0.4358974358974359,0.08931523248531865,-645012.9198717949,18173486132.51282
966,27595,187.86627,0.66,0.4659920969969547,-635858.4625,18693480898.56
967,27695,181.63777,0.7,0.4522532032060055,-644306.8875,18795588894.72
968,27718,53.807816,0.34782608695652173,-0.05,-657410.5923913043,20483728651.130436
969,27740,47.272552,0.5454545454545454,-0.05,-671249.2642045454,17811611717.81818
970,27746,12.271937,0.5,0.15039091257342918,-662994.53125,21184257365.333332
971,27763,42.04639,0.4117647058823529,-0.05,-654930.6066176471,21173607303.52941
972,27772,12.730329,0.2222222222222222,0.08425052030539783,-658119.6805555555,20342710044.444443
973,27803,65.81449,0.5161290322580645,0.06805969962019125,-656005.9475806452,20607277320.258064
974,27827,57.389484,0.4583333333333333,0.052900449772631794,-653736.4010416666,17048589610.666666
975,27927,179.23996,0.7,0.9560784418189227,-667283.861875,20205631559.68
976,27939,8.100787,0.5,0.24214095852670653,-682592.6302083334,22326856618.666668
977,27959,12.681656,0.65,0.25870848025825954,-694417.25,23352458086.4
978,28004,22.57579,0.4666666666666667,0.0966111363611948,-705026.7111111111,22259446715.733334
979,28056,37.86731,0.5961538461538461,0.0030082167198749385,-705269.0889423077,23157372790.153847
980,28063,12.889471,0.8571428571428571,0.29867314293622776,-715869.3571428572,20394628534.857143
981,28078,27.92013,0.4,0.03478078539930135,-722040.8333333334,21548364390.4
982,28178,179.89006,0.52,0.6891425092052732,-719751.4,23158440785.92
983,28231,119.99456,0.5283018867924528,0.10873611972960548,-725583.5908018867,23903456236.679245
984,28276,29.401146,0.6,0.13208587630692536,-726573.0916666667,24104252643.555557
985,28304,51.221886,0.39285714285714285,-0.05,-727050.8883928572,21763104000.0
986,28320,17.935486,0.625,0.040214060638672625,-726548.19140625,27916488192.0
987,28332,-2.0042205,0.5833333333333334,0.2564416793858473,-738336.1614583334,28465460565.333332
988,28374,39.741295,0.6190476190476191,0.20840635757793585,-732445.3645833334,23900207006.47619
989,28384,8.327934,0.3,0.11960735194746518,-741348.11875,24249434521.6
990,28389,7.7174187,0.6,0.2239950038450425,-759423.325,26992611532.8
991,28411,49.94345,0.45454545454545453,-0.01725657772897224,-758082.2897727273,28276000488.727272
992,28434,14.814024,0.5652173913043478,0.17360111624504304,-774289.304347826,26454340697.04348
993,28446,26.893284,0.5833333333333334,0.01881690992113126,-776652.0,25711874986.666668
994,28456,5.860113,0.5,0.010075557505286006,-761725.30625,25710743859.2
995,28478,48.056385,0.45454545454545453,0.07254246178211782,-767576.1931818182,26174909998.545456
996,28486,19.928913,0.25,0.08377458224825578,-779825.8046875,27832378624.0
997,28517,64.44099,0.6774193548387096,0.12502299427752672,-777223.7016129033,27854631803.870968
998,28531,22.969872,0.21428571428571427,-0.05,-796974.9151785715,31237911844.57143
999,28579,98.61357,0.5208333333333334,0.17282937929812586,-817186.53515625,29560407637.333332
1000,28581,1.5516855,0.5,0.25555254746710987,-845355.125,22442339328.0
1001,28587,11.064879,0.5,0.1844021168074101,-813101.9479166666,33267637248.0
1002,28638,28.546337,0.5294117647058824,0.023076583903141566,-814371.8455882353,30928424437.960785
1003,28738,201.01753,0.62,0.8721601322603842,-817399.50375,31225837383.68
1004,28838,180.12434,0.64,0.6540042897567182,-828145.36,32693580492.8
1005,28849,26.687824,0.5454545454545454,-0.007426093745590806,-851858.0681818182,35156040610.90909
1006,28861,23.60815,0.16666666666666666,0.028448859619700742,-854093.6041666666,29478107989.333332
1007,28875,7.152574,0.5,0.16052738511998355,-845479.3080357143,35286849828.57143
1008,28937,49.434853,0.5645161290322581,0.298739217140371,-862836.4989919355,33636077072.51613
1009,28942,10.726547,0.8,0.06452028513673395,-878271.3125,26943643648.0
1010,28947,10.018578,0.8,0.0759669963473474,-883848.4375,30977145651.2
1011,28964,19.686472,0.5294117647058824,0.223986499342341,-875557.3713235294,33302111533.17647
1012,29008,36.36574,0.6363636363636364,0.03186965747524753,-878861.8110795454,36013970245.818184
1013,29017,23.00219,0.3333333333333333,0.040787328498446795,-907209.1666666666,33565584042.666668
1014,29031,15.704274,0.5,0.19029544944050925,-911954.8348214285,39121054720.0
1015,29038,15.128956,0.5714285714285714,0.16759446161278008,-903671.0,41297336320.0
1016,29044,-0.45367813,0.3333333333333333,0.16223788224165642,-895934.0416666666,39822732629.333336
1017,29047,-3.1433258,0.3333333333333333,0.1538664911958606,-884841.8125,44962594816.0
1018,29059,17.436415,0.25,0.21105241259983182,-915456.109375,36523678549.333336
1019,29067,-2.2229004,0.375,0.2498421199901249,-901666.359375,43362185728.0
1020,29138,54.179195,0.4788732394366197,0.25355479046886825,-918480.1329225352,36956682874.59155
1021,29153,32.954746,0.4,0.09647673703500602,-914306.6208333333,40965536563.2
1022,29161,0.72845125,0.375,0.29157945383266154,-911384.140625,38656729600.0
1023,29169,9.427473,0.375,0.093858083783725,-931522.828125,35885834752.0
1024,29189,12.47652,0.4,0.19082722777255962,-924181.378125,41450800640.0
1025,29191,-1.2850146,0.0,0.21671185165555445,-920530.75,35901499392.0
1026,29202,25.0001,0.45454545454545453,-0.01346305367858297,-919183.1704545454,38730362507.63636
1027,29212,13.9905,0.3,0.2867967934738054,-919030.71875,38186382131.2
1028,29228,5.8489947,0.5,0.17280060347109372,-935978.984375,35213045504.0
1029,29234,13.08279,0.6666666666666666,0.08156857602180097,-942402.4479166666,34119168341.333332
1030,29243,7.2481217,0.3333333333333333,0.07025306509122826,-953741.5,43804218254.22222
1031,29299,126.72153,0.5178571428571429,0.07178374941144668,-969546.8805803572,47275365814.85714
1032,29308,-0.76158094,0.2222222222222222,0.19473279434802465,-986028.5833333334,50336402545.77778
1033,29317,20.143957,0.5555555555555556,-0.01760242465792465,-998194.5972222222,49975467121.77778
1034,29322,11.808107,1.0,0.09622747929439816,-1015429.075,42338433433.6
1035,29337,8.86828,0.4,0.155465787025105,-989607.925,47106347690.666664
1036,29352,0.39088726,0.4,0.2959840765474379,-983680.0958333333,52010881843.2
1037,29364,26.209051,0.5833333333333334,0.1628065492418248,-982073.2760416666,45609843029.333336
1038,29407,26.301788,0.5348837209302325,0.005372324244760425,-971594.2936046511,48184549376.0
1039,29420,29.989876,0.23076923076923078,0.13996546382790676,-982442.8365384615,50347501095.38461
1040,29424,-5.5973735,0.5,0.18794775214527087,-972609.25,58693285888.0
1041,29441,12.083812,0.23529411764705882,0.05767192130581808,-989919.2536764706,44940520990.117645
1042,29448,5.1499586,0.5714285714285714,0.15702022880999156,-992296.4642857143,49213490322.28571
1043,29466,17.613033,0.5,0.029987682240565597,-993733.8958333334,47350459278.22222
1044,29491,50.36696,0.56,0.08524583101572288,-1001441.1825,50302926848.0
1045,29508,35.760666,0.47058823529411764,-0.02460122391579607,-1016770.3419117647,46302217155.76471
1046,29524,34.688816,0.4375,0.14812992425344856,-1012229.89453125,52111014912.0
1047,29529,-3.4798346,0.0,0.2018001327734233,-1018184.925,47541526528.0
1048,29627,132.29436,0.5306122448979592,0.01329050444472489,-1029811.0554846938,50932748476.081635
1049,29635,-2.6165795,0.625,0.03134601060876352,-1040995.0390625,48445017344.0
1050,29645,3.3677688,0.4,0.28638509343883256,-1032765.15,53269745664.0
1051,29660,35.828346,0.4666666666666667,-0.05,-1033877.2166666667,52254940910.933334
1052,29674,1.068676,0.2857142857142857,0.29092719380996396,-1035794.9375,52458983131.42857
1053,29702,20.175934,0.5,0.09368057518625071,-1040138.1116071428,50136916992.0
1054,29713,-0.9777651,0.45454545454545453,0.22804320084140606,-1064965.7386363635,52645825815.27273
1055,29813,108.23933,0.48,0.17675473922161838,-1104008.998125,61159232225.28
1056,29817,6.2809763,0.5,0.07011865278932425,-1126708.4375,55376478208.0
1057,29821,11.940231,0.5,0.1751834640691881,-1125855.625,68562414592.0
1058,29832,23.638796,0.45454545454545453,-0.05,-1145262.5,65129205015.27273
1059,29841,12.783473,0.1111111111111111,0.053897397618879725,-1146722.8055555555,68490285056.0
1060,29865,8.403056,0.3333333333333333,0.12493514821869216,-1154433.953125,61727978325.333336
1061,29914,35.339874,0.4489795918367347,0.16629438939866575,-1163116.857142857,67679079946.44898
1062,29927,11.316977,0.6923076923076923,-0.05,-1162597.7788461538,55435320083.69231
1063,29933,-2.5130777,0.6666666666666666,0.13125915029281526,-1188334.8958333333,57205721088.0
1064,29956,55.484375,0.43478260869565216,0.01124102018872318,-1193946.581521739,61137294469.565216
1065,29968,27.94683,0.4166666666666667,0.095308744987584,-1186478.8125,62963275093.333336
1066,29975,10.180425,0.14285714285714285,0.0890497887613748,-1175832.767857143,70765333942.85715
1067,29990,-3.6752367,0.4666666666666667,-0.05,-1187898.7416666667,76458468693.33333
1068,29999,-2.7256126,0.5555555555555556,0.2412811675344818,-1197573.8055555555,74570884892.44444
1069,30014,0.1136446,0.5333333333333333,0.06938639234618353,-1206184.6833333333,70506471424.0
1070,30026,25.170118,0.4166666666666667,0.06142789431256211,-1210957.71875,64962158592.0
1071,30040,24.100744,0.21428571428571427,-0.05,-1206744.1517857143,76499604626.28572
1072,30044,8.0973625,0.5,0.16821179205710332,-1220225.125,61346644992.0
1073,30053,-4.127707,0.2222222222222222,-0.05,-1227061.4583333333,77264924672.0
1074,30065,25.846098,0.3333333333333333,0.007880747540217663,-1219983.5833333333,80457393834.66667
1075,30079,0.8893442,0.35714285714285715,0.2283832141214368,-1238085.794642857,74622481261.71428
1076,30158,88.957756,0.5949367088607594,0.19362026851871217,-1247321.1930379746,73006994756.05063
1077,30238,178.99753,0.45,0.0,-1274156.63125,75898746752.0
1078,30265,60.15282,0.4074074074074074,0.0,-1290504.0740740742,81668322493.62962
1079,30289,16.753965,0.3333333333333333,-0.05,-1302611.4322916667,81902109525.33333
1080,30386,105.74323,0.4845360824742268,0.03239310424267559,-1306091.2886597938,81686259521.97939
1081,30398,26.178541,0.5833333333333334,0.05,-1321884.4270833333,81462923946.66667
1082,30417,2.3589315,0.631578947368421,0.08287558342130406,-1344625.5592105263,78530811149.47368
1083,30433,38.729263,0.4375,0.03124514556676619,-1341573.7109375,84116349440.0
1084,30438,-4.4450054,0.6,0.21231185938507752,-1355877.275,91153779916.8
1085,30444,2.8051312,0.6666666666666666,-0.022404482428682336,-1358670.5625,95719499093.33333
1086,30458,6.3159094,0.42857142857142855,-0.05,-1341093.5892857143,91783933366.85715
1087,30464,14.95293,0.16666666666666666,0.1527487496664509,-1355636.2708333333,83610931882.66667
1088,30493,65.45907,0.4827586206896552,0.09345941906228976,-1360337.75,82568268270.34483
1089,30530,82.727325,0.40540540540540543,-0.04254354226644791,-1364152.929054054,82774176961.72974
1090,30536,4.5239267,0.6666666666666666,0.18919173225659375,-1369330.6041666667,75334153557.33333
1091,30544,16.457691,1.0,-0.0020385950434747557,-1388097.890625,83109500928.0
1092,30582,22.569365,0.5263157894736842,0.29226648708290615,-1388299.3157894737,85495348062.3158
1093,30652,150.74883,0.5428571428571428,-0.005433224116917712,-1408051.3625,90784794272.91429
1094,30674,48.44584,0.4090909090909091,-0.033255973792110455,-1413176.2215909092,99979439755.63637
1095,30682,-4.641584,0.5,0.241094324022736,-1419123.59375,97265317888.0
1096,30697,20.649103,0.3333333333333333,-0.025857787451396275,-1437074.9,93232204458.66667
1097,30797,208.70016,0.56,0.3673362154740092,-1440443.69625,105914559733.76
1098,30834,28.045374,0.5675675675675675,0.017577833603771506,-1449842.3310810812,100090577892.32433
1099,30862,56.266163,0.5357142857142857,0.0202285114529568,-1464395.892857143,102033612214.85715
1100,30873,24.77132,0.45454545454545453,0.08699240768412835,-1457956.1022727273,104971352250.18182
1101,30876,-5.093393,0.3333333333333333,0.24073383789405628,-1435203.6666666667,79470256128.0
1102,30976,214.22217,0.56,0.4667785864925675,-1480374.51625,108092862177.28
1103,31009,62.23679,0.3939393939393939,0.07641354732641649,-1498333.5151515151,110144677081.21213
1104,31026,35.850605,0.5294117647058824,0.07461287944512529,-1504979.6029411764,112891813888.0
1105,31031,4.3798037,0.6,0.14704690552395738,-1506294.65,130278888243.2
1106,31041,20.388823,0.4,0.15,-1503898.0,130616918016.0
1107,31093,46.285423,0.46153846153846156,-0.05,-1557045.5504807692,114709175532.3077
1108,31114,33.665775,0.6666666666666666,0.17205469932052747,-1637340.0238095238,143508602099.8095
1109,31165,104.339226,0.5490196078431373,0.15960665162090887,-1662484.0882352942,136048866966.58824
1110,31189,21.353045,0.5,0.1433125093958743,-1667399.4583333333,133333542912.0
1111,31289,205.97705,0.49,0.657314921847782,-1671472.80375,143731973898.24
1112,31356,109.455124,0.6119402985074627,0.29546511342957393,-1682102.7052238807,143192982726.68655
1113,31427,162.42433,0.49295774647887325,0.08180550906733323,-1753885.3591549296,148338556004.95773
1114,31434,15.728166,0.5714285714285714,0.1596137766438704,-1764998.1964285714,172001429796.57144
1115,31445,5.125002,0.2727272727272727,0.022756082615405696,-1786343.9090909092,161077945809.45456
1116,31459,18.470472,0.35714285714285715,0.00534782785775674,-1799930.4464285714,155544494080.0
1117,31480,46.21216,0.5714285714285714,-0.047989360414333146,-1804155.7202380951,171473864216.38095
1118,31527,31.29417,0.5531914893617021,0.1273630819225866,-1831505.3829787234,169236427884.93616
1119,31541,17.512629,0.21428571428571427,0.17659343412861672,-1834784.6160714286,191742040941.7143
1120,31547,9.340449,0.5,0.19718539385037887,-1861884.9375,156275631445.33334
1121,31576,68.4656,0.2413793103448276,0.024018433453887836,-1863744.0431034483,160042161399.17242
1122,31609,83.60905,0.5151515151515151,0.04773643994661787,-1873821.4924242424,178621387620.84848
1123,31618,19.901587,0.2222222222222222,0.006740090210927627,-1883770.1527777778,175377698360.8889
1124,31625,3.745543,0.0,0.28406886134227827,-1881340.8035714286,166619690715.42856
1125,31638,21.97518,0.5384615384615384,0.2754583568409605,-1886520.3173076923,180386783232.0
1126,31661,7.789711,0.17391304347826086,0.12210082597983084,-1902925.472826087,186859559179.13043
1127,31669,6.3718615,0.375,0.0,-1883977.28125,178161801216.0
1128,31692,47.71345,0.5217391304347826,-0.028158247862037092,-1917720.625,170317483853.91306
1129,31720,16.454956,0.42857142857142855,-0.018991886437373418,-1932835.3392857143,159198712393.14285
1130,31725,-3.6130276,0.6,0.09082153437163429,-1930732.225,194810327859.2
1131,31735,21.3621,0.6,0.11372415272601687,-1923921.825,163491076505.6
1132,31747,8.414605,0.4166666666666667,0.12959786417449165,-1939283.3229166667,205183377408.0
1133,31760,4.1440396,0.38461538461538464,-0.0445051266019484,-1952055.0576923077,189731511689.84616
1134,31772,16.237812,0.5,0.14991932151540266,-1952708.1041666667,204096866986.66666
1135,31779,6.7066135,0.8571428571428571,0.06641869424855704,-1960964.3392857143,206432885613.7143
1136,31800,32.925545,0.3333333333333333,-0.026996988323077856,-1943195.2916666667,177815712329.14285
1137,31811,11.599292,0.7272727272727273,0.06187413916960116,-1949543.5681818181,198884263377.45456
1138,31898,71.085075,0.4482758620689655,0.019267015428647408,-1977907.0775862068,198363758121.1954
1139,31903,11.657278,0.2,0.14395201318934087,-2011100.2,236630579609.6
1140,31977,168.0645,0.581081081081081,0.09118501908098162,-2005635.5945945946,187361294280.64865
1141,31988,11.040817,0.36363636363636365,0.0019662824296497253,-2006183.4545454546,210215525655.27274
1142,32021,34.173676,0.3939393939393939,0.06956882257432828,-2002841.1401515151,206247370752.0
1143,32025,3.1443253,0.25,0.2769514600026535,-2005387.0,259954798592.0
1144,32057,36.087425,0.59375,0.16012583598624214,-2016245.43359375,198045393920.0
1145,32065,8.553443,0.25,0.0,-2037816.296875,194989895680.0
1146,32072,14.939822,0.5714285714285714,0.17138468132516776,-2038119.5714285714,176364952429.7143
1147,32132,133.12726,0.5833333333333334,-0.0281435696779977,-2045324.6583333334,213196836727.46667
1148,32151,20.07022,0.5789473684210527,0.15926530810752146,-2077365.2828947369,221673183124.21054
1149,32168,11.621647,0.5294117647058824,0.2850499878972277,-2111169.8088235296,222677136564.70587
1150,32268,175.30617,0.55,0.7077755522978877,-2208459.7525,243773168107.52
1151,32288,23.679071,0.45,0.29015297298500425,-2239648.7375,258933824716.8
1152,32388,183.38045,0.5,0.33239799557745053,-2219879.925,250834731909.12
1153,32414,55.70852,0.38461538461538464,0.053814615481895506,-2259282.5096153845,244204831980.30768
1154,32426,30.931725,0.4166666666666667,0.0016769164360430217,-2269865.5833333335,298411533653.3333
1155,32436,-1.5710173,0.4,0.16833996809917962,-2297188.05,255371014963.2
1156,32449,28.95869,0.38461538461538464,0.06636446142903962,-2303834.4423076925,275254334385.2308
1157,32455,3.3138146,0.6666666666666666,0.1730676649968011,-2291805.4166666665,296217799338.6667
1158,32477,48.90066,0.5909090909090909,0.04131293859016413,-2314733.0454545454,284489301271.2727
1159,32484,18.806396,1.0,0.006422029209694974,-2308786.4285714286,275476587666.2857
1160,32500,31.81316,0.625,0.13225641189784548,-2326453.0625,268918920192.0
1161,32512,24.34171,0.25,0.10556886615820853,-2324467.3541666665,259028454058.66666
1162,32557,101.933304,0.5111111111111111,0.08793917376403658,-2337294.2444444443,253881813856.71112
1163,32577,48.33769,0.5,0.09802566523124283,-2337434.825,278730570956.8
1164,32636,127.22308,0.3898305084745763,-0.05,-2367352.495762712,277473309991.05084
1165,32665,45.508,0.3793103448275862,-0.009061299575528273,-2364531.956896552,291351251720.8276
1166,32695,41.023685,0.5333333333333333,0.20446935046498338,-2394415.275,314321502754.13336
1167,32706,12.816303,0.45454545454545453,0.14107643163254224,-2483669.3636363638,255808935749.81818
1168,32728,42.024715,0.45454545454545453,-0.02470476865890118,-2487364.659090909,340309216162.9091
1169,32800,82.285904,0.5972222222222222,0.1281434035002808,-2490861.7569444445,312157937208.8889
1170,32857,37.830036,0.543859649122807,0.10209481963808627,-2544089.9736842103,316821283534.5965
1171,32866,24.299978,0.1111111111111111,0.093098032200968,-2565367.5555555555,314975331214.2222
1172,32871,7.4476666,0.6,0.1838484801527034,-2567169.85,328203612979.2
1173,32901,20.546648,0.4666666666666667,0.16332498078757812,-2581276.341666667,323732328721.06665
1174,32915,33.48985,0.5,0.11466845342799638,-2592841.464285714,342481103140.5714
1175,32986,157.55385,0.4084507042253521,0.055818608232970024,-2587815.9859154928,351690389705.91547
1176,32998,23.542486,0.3333333333333333,0.08447616053988806,-2563841.8958333335,352582879914.6667
1177,33006,18.251059,0.25,0.037521003649038084,-2586153.59375,321790263296.0
1178,33028,49.29212,0.5454545454545454,0.06358209878247575,-2601401.340909091,356899019310.5455
1179,33067,50.764847,0.5641025641025641,0.27722597404827004,-2625481.9743589745,351287974045.53845
1180,33120,119.23482,0.5849056603773585,-0.05,-2679116.0188679243,354829633342.7925
1181,33142,47.41326,0.5454545454545454,-0.05,-2675982.9204545454,374435101230.5455
1182,33154,27.131626,0.25,0.0684400632434757,-2690918.5208333335,362216022016.0
1183,33179,13.553766,0.44,0.15629008082263074,-2704939.34,359301051842.56
1184,33213,77.45795,0.5,-0.0024095242700854225,-2740578.661764706,379131041912.4706
1185,33229,27.179907,0.5,-0.038857183720255734,-2769493.25,408060215296.0
1186,33234,9.92076,0.0,0.18897420139140592,-2798693.85,395784342732.8
1187,33244,9.703212,0.4,0.1362818052839576,-2796892.7,357424252518.4
1188,33258,6.7087383,0.5,0.2786083814331731,-2771046.0714285714,449265120987.4286
1189,33264,11.226192,0.16666666666666666,0.09959487187021324,-2774501.0416666665,425368169130.6667
1190,33281,35.05295,0.47058823529411764,0.19992511313449313,-2814864.338235294,403183439631.05884
1191,33345,41.25693,0.578125,0.13004822837457652,-2830368.90234375,386296169728.0
1192,33395,23.458996,0.54,0.0,-2905588.135,426414838251.52
1193,33423,61.960052,0.6428571428571429,0.07849821640871683,-3055878.3214285714,507333241124.5714
1194,33432,3.4527109,0.6666666666666666,0.08571872842092294,-3094967.722222222,541872477525.3333
1195,33435,5.9469304,0.6666666666666666,0.28651916880418404,-3098617.5,504886307498.6667
1196,33444,19.484219,0.1111111111111111,0.19701275149755937,-3100501.1666666665,539088227896.8889
1197,33455,24.44071,0.6363636363636364,0.02538471933599236,-3106366.727272727,486224548212.36365
1198,33469,33.65841,0.7142857142857143,0.06992823930484329,-3131880.5,484830382372.5714
1199,33493,29.816807,0.5833333333333334,-0.05,-3118427.5104166665,513259038037.3333
1200,33496,7.0008454,0.6666666666666666,0.18626497814714804,-3173529.5833333335,507871668906.6667
1201,33501,11.145077,0.2,-0.02893548711885152,-3117904.85,437554269388.8
1202,33510,4.5943623,0.5555555555555556,0.09023917596480537,-3142219.6666666665,526239625671.1111
1203,33515,10.972166,0.8,0.26326169741930544,-3157477.35,552810341990.4
1204,33524,21.402596,0.4444444444444444,0.07415897231424914,-3114832.8333333335,495607822563.55554
1205,33540,36.278008,0.375,-0.022686294234003576,-3107757.453125,562607306752.0
1206,33555,24.3886,0.26666666666666666,0.19715669706230832,-3106098.1666666665,477961524565.3333
1207,33558,5.0466843,1.0,0.11807103713547322,-3092548.3333333335,574166127957.3334
1208,33571,31.295805,0.5384615384615384,-0.05,-3079266.4615384615,539266613248.0
1209,33595,16.621008,0.4166666666666667,0.017787397139148828,-3115432.875,491734709589.3333
1210,33607,13.446534,0.5833333333333334,0.0018748729902677147,-3096941.5,544508376405.3333
1211,33614,14.65767,0.7142857142857143,0.11732186736068335,-3119027.9285714286,443589609764.5714
1212,33623,16.68712,0.5555555555555556,-0.05,-3110234.8333333335,476438824732.44446
1213,33631,10.929481,0.375,0.1890898015259745,-3101942.46875,508745035776.0
1214,33638,14.420788,0.2857142857142857,0.15746426196478663,-3120848.9285714286,514221225691.4286
1215,33661,30.164701,0.4782608695652174,0.1645236562463126,-3094313.336956522,519663650192.6957
1216,33669,15.051144,0.625,0.14872195053043835,-3116132.46875,542570106880.0
1217,33672,-1.5193262,0.0,0.14130428435383502,-3084518.0833333335,398538156714.6667
1218,33678,3.994865,0.5,-0.03402135789161582,-3097170.9583333335,585129082880.0
1219,33704,44.84138,0.6153846153846154,0.04481050084875586,-3104190.125,531652248812.3077
1220,33713,6.7015495,0.4444444444444444,0.07331336029370557,-3138526.111111111,517434383473.7778
1221,33718,2.9116879,0.4,0.09359436819617784,-3135762.75,540952834867.2
1222,33737,40.665947,0.47368421052631576,0.0921244257406753,-3143325.710526316,504027528353.6842
1223,33753,40.01113,0.4375,0.09486342860548289,-3140302.109375,572346298368.0
1224,33797,81.32408,0.4318181818181818,0.23848563713247767,-3181834.6988636362,483971088384.0
1225,33805,13.904264,0.5,0.2727440102131247,-3202980.375,459030560768.0
1226,33817,16.120533,0.5,0.0,-3206528.6041666665,472831930368.0
1227,33846,71.45703,0.4482758620689655,0.04764625373479851,-3184810.025862069,527978459842.2069
1228,33887,80.54072,0.4146341463414634,0.052204574843072324,-3193910.2073170734,530124171413.85364
1229,33897,20.329037,0.7,0.11446224604360751,-3192134.75,504141517619.2
1230,33912,40.739826,0.4666666666666667,0.05837925457606816,-3228727.566666667,523209795174.4
1231,33946,25.0579,0.4117647058823529,-0.05,-3199912.904411765,588438311634.8235
1232,33962,27.074415,0.6875,0.17551848472561626,-3209861.765625,511995138048.0
1233,33968,1.1060381,0.3333333333333333,0.20598053303504732,-3255124.5833333335,402202154325.3333
1234,34006,64.27601,0.5526315789473685,0.1785228573206622,-3244542.7565789474,518153902834.5263
1235,34010,5.2070312,0.5,0.09961825314599147,-3267118.5625,624644038656.0
1236,34062,92.33782,0.5384615384615384,0.029828594511507225,-3254942.985576923,580707895138.4615
1237,34089,18.069218,0.2962962962962963,0.16574863301574416,-3261739.925925926,559754665680.5927
1238,34108,31.38474,0.631578947368421,-0.04804186280097736,-3345920.052631579,552051679663.1578
1239,34114,8.903277,0.3333333333333333,0.2936712951328754,-3335762.4166666665,548954677248.0
1240,34133,45.882435,0.631578947368421,-0.05,-3350776.302631579,603768650051.3684
1241,34141,1.947938,0.5,0.24882083558737744,-3328725.375,563306590208.0
1242,34153,7.238064,0.3333333333333333,0.14264514996519723,-3357572.8958333335,534745871701.3333
1243,34192,49.185925,0.5897435897435898,0.05968190424808645,-3404004.7756410255,592022097604.9231
1244,34196,2.913361,0.25,0.11412753921754347,-3425846.8125,455188766720.0
1245,34251,104.6219,0.6909090909090909,0.07874518194153135,-3462699.2772727273,636010653882.1818
1246,34351,190.1679,0.58,0.83333611820243,-3535106.91,614891282759.68
1247,34368,26.9921,0.5882352941176471,0.19326257825053178,-3529403.5588235296,623828471567.0588
1248,34380,28.410036,0.6666666666666666,0.1247566595255246,-3583230.7083333335,591660744704.0
1249,34383,1.8044379,0.3333333333333333,0.13781287658416458,-3708182.3333333335,568166099626.6666
1250,34411,51.61894,0.2857142857142857,0.03541080300920452,-3595610.5714285714,582245439195.4286
1251,34465,73.332214,0.5740740740740741,0.026632013791065126,-3613612.8657407407,676906992222.8148
1252,34565,185.36928,0.67,0.34163309490888705,-3685268.0025,668941547929.6
1253,34602,48.193546,0.3783783783783784,0.12072920831447202,-3713491.810810811,658841526493.4054
1254,34616,7.549399,0.2857142857142857,0.17324798007018577,-3738148.535714286,783930790473.1428
1255,34649,42.263237,0.5454545454545454,0.2563155141565808,-3761315.4393939395,653815083132.1212
1256,34661,10.133699,0.4166666666666667,0.13405641288522063,-3738387.125,694786075306.6666
1257,34666,7.837226,0.4,0.23860370206040893,-3790545.8,809978717798.4
1258,34758,182.17532,0.5652173913043478,-0.040298132381457935,-3767254.0679347827,719983988201.7391
1259,34785,29.08305,0.48148148148148145,0.2457741498189307,-3823685.212962963,723698677380.7407
1260,34790,5.6197476,0.2,0.292253937464713,-3801502.55,696106044620.8
1261,34799,19.735062,0.3333333333333333,-0.022212922327951336,-3858216.138888889,684733881457.7778
1262,34841,69.51515,0.40476190476190477,0.11800801218378539,-3839593.0416666665,784156374747.4286
1263,34846,2.9153323,0.8,0.19940846443459642,-3864104.5,669924524032.0
1264,34861,10.654885,0.3333333333333333,0.0981090294714259,-3854875.6,708117819118.9333
1265,34880,44.814465,0.47368421052631576,-0.05,-3888214.5921052634,752611157261.4736
1266,34894,-1.4017887,0.5,0.12048860566143378,-3869730.535714286,836011053641.1428
1267,34955,112.565926,0.639344262295082,-0.05,-3900369.9221311477,766897269239.6066
1268,34990,28.327778,0.4857142857142857,0.046918833163589316,-3951304.064285714,703708788911.5428
1269,35034,68.50861,0.5454545454545454,0.18215401193516106,-3940365.1363636362,774769490478.5454
1270,35068,70.924545,0.6764705882352942,0.10216376894933532,-3959893.3161764704,738764664109.1765
1271,35163,192.3223,0.5894736842105263,0.13689762376819148,-3974546.2868421054,805567134709.2211
1272,35263,182.11482,0.65,0.9409863520846207,-4045211.93,808797570990.08
1273,35280,29.741877,0.8823529411764706,0.19221431519291937,-4072635.25,910845922123.2941
1274,35351,79.36909,0.5492957746478874,-0.05,-4112693.5140845072,854906037031.662
1275,35373,39.613804,0.5,0.043717279819245045,-4124608.7613636362,833518486993.4546
1276,35384,25.204916,0.09090909090909091,0.06305166791813514,-4150863.3636363638,888186512104.7273
1277,35423,12.825682,0.38461538461538464,0.14260146513877764,-4164511.1025641025,912134106190.7693
1278,35435,14.674592,0.3333333333333333,0.06157760676241188,-4177877.875,906501772629.3334
1279,35444,8.666369,0.4444444444444444,0.1764627250738509,-4195712.277777778,1022865819420.4445
1280,35462,14.7558975,0.5,-0.02738092994235032,-4189279.0833333335,833490102954.6666
1281,35511,69.647606,0.3673469387755102,0.016699072010762886,-4231031.0612244895,868056958265.4694
1282,35553,60.594357,0.5714285714285714,0.07902785819619632,-4219064.851190476,950499686107.4286
1283,35576,48.53705,0.34782608695652173,0.023537312136895513,-4249998.934782608,837249306802.0869
1284,35594,12.02261,0.6666666666666666,0.19375440927043436,-4276949.111111111,917828009984.0
1285,35608,7.8906665,0.5,0.1347676255054368,-4254417.928571428,867227926528.0
1286,35636,54.612762,0.5,0.28439932804247803,-4251011.544642857,968707886518.8572
1287,35736,200.63736,0.57,0.293266325375201,-4297604.275,889284771840.0
1288,35773,82.68982,0.5945945945945946,0.05,-4308644.108108108,925910920883.8918
1289,35778,8.748446,0.2,0.280466552121563,-4336759.9,772786048204.8
1290,35820,85.81458,0.5952380952380952,0.24499198417904822,-4357852.232142857,903288380269.7142
1291,35831,15.738307,0.45454545454545453,0.011198399028437313,-4331052.636363637,973643335121.4546
1292,35885,108.775276,0.5925925925925926,0.15846483162196653,-4409637.37037037,850034187984.5927
1293,35941,123.859184,0.48214285714285715,0.030888527914124116,-4433926.232142857,925844790125.7142
1294,35975,61.157413,0.5,0.24983283932964134,-4435474.485294118,1032318854565.6471
1295,35989,27.427286,0.35714285714285715,0.1435953567863475,-4474460.321428572,946162125092.5714
1296,36089,173.1423,0.53,0.9895279644230799,-4487780.83,964910220902.4
1297,36107,19.557945,0.5555555555555556,0.07767855236694869,-4539767.638888889,1061292153969.7778
1298,36176,138.49043,0.5797101449275363,0.22880208835511234,-4550220.920289855,989737438697.7391
1299,36210,22.90182,0.5882352941176471,0.14849896742160945,-4591952.897058823,1005623740295.5294
1300,36221,13.119852,0.6363636363636364,0.15130251707997372,-4596244.7272727275,1137815316666.182
1301,36229,17.14733,0.25,0.21072966092672424,-4592336.4375,1053675200512.0
1302,36329,193.36021,0.59,0.8990362964602339,-4636188.525,1037831659192.32
1303,36356,48.895473,0.4444444444444444,0.05290581156806441,-4694362.703703703,967643750096.5927
1304,36388,44.721638,0.4375,0.23409806078730966,-4700584.203125,986897803264.0
1305,36488,182.2191,0.6,0.8077547095748753,-4755145.18,1114157748387.84
1306,36588,176.39302,0.48,0.7634099472209827,-4823308.79,1106499528622.08
1307,36688,210.10083,0.54,0.21931486666927102,-4873155.79,1185293531217.92
1308,36788,181.635,0.69,0.35293650423394546,-4940659.04,1178891476008.96
1309,36888,196.19458,0.61,0.516618874297008,-5018085.42,1231894988062.72
1310,36905,14.459,0.5294117647058824,-0.05,-5077753.676470588,1275780383683.7646
1311,36916,20.639814,0.5454545454545454,0.16053261293583027,-5065887.863636363,1234686872482.9092
1312,36962,83.247505,0.5652173913043478,0.05392106677081812,-5093800.326086956,1206526431410.087
1313,37062,193.52486,0.62,0.6471172543943415,-5157595.425,1220332233359.36
1314,37075,26.746836,0.3076923076923077,0.023440202732558355,-5140695.923076923,1347321392206.7693
1315,37150,139.44441,0.5066666666666667,0.12182141742397033,-5208887.833333333,1269402607725.2266
1316,37250,155.03473,0.56,0.8290371912567871,-5282743.16,1352434028380.16
1317,37300,83.664085,0.54,-0.001731875322885837,-5360670.78,1276797702635.52
1318,37348,103.55425,0.4583333333333333,0.008251311525170682,-5363084.364583333,1438721699840.0
1319,37372,19.136534,0.5,0.11838024694691347,-5418910.0,1410421232981.3333
1320,37436,136.05354,0.53125,0.07663906537967173,-5454600.8359375,1321752266752.0
1321,37443,5.7133837,0.14285714285714285,0.14778422180894735,-5527793.642857143,1321914625462.8572
1322,37487,80.20294,0.4772727272727273,0.05157743178118913,-5452082.8522727275,1578602902621.0908
1323,37560,86.32331,0.5753424657534246,0.07753826759569164,-5530863.48630137,1442831228591.3425
1324,37579,39.412117,0.6842105263157895,0.04836168875139499,-5565093.184210527,1524557421298.5264
1325,37679,196.85974,0.53,0.4502265418022548,-5617057.31,1513624278138.88
1326,37691,32.40317,0.4166666666666667,0.06204609154467801,-5676330.5,1553193915733.3333
1327,37768,84.57831,0.5194805194805194,0.17306467019537064,-5726886.474025974,1522236451853.2986
1328,37783,40.584736,0.4666666666666667,-0.05,-5784393.133333334,1385884588441.6
1329,37790,14.712199,0.2857142857142857,0.2784487762393694,-5705534.357142857,1360802517577.1428
1330,37797,12.086955,0.42857142857142855,0.2701178156504221,-5737643.714285715,1573688798646.8572
1331,37820,19.654016,0.4782608695652174,0.15439982723401496,-5805628.152173913,1435849024556.5217
1332,37854,15.653448,0.5294117647058824,0.1345475304443426,-5793910.279411765,1601169164167.5293
1333,37921,147.00864,0.6417910447761194,0.08571552535852776,-5813849.888059702,1593480973174.4478
1334,37974,89.45571,0.6981132075471698,0.013949093967761436,-5875608.094339622,1697467610401.8113
1335,38044,139.60245,0.5,0.1597550515690896,-5957401.535714285,1573225725952.0
1336,38075,29.762398,0.5483870967741935,0.1328005905714038,-5989179.725806451,1600998814092.3872
1337,38086,23.245352,0.6363636363636364,0.24360162711561828,-6085060.045454546,1698004610699.6365
1338,38150,119.53532,0.59375,0.09716689232010094,-6079053.4296875,1667005445120.0
1339,38164,23.609657,0.5,0.05949097295146437,-6070551.714285715,2163242041344.0
1340,38207,58.676826,0.5348837209302325,0.0980498653061219,-6117749.965116279,1660125168759.0698
1341,38213,10.067138,0.3333333333333333,0.28805419185949577,-6171395.333333333,1645578158080.0
1342,38313,192.60411,0.54,0.4252349298420879,-6189072.29,1853464241766.4
1343,38317,7.6373887,0.25,0.11285809909059262,-6280403.5,1310396153856.0
1344,38417,196.42805,0.64,1.0,-6308815.795,1880320418119.68
1345,38426,22.871098,0.5555555555555556,0.0,-6289554.0,2068299127921.7778
1346,38449,36.834602,0.2608695652173913,0.16485363698097405,-6343227.630434782,1872346167206.9565
1347,38549,176.90758,0.64,0.6447750676662639,-6415471.84,2001546804592.64
1348,38623,148.56668,0.6081081081081081,0.1109393685970096,-6520184.777027027,2007395926901.6216
1349,38641,41.915714,0.3888888888888889,0.2760438479939089,-6570345.361111111,1826527077262.2222
1350,38674,41.02431,0.45454545454545453,0.0,-6540198.515151516,2161111716212.3635
